ISO-10303-21;
HEADER;
FILE_DESCRIPTION(('Open CASCADE Model'),'2;1');
FILE_NAME('Open CASCADE Shape Model','2026-06-07T13:02:45',('Author'),(
    'Open CASCADE'),'Open CASCADE STEP processor 7.7','Open CASCADE 7.7'
  ,'Unknown');
FILE_SCHEMA(('AUTOMOTIVE_DESIGN { 1 0 10303 214 1 1 1 1 }'));
ENDSEC;
DATA;
#1 = APPLICATION_PROTOCOL_DEFINITION('international standard',
  'automotive_design',2000,#2);
#2 = APPLICATION_CONTEXT(
  'core data for automotive mechanical design processes');
#3 = SHAPE_DEFINITION_REPRESENTATION(#4,#10);
#4 = PRODUCT_DEFINITION_SHAPE('','',#5);
#5 = PRODUCT_DEFINITION('design','',#6,#9);
#6 = PRODUCT_DEFINITION_FORMATION('','',#7);
#7 = PRODUCT('Open CASCADE STEP translator 7.7 307',
  'Open CASCADE STEP translator 7.7 307','',(#8));
#8 = PRODUCT_CONTEXT('',#2,'mechanical');
#9 = PRODUCT_DEFINITION_CONTEXT('part definition',#2,'design');
#10 = ADVANCED_BREP_SHAPE_REPRESENTATION('',(#11,#15),#7838);
#11 = AXIS2_PLACEMENT_3D('',#12,#13,#14);
#12 = CARTESIAN_POINT('',(0.,0.,0.));
#13 = DIRECTION('',(0.,0.,1.));
#14 = DIRECTION('',(1.,0.,-0.));
#15 = MANIFOLD_SOLID_BREP('',#16);
#16 = CLOSED_SHELL('',(#17,#105,#527,#581,#854,#931,#1000,#1005,#1055,
    #1132,#1201,#1206,#1256,#1353,#1402,#1486,#1513,#1562,#1646,#1673,
    #3208,#3243,#3278,#3305,#3913,#3940,#4265,#4575,#4620,#4832,#4882,
    #4931,#4985,#5188,#5213,#5415,#5465,#5514,#5568,#5771,#5796,#5998,
    #6048,#6097,#6151,#6326,#6358,#6390,#6422,#6661,#6689,#6822,#6850,
    #6877,#7124,#7275,#7415,#7421,#7560,#7566,#7572,#7711,#7717,#7723,
    #7729,#7776,#7781,#7812));
#17 = ADVANCED_FACE('',(#18),#32,.T.);
#18 = FACE_BOUND('',#19,.F.);
#19 = EDGE_LOOP('',(#20,#50,#77,#78));
#20 = ORIENTED_EDGE('',*,*,#21,.T.);
#21 = EDGE_CURVE('',#22,#24,#26,.T.);
#22 = VERTEX_POINT('',#23);
#23 = CARTESIAN_POINT('',(92.,0.,7.));
#24 = VERTEX_POINT('',#25);
#25 = CARTESIAN_POINT('',(92.,0.,9.));
#26 = SEAM_CURVE('',#27,(#31,#43),.PCURVE_S1.);
#27 = LINE('',#28,#29);
#28 = CARTESIAN_POINT('',(92.,0.,0.));
#29 = VECTOR('',#30,1.);
#30 = DIRECTION('',(0.,0.,1.));
#31 = PCURVE('',#32,#37);
#32 = CYLINDRICAL_SURFACE('',#33,92.);
#33 = AXIS2_PLACEMENT_3D('',#34,#35,#36);
#34 = CARTESIAN_POINT('',(0.,0.,0.));
#35 = DIRECTION('',(-0.,-0.,-1.));
#36 = DIRECTION('',(1.,0.,0.));
#37 = DEFINITIONAL_REPRESENTATION('',(#38),#42);
#38 = LINE('',#39,#40);
#39 = CARTESIAN_POINT('',(-0.,0.));
#40 = VECTOR('',#41,1.);
#41 = DIRECTION('',(-0.,-1.));
#42 = ( GEOMETRIC_REPRESENTATION_CONTEXT(2) 
PARAMETRIC_REPRESENTATION_CONTEXT() REPRESENTATION_CONTEXT('2D SPACE',''
  ) );
#43 = PCURVE('',#32,#44);
#44 = DEFINITIONAL_REPRESENTATION('',(#45),#49);
#45 = LINE('',#46,#47);
#46 = CARTESIAN_POINT('',(-6.28318530718,0.));
#47 = VECTOR('',#48,1.);
#48 = DIRECTION('',(-0.,-1.));
#49 = ( GEOMETRIC_REPRESENTATION_CONTEXT(2) 
PARAMETRIC_REPRESENTATION_CONTEXT() REPRESENTATION_CONTEXT('2D SPACE',''
  ) );
#50 = ORIENTED_EDGE('',*,*,#51,.T.);
#51 = EDGE_CURVE('',#24,#24,#52,.T.);
#52 = SURFACE_CURVE('',#53,(#58,#65),.PCURVE_S1.);
#53 = CIRCLE('',#54,92.);
#54 = AXIS2_PLACEMENT_3D('',#55,#56,#57);
#55 = CARTESIAN_POINT('',(0.,0.,9.));
#56 = DIRECTION('',(0.,0.,1.));
#57 = DIRECTION('',(1.,0.,-0.));
#58 = PCURVE('',#32,#59);
#59 = DEFINITIONAL_REPRESENTATION('',(#60),#64);
#60 = LINE('',#61,#62);
#61 = CARTESIAN_POINT('',(-0.,-9.));
#62 = VECTOR('',#63,1.);
#63 = DIRECTION('',(-1.,0.));
#64 = ( GEOMETRIC_REPRESENTATION_CONTEXT(2) 
PARAMETRIC_REPRESENTATION_CONTEXT() REPRESENTATION_CONTEXT('2D SPACE',''
  ) );
#65 = PCURVE('',#66,#71);
#66 = TOROIDAL_SURFACE('',#67,85.,7.);
#67 = AXIS2_PLACEMENT_3D('',#68,#69,#70);
#68 = CARTESIAN_POINT('',(0.,0.,9.));
#69 = DIRECTION('',(0.,0.,1.));
#70 = DIRECTION('',(1.,0.,-0.));
#71 = DEFINITIONAL_REPRESENTATION('',(#72),#76);
#72 = LINE('',#73,#74);
#73 = CARTESIAN_POINT('',(0.,0.));
#74 = VECTOR('',#75,1.);
#75 = DIRECTION('',(1.,0.));
#76 = ( GEOMETRIC_REPRESENTATION_CONTEXT(2) 
PARAMETRIC_REPRESENTATION_CONTEXT() REPRESENTATION_CONTEXT('2D SPACE',''
  ) );
#77 = ORIENTED_EDGE('',*,*,#21,.F.);
#78 = ORIENTED_EDGE('',*,*,#79,.F.);
#79 = EDGE_CURVE('',#22,#22,#80,.T.);
#80 = SURFACE_CURVE('',#81,(#86,#93),.PCURVE_S1.);
#81 = CIRCLE('',#82,92.);
#82 = AXIS2_PLACEMENT_3D('',#83,#84,#85);
#83 = CARTESIAN_POINT('',(0.,0.,7.));
#84 = DIRECTION('',(0.,0.,1.));
#85 = DIRECTION('',(1.,0.,-0.));
#86 = PCURVE('',#32,#87);
#87 = DEFINITIONAL_REPRESENTATION('',(#88),#92);
#88 = LINE('',#89,#90);
#89 = CARTESIAN_POINT('',(-0.,-7.));
#90 = VECTOR('',#91,1.);
#91 = DIRECTION('',(-1.,0.));
#92 = ( GEOMETRIC_REPRESENTATION_CONTEXT(2) 
PARAMETRIC_REPRESENTATION_CONTEXT() REPRESENTATION_CONTEXT('2D SPACE',''
  ) );
#93 = PCURVE('',#94,#99);
#94 = TOROIDAL_SURFACE('',#95,85.,7.);
#95 = AXIS2_PLACEMENT_3D('',#96,#97,#98);
#96 = CARTESIAN_POINT('',(0.,0.,7.));
#97 = DIRECTION('',(-0.,-0.,-1.));
#98 = DIRECTION('',(1.,0.,-0.));
#99 = DEFINITIONAL_REPRESENTATION('',(#100),#104);
#100 = LINE('',#101,#102);
#101 = CARTESIAN_POINT('',(-0.,0.));
#102 = VECTOR('',#103,1.);
#103 = DIRECTION('',(-1.,0.));
#104 = ( GEOMETRIC_REPRESENTATION_CONTEXT(2) 
PARAMETRIC_REPRESENTATION_CONTEXT() REPRESENTATION_CONTEXT('2D SPACE',''
  ) );
#105 = ADVANCED_FACE('',(#106),#94,.T.);
#106 = FACE_BOUND('',#107,.F.);
#107 = EDGE_LOOP('',(#108,#144,#173,#193,#194,#195,#219,#253,#287,#316,
    #345,#379,#403,#437,#471,#500));
#108 = ORIENTED_EDGE('',*,*,#109,.T.);
#109 = EDGE_CURVE('',#110,#112,#114,.T.);
#110 = VERTEX_POINT('',#111);
#111 = CARTESIAN_POINT('',(-76.2215205261,37.8,4.540593006332E-04));
#112 = VERTEX_POINT('',#113);
#113 = CARTESIAN_POINT('',(-76.17363757321,37.717064292773,0.));
#114 = SURFACE_CURVE('',#115,(#121,#130),.PCURVE_S1.);
#115 = B_SPLINE_CURVE_WITH_KNOTS('',4,(#116,#117,#118,#119,#120),
  .UNSPECIFIED.,.F.,.F.,(5,5),(0.,1.),.PIECEWISE_BEZIER_KNOTS.);
#116 = CARTESIAN_POINT('',(-76.7590205261,38.730977309068,
    6.850883382574E-02));
#117 = CARTESIAN_POINT('',(-76.61335821093,38.478682778447,
    3.416099249558E-02));
#118 = CARTESIAN_POINT('',(-76.46700846043,38.225197574904,
    1.135795998995E-02));
#119 = CARTESIAN_POINT('',(-76.32032493037,37.97113424821,0.));
#120 = CARTESIAN_POINT('',(-76.17363757321,37.717064292773,0.));
#121 = PCURVE('',#94,#122);
#122 = DEFINITIONAL_REPRESENTATION('',(#123),#129);
#123 = B_SPLINE_CURVE_WITH_KNOTS('',4,(#124,#125,#126,#127,#128),
  .UNSPECIFIED.,.F.,.F.,(5,5),(0.,1.),.PIECEWISE_BEZIER_KNOTS.);
#124 = CARTESIAN_POINT('',(-2.674288688028,1.430775026935));
#125 = CARTESIAN_POINT('',(-2.676145312852,1.46593328573));
#126 = CARTESIAN_POINT('',(-2.678024733218,1.500968234375));
#127 = CARTESIAN_POINT('',(-2.679922944234,1.535911482383));
#128 = CARTESIAN_POINT('',(-2.681835859974,1.570796326795));
#129 = ( GEOMETRIC_REPRESENTATION_CONTEXT(2) 
PARAMETRIC_REPRESENTATION_CONTEXT() REPRESENTATION_CONTEXT('2D SPACE',''
  ) );
#130 = PCURVE('',#131,#136);
#131 = PLANE('',#132);
#132 = AXIS2_PLACEMENT_3D('',#133,#134,#135);
#133 = CARTESIAN_POINT('',(-76.2215205261,37.8,-14.));
#134 = DIRECTION('',(0.866025403784,0.5,0.));
#135 = DIRECTION('',(0.5,-0.866025403784,0.));
#136 = DEFINITIONAL_REPRESENTATION('',(#137),#143);
#137 = B_SPLINE_CURVE_WITH_KNOTS('',4,(#138,#139,#140,#141,#142),
  .UNSPECIFIED.,.F.,.F.,(5,5),(0.,1.),.PIECEWISE_BEZIER_KNOTS.);
#138 = CARTESIAN_POINT('',(-1.075,-14.06850883382));
#139 = CARTESIAN_POINT('',(-0.783675369662,-14.03416099249));
#140 = CARTESIAN_POINT('',(-0.490975868659,-14.01135795999));
#141 = CARTESIAN_POINT('',(-0.197608808543,-14.));
#142 = CARTESIAN_POINT('',(9.576590578598E-02,-14.));
#143 = ( GEOMETRIC_REPRESENTATION_CONTEXT(2) 
PARAMETRIC_REPRESENTATION_CONTEXT() REPRESENTATION_CONTEXT('2D SPACE',''
  ) );
#144 = ORIENTED_EDGE('',*,*,#145,.T.);
#145 = EDGE_CURVE('',#112,#146,#148,.T.);
#146 = VERTEX_POINT('',#147);
#147 = CARTESIAN_POINT('',(85.,0.,0.));
#148 = SURFACE_CURVE('',#149,(#154,#161),.PCURVE_S1.);
#149 = CIRCLE('',#150,85.);
#150 = AXIS2_PLACEMENT_3D('',#151,#152,#153);
#151 = CARTESIAN_POINT('',(0.,0.,0.));
#152 = DIRECTION('',(0.,0.,1.));
#153 = DIRECTION('',(1.,0.,-0.));
#154 = PCURVE('',#94,#155);
#155 = DEFINITIONAL_REPRESENTATION('',(#156),#160);
#156 = LINE('',#157,#158);
#157 = CARTESIAN_POINT('',(-0.,1.570796326795));
#158 = VECTOR('',#159,1.);
#159 = DIRECTION('',(-1.,0.));
#160 = ( GEOMETRIC_REPRESENTATION_CONTEXT(2) 
PARAMETRIC_REPRESENTATION_CONTEXT() REPRESENTATION_CONTEXT('2D SPACE',''
  ) );
#161 = PCURVE('',#162,#167);
#162 = PLANE('',#163);
#163 = AXIS2_PLACEMENT_3D('',#164,#165,#166);
#164 = CARTESIAN_POINT('',(-5.707576205382E-15,7.659568893379E-15,0.));
#165 = DIRECTION('',(0.,0.,1.));
#166 = DIRECTION('',(1.,0.,-0.));
#167 = DEFINITIONAL_REPRESENTATION('',(#168),#172);
#168 = CIRCLE('',#169,85.);
#169 = AXIS2_PLACEMENT_2D('',#170,#171);
#170 = CARTESIAN_POINT('',(5.707576205382E-15,-7.659568893379E-15));
#171 = DIRECTION('',(1.,0.));
#172 = ( GEOMETRIC_REPRESENTATION_CONTEXT(2) 
PARAMETRIC_REPRESENTATION_CONTEXT() REPRESENTATION_CONTEXT('2D SPACE',''
  ) );
#173 = ORIENTED_EDGE('',*,*,#174,.F.);
#174 = EDGE_CURVE('',#22,#146,#175,.T.);
#175 = SEAM_CURVE('',#176,(#181,#187),.PCURVE_S1.);
#176 = CIRCLE('',#177,7.);
#177 = AXIS2_PLACEMENT_3D('',#178,#179,#180);
#178 = CARTESIAN_POINT('',(85.,0.,7.));
#179 = DIRECTION('',(0.,1.,0.));
#180 = DIRECTION('',(1.,0.,-0.));
#181 = PCURVE('',#94,#182);
#182 = DEFINITIONAL_REPRESENTATION('',(#183),#186);
#183 = B_SPLINE_CURVE_WITH_KNOTS('',1,(#184,#185),.UNSPECIFIED.,.F.,.F.,
  (2,2),(0.,1.570796326795),.PIECEWISE_BEZIER_KNOTS.);
#184 = CARTESIAN_POINT('',(0.,0.));
#185 = CARTESIAN_POINT('',(0.,1.570796326795));
#186 = ( GEOMETRIC_REPRESENTATION_CONTEXT(2) 
PARAMETRIC_REPRESENTATION_CONTEXT() REPRESENTATION_CONTEXT('2D SPACE',''
  ) );
#187 = PCURVE('',#94,#188);
#188 = DEFINITIONAL_REPRESENTATION('',(#189),#192);
#189 = B_SPLINE_CURVE_WITH_KNOTS('',1,(#190,#191),.UNSPECIFIED.,.F.,.F.,
  (2,2),(0.,1.570796326795),.PIECEWISE_BEZIER_KNOTS.);
#190 = CARTESIAN_POINT('',(-6.28318530718,0.));
#191 = CARTESIAN_POINT('',(-6.28318530718,1.570796326795));
#192 = ( GEOMETRIC_REPRESENTATION_CONTEXT(2) 
PARAMETRIC_REPRESENTATION_CONTEXT() REPRESENTATION_CONTEXT('2D SPACE',''
  ) );
#193 = ORIENTED_EDGE('',*,*,#79,.F.);
#194 = ORIENTED_EDGE('',*,*,#174,.T.);
#195 = ORIENTED_EDGE('',*,*,#196,.T.);
#196 = EDGE_CURVE('',#146,#197,#199,.T.);
#197 = VERTEX_POINT('',#198);
#198 = CARTESIAN_POINT('',(76.173637573211,37.717064292773,0.));
#199 = SURFACE_CURVE('',#200,(#205,#212),.PCURVE_S1.);
#200 = CIRCLE('',#201,85.);
#201 = AXIS2_PLACEMENT_3D('',#202,#203,#204);
#202 = CARTESIAN_POINT('',(0.,0.,0.));
#203 = DIRECTION('',(0.,0.,1.));
#204 = DIRECTION('',(1.,0.,-0.));
#205 = PCURVE('',#94,#206);
#206 = DEFINITIONAL_REPRESENTATION('',(#207),#211);
#207 = LINE('',#208,#209);
#208 = CARTESIAN_POINT('',(-0.,1.570796326795));
#209 = VECTOR('',#210,1.);
#210 = DIRECTION('',(-1.,0.));
#211 = ( GEOMETRIC_REPRESENTATION_CONTEXT(2) 
PARAMETRIC_REPRESENTATION_CONTEXT() REPRESENTATION_CONTEXT('2D SPACE',''
  ) );
#212 = PCURVE('',#162,#213);
#213 = DEFINITIONAL_REPRESENTATION('',(#214),#218);
#214 = CIRCLE('',#215,85.);
#215 = AXIS2_PLACEMENT_2D('',#216,#217);
#216 = CARTESIAN_POINT('',(5.707576205382E-15,-7.659568893379E-15));
#217 = DIRECTION('',(1.,0.));
#218 = ( GEOMETRIC_REPRESENTATION_CONTEXT(2) 
PARAMETRIC_REPRESENTATION_CONTEXT() REPRESENTATION_CONTEXT('2D SPACE',''
  ) );
#219 = ORIENTED_EDGE('',*,*,#220,.F.);
#220 = EDGE_CURVE('',#221,#197,#223,.T.);
#221 = VERTEX_POINT('',#222);
#222 = CARTESIAN_POINT('',(76.221520526104,37.8,4.540593006332E-04));
#223 = SURFACE_CURVE('',#224,(#230,#239),.PCURVE_S1.);
#224 = B_SPLINE_CURVE_WITH_KNOTS('',4,(#225,#226,#227,#228,#229),
  .UNSPECIFIED.,.F.,.F.,(5,5),(0.,1.),.PIECEWISE_BEZIER_KNOTS.);
#225 = CARTESIAN_POINT('',(76.759020526104,38.730977309068,
    6.850883382574E-02));
#226 = CARTESIAN_POINT('',(76.613358210934,38.478682778447,
    3.416099249558E-02));
#227 = CARTESIAN_POINT('',(76.467008460433,38.225197574903,
    1.135795998995E-02));
#228 = CARTESIAN_POINT('',(76.320324930375,37.97113424821,0.));
#229 = CARTESIAN_POINT('',(76.173637573211,37.717064292773,0.));
#230 = PCURVE('',#94,#231);
#231 = DEFINITIONAL_REPRESENTATION('',(#232),#238);
#232 = B_SPLINE_CURVE_WITH_KNOTS('',4,(#233,#234,#235,#236,#237),
  .UNSPECIFIED.,.F.,.F.,(5,5),(0.,1.),.PIECEWISE_BEZIER_KNOTS.);
#233 = CARTESIAN_POINT('',(-0.467303965561,1.430775026935));
#234 = CARTESIAN_POINT('',(-0.465447340737,1.46593328573));
#235 = CARTESIAN_POINT('',(-0.463567920372,1.500968234375));
#236 = CARTESIAN_POINT('',(-0.461669709356,1.535911482383));
#237 = CARTESIAN_POINT('',(-0.459756793616,1.570796326795));
#238 = ( GEOMETRIC_REPRESENTATION_CONTEXT(2) 
PARAMETRIC_REPRESENTATION_CONTEXT() REPRESENTATION_CONTEXT('2D SPACE',''
  ) );
#239 = PCURVE('',#240,#245);
#240 = PLANE('',#241);
#241 = AXIS2_PLACEMENT_3D('',#242,#243,#244);
#242 = CARTESIAN_POINT('',(70.846520526104,28.490226909317,-14.));
#243 = DIRECTION('',(-0.866025403784,0.5,0.));
#244 = DIRECTION('',(0.5,0.866025403784,0.));
#245 = DEFINITIONAL_REPRESENTATION('',(#246),#252);
#246 = B_SPLINE_CURVE_WITH_KNOTS('',4,(#247,#248,#249,#250,#251),
  .UNSPECIFIED.,.F.,.F.,(5,5),(0.,1.),.PIECEWISE_BEZIER_KNOTS.);
#247 = CARTESIAN_POINT('',(11.825,-14.06850883382));
#248 = CARTESIAN_POINT('',(11.533675369662,-14.03416099249));
#249 = CARTESIAN_POINT('',(11.240975868659,-14.01135795999));
#250 = CARTESIAN_POINT('',(10.947608808543,-14.));
#251 = CARTESIAN_POINT('',(10.654234094214,-14.));
#252 = ( GEOMETRIC_REPRESENTATION_CONTEXT(2) 
PARAMETRIC_REPRESENTATION_CONTEXT() REPRESENTATION_CONTEXT('2D SPACE',''
  ) );
#253 = ORIENTED_EDGE('',*,*,#254,.T.);
#254 = EDGE_CURVE('',#221,#255,#257,.T.);
#255 = VERTEX_POINT('',#256);
#256 = CARTESIAN_POINT('',(75.491725412493,39.064042215889,0.));
#257 = SURFACE_CURVE('',#258,(#264,#273),.PCURVE_S1.);
#258 = B_SPLINE_CURVE_WITH_KNOTS('',4,(#259,#260,#261,#262,#263),
  .UNSPECIFIED.,.F.,.F.,(5,5),(0.,1.),.PIECEWISE_BEZIER_KNOTS.);
#259 = CARTESIAN_POINT('',(76.759020526104,36.869022690932,
    1.703047991212E-03));
#260 = CARTESIAN_POINT('',(76.442203311279,37.41776620372,
    6.441599105589E-04));
#261 = CARTESIAN_POINT('',(76.125380865017,37.966518777624,
    1.62255005133E-04));
#262 = CARTESIAN_POINT('',(75.808554606624,38.515277954333,0.));
#263 = CARTESIAN_POINT('',(75.491725412493,39.064042215889,0.));
#264 = PCURVE('',#94,#265);
#265 = DEFINITIONAL_REPRESENTATION('',(#266),#272);
#266 = B_SPLINE_CURVE_WITH_KNOTS('',4,(#267,#268,#269,#270,#271),
  .UNSPECIFIED.,.F.,.F.,(5,5),(0.,1.),.PIECEWISE_BEZIER_KNOTS.);
#267 = CARTESIAN_POINT('',(-0.44778139633,1.548737204599));
#268 = CARTESIAN_POINT('',(-0.455201026313,1.555595228833));
#269 = CARTESIAN_POINT('',(-0.462631930739,1.561558872954));
#270 = CARTESIAN_POINT('',(-0.470071934198,1.566626524701));
#271 = CARTESIAN_POINT('',(-0.477518825543,1.570796326795));
#272 = ( GEOMETRIC_REPRESENTATION_CONTEXT(2) 
PARAMETRIC_REPRESENTATION_CONTEXT() REPRESENTATION_CONTEXT('2D SPACE',''
  ) );
#273 = PCURVE('',#274,#279);
#274 = PLANE('',#275);
#275 = AXIS2_PLACEMENT_3D('',#276,#277,#278);
#276 = CARTESIAN_POINT('',(76.221520526104,37.8,-14.));
#277 = DIRECTION('',(-0.866025403784,-0.5,0.));
#278 = DIRECTION('',(-0.5,0.866025403784,0.));
#279 = DEFINITIONAL_REPRESENTATION('',(#280),#286);
#280 = B_SPLINE_CURVE_WITH_KNOTS('',4,(#281,#282,#283,#284,#285),
  .UNSPECIFIED.,.F.,.F.,(5,5),(0.,1.),.PIECEWISE_BEZIER_KNOTS.);
#281 = CARTESIAN_POINT('',(-1.075,-14.00170304799));
#282 = CARTESIAN_POINT('',(-0.441365570352,-14.00064415991));
#283 = CARTESIAN_POINT('',(0.192279322173,-14.000162255));
#284 = CARTESIAN_POINT('',(0.825931838959,-14.));
#285 = CARTESIAN_POINT('',(1.459590227221,-14.));
#286 = ( GEOMETRIC_REPRESENTATION_CONTEXT(2) 
PARAMETRIC_REPRESENTATION_CONTEXT() REPRESENTATION_CONTEXT('2D SPACE',''
  ) );
#287 = ORIENTED_EDGE('',*,*,#288,.T.);
#288 = EDGE_CURVE('',#255,#289,#291,.T.);
#289 = VERTEX_POINT('',#290);
#290 = CARTESIAN_POINT('',(71.576315639714,45.845730874794,0.));
#291 = SURFACE_CURVE('',#292,(#297,#304),.PCURVE_S1.);
#292 = CIRCLE('',#293,85.);
#293 = AXIS2_PLACEMENT_3D('',#294,#295,#296);
#294 = CARTESIAN_POINT('',(0.,0.,0.));
#295 = DIRECTION('',(0.,0.,1.));
#296 = DIRECTION('',(1.,0.,-0.));
#297 = PCURVE('',#94,#298);
#298 = DEFINITIONAL_REPRESENTATION('',(#299),#303);
#299 = LINE('',#300,#301);
#300 = CARTESIAN_POINT('',(-0.,1.570796326795));
#301 = VECTOR('',#302,1.);
#302 = DIRECTION('',(-1.,0.));
#303 = ( GEOMETRIC_REPRESENTATION_CONTEXT(2) 
PARAMETRIC_REPRESENTATION_CONTEXT() REPRESENTATION_CONTEXT('2D SPACE',''
  ) );
#304 = PCURVE('',#305,#310);
#305 = PLANE('',#306);
#306 = AXIS2_PLACEMENT_3D('',#307,#308,#309);
#307 = CARTESIAN_POINT('',(-5.707576205382E-15,7.659568893379E-15,0.));
#308 = DIRECTION('',(0.,0.,1.));
#309 = DIRECTION('',(1.,0.,-0.));
#310 = DEFINITIONAL_REPRESENTATION('',(#311),#315);
#311 = CIRCLE('',#312,85.);
#312 = AXIS2_PLACEMENT_2D('',#313,#314);
#313 = CARTESIAN_POINT('',(5.707576205382E-15,-7.659568893379E-15));
#314 = DIRECTION('',(1.,0.));
#315 = ( GEOMETRIC_REPRESENTATION_CONTEXT(2) 
PARAMETRIC_REPRESENTATION_CONTEXT() REPRESENTATION_CONTEXT('2D SPACE',''
  ) );
#316 = ORIENTED_EDGE('',*,*,#317,.F.);
#317 = EDGE_CURVE('',#318,#289,#320,.T.);
#318 = VERTEX_POINT('',#319);
#319 = CARTESIAN_POINT('',(70.846520526104,47.109773090683,
    4.540593006332E-04));
#320 = SURFACE_CURVE('',#321,(#327,#336),.PCURVE_S1.);
#321 = B_SPLINE_CURVE_WITH_KNOTS('',4,(#322,#323,#324,#325,#326),
  .UNSPECIFIED.,.F.,.F.,(5,5),(0.,1.),.PIECEWISE_BEZIER_KNOTS.);
#322 = CARTESIAN_POINT('',(70.309020526104,48.040750399751,
    1.703047991214E-03));
#323 = CARTESIAN_POINT('',(70.625837740928,47.492006886963,
    6.441599105607E-04));
#324 = CARTESIAN_POINT('',(70.94266018719,46.943254313059,
    1.622550051312E-04));
#325 = CARTESIAN_POINT('',(71.259486445583,46.39449513635,0.));
#326 = CARTESIAN_POINT('',(71.576315639714,45.845730874794,0.));
#327 = PCURVE('',#94,#328);
#328 = DEFINITIONAL_REPRESENTATION('',(#329),#335);
#329 = B_SPLINE_CURVE_WITH_KNOTS('',4,(#330,#331,#332,#333,#334),
  .UNSPECIFIED.,.F.,.F.,(5,5),(0.,1.),.PIECEWISE_BEZIER_KNOTS.);
#330 = CARTESIAN_POINT('',(-0.599416154867,1.548737204599));
#331 = CARTESIAN_POINT('',(-0.591996524883,1.555595228833));
#332 = CARTESIAN_POINT('',(-0.584565620457,1.561558872954));
#333 = CARTESIAN_POINT('',(-0.577125616998,1.566626524701));
#334 = CARTESIAN_POINT('',(-0.569678725654,1.570796326795));
#335 = ( GEOMETRIC_REPRESENTATION_CONTEXT(2) 
PARAMETRIC_REPRESENTATION_CONTEXT() REPRESENTATION_CONTEXT('2D SPACE',''
  ) );
#336 = PCURVE('',#274,#337);
#337 = DEFINITIONAL_REPRESENTATION('',(#338),#344);
#338 = B_SPLINE_CURVE_WITH_KNOTS('',4,(#339,#340,#341,#342,#343),
  .UNSPECIFIED.,.F.,.F.,(5,5),(0.,1.),.PIECEWISE_BEZIER_KNOTS.);
#339 = CARTESIAN_POINT('',(11.825,-14.00170304799));
#340 = CARTESIAN_POINT('',(11.191365570352,-14.00064415991));
#341 = CARTESIAN_POINT('',(10.557720677827,-14.000162255));
#342 = CARTESIAN_POINT('',(9.924068161041,-14.));
#343 = CARTESIAN_POINT('',(9.290409772779,-14.));
#344 = ( GEOMETRIC_REPRESENTATION_CONTEXT(2) 
PARAMETRIC_REPRESENTATION_CONTEXT() REPRESENTATION_CONTEXT('2D SPACE',''
  ) );
#345 = ORIENTED_EDGE('',*,*,#346,.T.);
#346 = EDGE_CURVE('',#318,#347,#349,.T.);
#347 = VERTEX_POINT('',#348);
#348 = CARTESIAN_POINT('',(70.750754620318,47.109773090683,0.));
#349 = SURFACE_CURVE('',#350,(#356,#365),.PCURVE_S1.);
#350 = B_SPLINE_CURVE_WITH_KNOTS('',4,(#351,#352,#353,#354,#355),
  .UNSPECIFIED.,.F.,.F.,(5,5),(0.,1.),.PIECEWISE_BEZIER_KNOTS.);
#351 = CARTESIAN_POINT('',(71.921520526104,47.109773090683,
    6.850883382574E-02));
#352 = CARTESIAN_POINT('',(71.630195895765,47.109773090683,
    3.416099249558E-02));
#353 = CARTESIAN_POINT('',(71.337496394762,47.109773090683,
    1.135795998995E-02));
#354 = CARTESIAN_POINT('',(71.044129334647,47.109773090683,0.));
#355 = CARTESIAN_POINT('',(70.750754620318,47.109773090683,0.));
#356 = PCURVE('',#94,#357);
#357 = DEFINITIONAL_REPRESENTATION('',(#358),#364);
#358 = B_SPLINE_CURVE_WITH_KNOTS('',4,(#359,#360,#361,#362,#363),
  .UNSPECIFIED.,.F.,.F.,(5,5),(0.,1.),.PIECEWISE_BEZIER_KNOTS.);
#359 = CARTESIAN_POINT('',(-0.579893585635,1.430775026935));
#360 = CARTESIAN_POINT('',(-0.581750210459,1.46593328573));
#361 = CARTESIAN_POINT('',(-0.583629630825,1.500968234375));
#362 = CARTESIAN_POINT('',(-0.58552784184,1.535911482383));
#363 = CARTESIAN_POINT('',(-0.587440757581,1.570796326795));
#364 = ( GEOMETRIC_REPRESENTATION_CONTEXT(2) 
PARAMETRIC_REPRESENTATION_CONTEXT() REPRESENTATION_CONTEXT('2D SPACE',''
  ) );
#365 = PCURVE('',#366,#371);
#366 = PLANE('',#367);
#367 = AXIS2_PLACEMENT_3D('',#368,#369,#370);
#368 = CARTESIAN_POINT('',(70.846520526104,47.109773090683,-14.));
#369 = DIRECTION('',(-2.22044604925E-16,-1.,0.));
#370 = DIRECTION('',(-1.,2.22044604925E-16,0.));
#371 = DEFINITIONAL_REPRESENTATION('',(#372),#378);
#372 = B_SPLINE_CURVE_WITH_KNOTS('',4,(#373,#374,#375,#376,#377),
  .UNSPECIFIED.,.F.,.F.,(5,5),(0.,1.),.PIECEWISE_BEZIER_KNOTS.);
#373 = CARTESIAN_POINT('',(-1.075,-14.06850883382));
#374 = CARTESIAN_POINT('',(-0.783675369662,-14.03416099249));
#375 = CARTESIAN_POINT('',(-0.490975868659,-14.01135795999));
#376 = CARTESIAN_POINT('',(-0.197608808543,-14.));
#377 = CARTESIAN_POINT('',(9.576590578598E-02,-14.));
#378 = ( GEOMETRIC_REPRESENTATION_CONTEXT(2) 
PARAMETRIC_REPRESENTATION_CONTEXT() REPRESENTATION_CONTEXT('2D SPACE',''
  ) );
#379 = ORIENTED_EDGE('',*,*,#380,.T.);
#380 = EDGE_CURVE('',#347,#381,#383,.T.);
#381 = VERTEX_POINT('',#382);
#382 = CARTESIAN_POINT('',(-70.75075462031,47.109773090683,0.));
#383 = SURFACE_CURVE('',#384,(#389,#396),.PCURVE_S1.);
#384 = CIRCLE('',#385,85.);
#385 = AXIS2_PLACEMENT_3D('',#386,#387,#388);
#386 = CARTESIAN_POINT('',(0.,0.,0.));
#387 = DIRECTION('',(0.,0.,1.));
#388 = DIRECTION('',(1.,0.,-0.));
#389 = PCURVE('',#94,#390);
#390 = DEFINITIONAL_REPRESENTATION('',(#391),#395);
#391 = LINE('',#392,#393);
#392 = CARTESIAN_POINT('',(-0.,1.570796326795));
#393 = VECTOR('',#394,1.);
#394 = DIRECTION('',(-1.,0.));
#395 = ( GEOMETRIC_REPRESENTATION_CONTEXT(2) 
PARAMETRIC_REPRESENTATION_CONTEXT() REPRESENTATION_CONTEXT('2D SPACE',''
  ) );
#396 = PCURVE('',#162,#397);
#397 = DEFINITIONAL_REPRESENTATION('',(#398),#402);
#398 = CIRCLE('',#399,85.);
#399 = AXIS2_PLACEMENT_2D('',#400,#401);
#400 = CARTESIAN_POINT('',(5.707576205382E-15,-7.659568893379E-15));
#401 = DIRECTION('',(1.,0.));
#402 = ( GEOMETRIC_REPRESENTATION_CONTEXT(2) 
PARAMETRIC_REPRESENTATION_CONTEXT() REPRESENTATION_CONTEXT('2D SPACE',''
  ) );
#403 = ORIENTED_EDGE('',*,*,#404,.F.);
#404 = EDGE_CURVE('',#405,#381,#407,.T.);
#405 = VERTEX_POINT('',#406);
#406 = CARTESIAN_POINT('',(-70.8465205261,47.109773090683,
    4.540593006261E-04));
#407 = SURFACE_CURVE('',#408,(#414,#423),.PCURVE_S1.);
#408 = B_SPLINE_CURVE_WITH_KNOTS('',4,(#409,#410,#411,#412,#413),
  .UNSPECIFIED.,.F.,.F.,(5,5),(0.,1.),.PIECEWISE_BEZIER_KNOTS.);
#409 = CARTESIAN_POINT('',(-71.9215205261,47.109773090683,
    6.850883382574E-02));
#410 = CARTESIAN_POINT('',(-71.63019589576,47.109773090683,
    3.416099249558E-02));
#411 = CARTESIAN_POINT('',(-71.33749639476,47.109773090683,
    1.135795998995E-02));
#412 = CARTESIAN_POINT('',(-71.04412933464,47.109773090683,0.));
#413 = CARTESIAN_POINT('',(-70.75075462031,47.109773090683,0.));
#414 = PCURVE('',#94,#415);
#415 = DEFINITIONAL_REPRESENTATION('',(#416),#422);
#416 = B_SPLINE_CURVE_WITH_KNOTS('',4,(#417,#418,#419,#420,#421),
  .UNSPECIFIED.,.F.,.F.,(5,5),(0.,1.),.PIECEWISE_BEZIER_KNOTS.);
#417 = CARTESIAN_POINT('',(-2.561699067955,1.430775026935));
#418 = CARTESIAN_POINT('',(-2.559842443131,1.46593328573));
#419 = CARTESIAN_POINT('',(-2.557963022765,1.500968234375));
#420 = CARTESIAN_POINT('',(-2.556064811749,1.535911482383));
#421 = CARTESIAN_POINT('',(-2.554151896009,1.570796326795));
#422 = ( GEOMETRIC_REPRESENTATION_CONTEXT(2) 
PARAMETRIC_REPRESENTATION_CONTEXT() REPRESENTATION_CONTEXT('2D SPACE',''
  ) );
#423 = PCURVE('',#424,#429);
#424 = PLANE('',#425);
#425 = AXIS2_PLACEMENT_3D('',#426,#427,#428);
#426 = CARTESIAN_POINT('',(-60.0965205261,47.109773090683,-14.));
#427 = DIRECTION('',(5.551115123126E-17,-1.,0.));
#428 = DIRECTION('',(-1.,-5.551115123126E-17,0.));
#429 = DEFINITIONAL_REPRESENTATION('',(#430),#436);
#430 = B_SPLINE_CURVE_WITH_KNOTS('',4,(#431,#432,#433,#434,#435),
  .UNSPECIFIED.,.F.,.F.,(5,5),(0.,1.),.PIECEWISE_BEZIER_KNOTS.);
#431 = CARTESIAN_POINT('',(11.825,-14.06850883382));
#432 = CARTESIAN_POINT('',(11.533675369662,-14.03416099249));
#433 = CARTESIAN_POINT('',(11.240975868659,-14.01135795999));
#434 = CARTESIAN_POINT('',(10.947608808543,-14.));
#435 = CARTESIAN_POINT('',(10.654234094214,-14.));
#436 = ( GEOMETRIC_REPRESENTATION_CONTEXT(2) 
PARAMETRIC_REPRESENTATION_CONTEXT() REPRESENTATION_CONTEXT('2D SPACE',''
  ) );
#437 = ORIENTED_EDGE('',*,*,#438,.T.);
#438 = EDGE_CURVE('',#405,#439,#441,.T.);
#439 = VERTEX_POINT('',#440);
#440 = CARTESIAN_POINT('',(-71.57631563971,45.845730874794,0.));
#441 = SURFACE_CURVE('',#442,(#448,#457),.PCURVE_S1.);
#442 = B_SPLINE_CURVE_WITH_KNOTS('',4,(#443,#444,#445,#446,#447),
  .UNSPECIFIED.,.F.,.F.,(5,5),(0.,1.),.PIECEWISE_BEZIER_KNOTS.);
#443 = CARTESIAN_POINT('',(-70.3090205261,48.040750399751,
    1.703047991214E-03));
#444 = CARTESIAN_POINT('',(-70.62583774092,47.492006886963,
    6.441599105607E-04));
#445 = CARTESIAN_POINT('',(-70.94266018719,46.943254313059,
    1.622550051312E-04));
#446 = CARTESIAN_POINT('',(-71.25948644558,46.39449513635,0.));
#447 = CARTESIAN_POINT('',(-71.57631563971,45.845730874794,0.));
#448 = PCURVE('',#94,#449);
#449 = DEFINITIONAL_REPRESENTATION('',(#450),#456);
#450 = B_SPLINE_CURVE_WITH_KNOTS('',4,(#451,#452,#453,#454,#455),
  .UNSPECIFIED.,.F.,.F.,(5,5),(0.,1.),.PIECEWISE_BEZIER_KNOTS.);
#451 = CARTESIAN_POINT('',(-2.542176498723,1.548737204599));
#452 = CARTESIAN_POINT('',(-2.549596128707,1.555595228833));
#453 = CARTESIAN_POINT('',(-2.557027033133,1.561558872954));
#454 = CARTESIAN_POINT('',(-2.564467036592,1.566626524701));
#455 = CARTESIAN_POINT('',(-2.571913927936,1.570796326795));
#456 = ( GEOMETRIC_REPRESENTATION_CONTEXT(2) 
PARAMETRIC_REPRESENTATION_CONTEXT() REPRESENTATION_CONTEXT('2D SPACE',''
  ) );
#457 = PCURVE('',#458,#463);
#458 = PLANE('',#459);
#459 = AXIS2_PLACEMENT_3D('',#460,#461,#462);
#460 = CARTESIAN_POINT('',(-70.8465205261,47.109773090683,-14.));
#461 = DIRECTION('',(0.866025403784,-0.5,0.));
#462 = DIRECTION('',(-0.5,-0.866025403784,0.));
#463 = DEFINITIONAL_REPRESENTATION('',(#464),#470);
#464 = B_SPLINE_CURVE_WITH_KNOTS('',4,(#465,#466,#467,#468,#469),
  .UNSPECIFIED.,.F.,.F.,(5,5),(0.,1.),.PIECEWISE_BEZIER_KNOTS.);
#465 = CARTESIAN_POINT('',(-1.075,-14.00170304799));
#466 = CARTESIAN_POINT('',(-0.441365570352,-14.00064415991));
#467 = CARTESIAN_POINT('',(0.192279322173,-14.000162255));
#468 = CARTESIAN_POINT('',(0.825931838959,-14.));
#469 = CARTESIAN_POINT('',(1.459590227221,-14.));
#470 = ( GEOMETRIC_REPRESENTATION_CONTEXT(2) 
PARAMETRIC_REPRESENTATION_CONTEXT() REPRESENTATION_CONTEXT('2D SPACE',''
  ) );
#471 = ORIENTED_EDGE('',*,*,#472,.T.);
#472 = EDGE_CURVE('',#439,#473,#475,.T.);
#473 = VERTEX_POINT('',#474);
#474 = CARTESIAN_POINT('',(-75.49172541249,39.064042215889,0.));
#475 = SURFACE_CURVE('',#476,(#481,#488),.PCURVE_S1.);
#476 = CIRCLE('',#477,85.);
#477 = AXIS2_PLACEMENT_3D('',#478,#479,#480);
#478 = CARTESIAN_POINT('',(0.,0.,0.));
#479 = DIRECTION('',(0.,0.,1.));
#480 = DIRECTION('',(1.,0.,-0.));
#481 = PCURVE('',#94,#482);
#482 = DEFINITIONAL_REPRESENTATION('',(#483),#487);
#483 = LINE('',#484,#485);
#484 = CARTESIAN_POINT('',(-0.,1.570796326795));
#485 = VECTOR('',#486,1.);
#486 = DIRECTION('',(-1.,0.));
#487 = ( GEOMETRIC_REPRESENTATION_CONTEXT(2) 
PARAMETRIC_REPRESENTATION_CONTEXT() REPRESENTATION_CONTEXT('2D SPACE',''
  ) );
#488 = PCURVE('',#489,#494);
#489 = PLANE('',#490);
#490 = AXIS2_PLACEMENT_3D('',#491,#492,#493);
#491 = CARTESIAN_POINT('',(-5.707576205382E-15,7.659568893379E-15,0.));
#492 = DIRECTION('',(0.,0.,1.));
#493 = DIRECTION('',(1.,0.,-0.));
#494 = DEFINITIONAL_REPRESENTATION('',(#495),#499);
#495 = CIRCLE('',#496,85.);
#496 = AXIS2_PLACEMENT_2D('',#497,#498);
#497 = CARTESIAN_POINT('',(5.707576205382E-15,-7.659568893379E-15));
#498 = DIRECTION('',(1.,0.));
#499 = ( GEOMETRIC_REPRESENTATION_CONTEXT(2) 
PARAMETRIC_REPRESENTATION_CONTEXT() REPRESENTATION_CONTEXT('2D SPACE',''
  ) );
#500 = ORIENTED_EDGE('',*,*,#501,.F.);
#501 = EDGE_CURVE('',#110,#473,#502,.T.);
#502 = SURFACE_CURVE('',#503,(#509,#518),.PCURVE_S1.);
#503 = B_SPLINE_CURVE_WITH_KNOTS('',4,(#504,#505,#506,#507,#508),
  .UNSPECIFIED.,.F.,.F.,(5,5),(0.,1.),.PIECEWISE_BEZIER_KNOTS.);
#504 = CARTESIAN_POINT('',(-76.7590205261,36.869022690932,
    1.703047991214E-03));
#505 = CARTESIAN_POINT('',(-76.44220331127,37.41776620372,
    6.441599105607E-04));
#506 = CARTESIAN_POINT('',(-76.12538086501,37.966518777624,
    1.62255005133E-04));
#507 = CARTESIAN_POINT('',(-75.80855460662,38.515277954333,0.));
#508 = CARTESIAN_POINT('',(-75.49172541249,39.064042215889,0.));
#509 = PCURVE('',#94,#510);
#510 = DEFINITIONAL_REPRESENTATION('',(#511),#517);
#511 = B_SPLINE_CURVE_WITH_KNOTS('',4,(#512,#513,#514,#515,#516),
  .UNSPECIFIED.,.F.,.F.,(5,5),(0.,1.),.PIECEWISE_BEZIER_KNOTS.);
#512 = CARTESIAN_POINT('',(-2.69381125726,1.548737204599));
#513 = CARTESIAN_POINT('',(-2.686391627276,1.555595228833));
#514 = CARTESIAN_POINT('',(-2.67896072285,1.561558872954));
#515 = CARTESIAN_POINT('',(-2.671520719391,1.566626524701));
#516 = CARTESIAN_POINT('',(-2.664073828047,1.570796326795));
#517 = ( GEOMETRIC_REPRESENTATION_CONTEXT(2) 
PARAMETRIC_REPRESENTATION_CONTEXT() REPRESENTATION_CONTEXT('2D SPACE',''
  ) );
#518 = PCURVE('',#458,#519);
#519 = DEFINITIONAL_REPRESENTATION('',(#520),#526);
#520 = B_SPLINE_CURVE_WITH_KNOTS('',4,(#521,#522,#523,#524,#525),
  .UNSPECIFIED.,.F.,.F.,(5,5),(0.,1.),.PIECEWISE_BEZIER_KNOTS.);
#521 = CARTESIAN_POINT('',(11.825,-14.00170304799));
#522 = CARTESIAN_POINT('',(11.191365570352,-14.00064415991));
#523 = CARTESIAN_POINT('',(10.557720677827,-14.000162255));
#524 = CARTESIAN_POINT('',(9.924068161041,-14.));
#525 = CARTESIAN_POINT('',(9.290409772779,-14.));
#526 = ( GEOMETRIC_REPRESENTATION_CONTEXT(2) 
PARAMETRIC_REPRESENTATION_CONTEXT() REPRESENTATION_CONTEXT('2D SPACE',''
  ) );
#527 = ADVANCED_FACE('',(#528),#66,.T.);
#528 = FACE_BOUND('',#529,.T.);
#529 = EDGE_LOOP('',(#530,#552,#553,#554));
#530 = ORIENTED_EDGE('',*,*,#531,.F.);
#531 = EDGE_CURVE('',#24,#532,#534,.T.);
#532 = VERTEX_POINT('',#533);
#533 = CARTESIAN_POINT('',(85.,0.,16.));
#534 = SEAM_CURVE('',#535,(#540,#546),.PCURVE_S1.);
#535 = CIRCLE('',#536,7.);
#536 = AXIS2_PLACEMENT_3D('',#537,#538,#539);
#537 = CARTESIAN_POINT('',(85.,0.,9.));
#538 = DIRECTION('',(0.,-1.,0.));
#539 = DIRECTION('',(1.,0.,0.));
#540 = PCURVE('',#66,#541);
#541 = DEFINITIONAL_REPRESENTATION('',(#542),#545);
#542 = B_SPLINE_CURVE_WITH_KNOTS('',1,(#543,#544),.UNSPECIFIED.,.F.,.F.,
  (2,2),(0.,1.570796326795),.PIECEWISE_BEZIER_KNOTS.);
#543 = CARTESIAN_POINT('',(0.,0.));
#544 = CARTESIAN_POINT('',(0.,1.570796326795));
#545 = ( GEOMETRIC_REPRESENTATION_CONTEXT(2) 
PARAMETRIC_REPRESENTATION_CONTEXT() REPRESENTATION_CONTEXT('2D SPACE',''
  ) );
#546 = PCURVE('',#66,#547);
#547 = DEFINITIONAL_REPRESENTATION('',(#548),#551);
#548 = B_SPLINE_CURVE_WITH_KNOTS('',1,(#549,#550),.UNSPECIFIED.,.F.,.F.,
  (2,2),(0.,1.570796326795),.PIECEWISE_BEZIER_KNOTS.);
#549 = CARTESIAN_POINT('',(6.28318530718,0.));
#550 = CARTESIAN_POINT('',(6.28318530718,1.570796326795));
#551 = ( GEOMETRIC_REPRESENTATION_CONTEXT(2) 
PARAMETRIC_REPRESENTATION_CONTEXT() REPRESENTATION_CONTEXT('2D SPACE',''
  ) );
#552 = ORIENTED_EDGE('',*,*,#51,.T.);
#553 = ORIENTED_EDGE('',*,*,#531,.T.);
#554 = ORIENTED_EDGE('',*,*,#555,.F.);
#555 = EDGE_CURVE('',#532,#532,#556,.T.);
#556 = SURFACE_CURVE('',#557,(#562,#569),.PCURVE_S1.);
#557 = CIRCLE('',#558,85.);
#558 = AXIS2_PLACEMENT_3D('',#559,#560,#561);
#559 = CARTESIAN_POINT('',(0.,0.,16.));
#560 = DIRECTION('',(0.,0.,1.));
#561 = DIRECTION('',(1.,0.,-0.));
#562 = PCURVE('',#66,#563);
#563 = DEFINITIONAL_REPRESENTATION('',(#564),#568);
#564 = LINE('',#565,#566);
#565 = CARTESIAN_POINT('',(0.,1.570796326795));
#566 = VECTOR('',#567,1.);
#567 = DIRECTION('',(1.,0.));
#568 = ( GEOMETRIC_REPRESENTATION_CONTEXT(2) 
PARAMETRIC_REPRESENTATION_CONTEXT() REPRESENTATION_CONTEXT('2D SPACE',''
  ) );
#569 = PCURVE('',#570,#575);
#570 = PLANE('',#571);
#571 = AXIS2_PLACEMENT_3D('',#572,#573,#574);
#572 = CARTESIAN_POINT('',(-5.707576205382E-15,7.659568893379E-15,16.));
#573 = DIRECTION('',(0.,0.,1.));
#574 = DIRECTION('',(1.,0.,-0.));
#575 = DEFINITIONAL_REPRESENTATION('',(#576),#580);
#576 = CIRCLE('',#577,85.);
#577 = AXIS2_PLACEMENT_2D('',#578,#579);
#578 = CARTESIAN_POINT('',(5.707576205382E-15,-7.659568893379E-15));
#579 = DIRECTION('',(1.,0.));
#580 = ( GEOMETRIC_REPRESENTATION_CONTEXT(2) 
PARAMETRIC_REPRESENTATION_CONTEXT() REPRESENTATION_CONTEXT('2D SPACE',''
  ) );
#581 = ADVANCED_FACE('',(#582,#823),#162,.F.);
#582 = FACE_BOUND('',#583,.F.);
#583 = EDGE_LOOP('',(#584,#605,#606,#627,#653,#679,#705,#724,#725,#726,
    #747,#773,#799));
#584 = ORIENTED_EDGE('',*,*,#585,.T.);
#585 = EDGE_CURVE('',#586,#347,#588,.T.);
#586 = VERTEX_POINT('',#587);
#587 = CARTESIAN_POINT('',(60.096520526104,47.109773090683,0.));
#588 = SURFACE_CURVE('',#589,(#593,#599),.PCURVE_S1.);
#589 = LINE('',#590,#591);
#590 = CARTESIAN_POINT('',(35.423260263052,47.109773090683,0.));
#591 = VECTOR('',#592,1.);
#592 = DIRECTION('',(1.,-2.22044604925E-16,0.));
#593 = PCURVE('',#162,#594);
#594 = DEFINITIONAL_REPRESENTATION('',(#595),#598);
#595 = B_SPLINE_CURVE_WITH_KNOTS('',1,(#596,#597),.UNSPECIFIED.,.F.,.F.,
  (2,2),(24.673260263052,35.423260263052),.PIECEWISE_BEZIER_KNOTS.);
#596 = CARTESIAN_POINT('',(60.096520526104,47.109773090683));
#597 = CARTESIAN_POINT('',(70.846520526104,47.109773090683));
#598 = ( GEOMETRIC_REPRESENTATION_CONTEXT(2) 
PARAMETRIC_REPRESENTATION_CONTEXT() REPRESENTATION_CONTEXT('2D SPACE',''
  ) );
#599 = PCURVE('',#366,#600);
#600 = DEFINITIONAL_REPRESENTATION('',(#601),#604);
#601 = B_SPLINE_CURVE_WITH_KNOTS('',1,(#602,#603),.UNSPECIFIED.,.F.,.F.,
  (2,2),(24.673260263052,35.423260263052),.PIECEWISE_BEZIER_KNOTS.);
#602 = CARTESIAN_POINT('',(10.75,-14.));
#603 = CARTESIAN_POINT('',(0.,-14.));
#604 = ( GEOMETRIC_REPRESENTATION_CONTEXT(2) 
PARAMETRIC_REPRESENTATION_CONTEXT() REPRESENTATION_CONTEXT('2D SPACE',''
  ) );
#605 = ORIENTED_EDGE('',*,*,#380,.T.);
#606 = ORIENTED_EDGE('',*,*,#607,.T.);
#607 = EDGE_CURVE('',#381,#608,#610,.T.);
#608 = VERTEX_POINT('',#609);
#609 = CARTESIAN_POINT('',(-60.0965205261,47.109773090683,0.));
#610 = SURFACE_CURVE('',#611,(#615,#621),.PCURVE_S1.);
#611 = LINE('',#612,#613);
#612 = CARTESIAN_POINT('',(-30.04826026305,47.109773090683,0.));
#613 = VECTOR('',#614,1.);
#614 = DIRECTION('',(1.,5.551115123126E-17,-0.));
#615 = PCURVE('',#162,#616);
#616 = DEFINITIONAL_REPRESENTATION('',(#617),#620);
#617 = B_SPLINE_CURVE_WITH_KNOTS('',1,(#618,#619),.UNSPECIFIED.,.F.,.F.,
  (2,2),(-40.79826026305,-30.04826026305),.PIECEWISE_BEZIER_KNOTS.);
#618 = CARTESIAN_POINT('',(-70.8465205261,47.109773090683));
#619 = CARTESIAN_POINT('',(-60.0965205261,47.109773090683));
#620 = ( GEOMETRIC_REPRESENTATION_CONTEXT(2) 
PARAMETRIC_REPRESENTATION_CONTEXT() REPRESENTATION_CONTEXT('2D SPACE',''
  ) );
#621 = PCURVE('',#424,#622);
#622 = DEFINITIONAL_REPRESENTATION('',(#623),#626);
#623 = B_SPLINE_CURVE_WITH_KNOTS('',1,(#624,#625),.UNSPECIFIED.,.F.,.F.,
  (2,2),(-40.79826026305,-30.04826026305),.PIECEWISE_BEZIER_KNOTS.);
#624 = CARTESIAN_POINT('',(10.75,-14.));
#625 = CARTESIAN_POINT('',(0.,-14.));
#626 = ( GEOMETRIC_REPRESENTATION_CONTEXT(2) 
PARAMETRIC_REPRESENTATION_CONTEXT() REPRESENTATION_CONTEXT('2D SPACE',''
  ) );
#627 = ORIENTED_EDGE('',*,*,#628,.T.);
#628 = EDGE_CURVE('',#608,#629,#631,.T.);
#629 = VERTEX_POINT('',#630);
#630 = CARTESIAN_POINT('',(-54.7215205261,37.8,0.));
#631 = SURFACE_CURVE('',#632,(#636,#642),.PCURVE_S1.);
#632 = LINE('',#633,#634);
#633 = CARTESIAN_POINT('',(-39.69739039457,11.777443272671,0.));
#634 = VECTOR('',#635,1.);
#635 = DIRECTION('',(0.5,-0.866025403784,0.));
#636 = PCURVE('',#162,#637);
#637 = DEFINITIONAL_REPRESENTATION('',(#638),#641);
#638 = B_SPLINE_CURVE_WITH_KNOTS('',1,(#639,#640),.UNSPECIFIED.,.F.,.F.,
  (2,2),(-40.79826026305,-30.04826026305),.PIECEWISE_BEZIER_KNOTS.);
#639 = CARTESIAN_POINT('',(-60.0965205261,47.109773090683));
#640 = CARTESIAN_POINT('',(-54.7215205261,37.8));
#641 = ( GEOMETRIC_REPRESENTATION_CONTEXT(2) 
PARAMETRIC_REPRESENTATION_CONTEXT() REPRESENTATION_CONTEXT('2D SPACE',''
  ) );
#642 = PCURVE('',#643,#648);
#643 = PLANE('',#644);
#644 = AXIS2_PLACEMENT_3D('',#645,#646,#647);
#645 = CARTESIAN_POINT('',(-54.7215205261,37.8,-14.));
#646 = DIRECTION('',(-0.866025403784,-0.5,0.));
#647 = DIRECTION('',(-0.5,0.866025403784,0.));
#648 = DEFINITIONAL_REPRESENTATION('',(#649),#652);
#649 = B_SPLINE_CURVE_WITH_KNOTS('',1,(#650,#651),.UNSPECIFIED.,.F.,.F.,
  (2,2),(-40.79826026305,-30.04826026305),.PIECEWISE_BEZIER_KNOTS.);
#650 = CARTESIAN_POINT('',(10.75,-14.));
#651 = CARTESIAN_POINT('',(0.,-14.));
#652 = ( GEOMETRIC_REPRESENTATION_CONTEXT(2) 
PARAMETRIC_REPRESENTATION_CONTEXT() REPRESENTATION_CONTEXT('2D SPACE',''
  ) );
#653 = ORIENTED_EDGE('',*,*,#654,.T.);
#654 = EDGE_CURVE('',#629,#655,#657,.T.);
#655 = VERTEX_POINT('',#656);
#656 = CARTESIAN_POINT('',(-60.0965205261,28.490226909317,0.));
#657 = SURFACE_CURVE('',#658,(#662,#668),.PCURVE_S1.);
#658 = LINE('',#659,#660);
#659 = CARTESIAN_POINT('',(-58.7527705261,30.817670181988,
    1.7763568394E-15));
#660 = VECTOR('',#661,1.);
#661 = DIRECTION('',(-0.5,-0.866025403784,0.));
#662 = PCURVE('',#162,#663);
#663 = DEFINITIONAL_REPRESENTATION('',(#664),#667);
#664 = B_SPLINE_CURVE_WITH_KNOTS('',1,(#665,#666),.UNSPECIFIED.,.F.,.F.,
  (2,2),(-8.0625,2.6875),.PIECEWISE_BEZIER_KNOTS.);
#665 = CARTESIAN_POINT('',(-54.7215205261,37.8));
#666 = CARTESIAN_POINT('',(-60.0965205261,28.490226909317));
#667 = ( GEOMETRIC_REPRESENTATION_CONTEXT(2) 
PARAMETRIC_REPRESENTATION_CONTEXT() REPRESENTATION_CONTEXT('2D SPACE',''
  ) );
#668 = PCURVE('',#669,#674);
#669 = PLANE('',#670);
#670 = AXIS2_PLACEMENT_3D('',#671,#672,#673);
#671 = CARTESIAN_POINT('',(-60.0965205261,28.490226909317,-14.));
#672 = DIRECTION('',(-0.866025403784,0.5,0.));
#673 = DIRECTION('',(0.5,0.866025403784,0.));
#674 = DEFINITIONAL_REPRESENTATION('',(#675),#678);
#675 = B_SPLINE_CURVE_WITH_KNOTS('',1,(#676,#677),.UNSPECIFIED.,.F.,.F.,
  (2,2),(-8.0625,2.6875),.PIECEWISE_BEZIER_KNOTS.);
#676 = CARTESIAN_POINT('',(10.75,-14.));
#677 = CARTESIAN_POINT('',(0.,-14.));
#678 = ( GEOMETRIC_REPRESENTATION_CONTEXT(2) 
PARAMETRIC_REPRESENTATION_CONTEXT() REPRESENTATION_CONTEXT('2D SPACE',''
  ) );
#679 = ORIENTED_EDGE('',*,*,#680,.T.);
#680 = EDGE_CURVE('',#655,#681,#683,.T.);
#681 = VERTEX_POINT('',#682);
#682 = CARTESIAN_POINT('',(-70.8465205261,28.490226909317,0.));
#683 = SURFACE_CURVE('',#684,(#688,#694),.PCURVE_S1.);
#684 = LINE('',#685,#686);
#685 = CARTESIAN_POINT('',(-35.42326026305,28.490226909317,0.));
#686 = VECTOR('',#687,1.);
#687 = DIRECTION('',(-1.,5.551115123126E-17,0.));
#688 = PCURVE('',#162,#689);
#689 = DEFINITIONAL_REPRESENTATION('',(#690),#693);
#690 = B_SPLINE_CURVE_WITH_KNOTS('',1,(#691,#692),.UNSPECIFIED.,.F.,.F.,
  (2,2),(24.673260263052,35.423260263052),.PIECEWISE_BEZIER_KNOTS.);
#691 = CARTESIAN_POINT('',(-60.0965205261,28.490226909317));
#692 = CARTESIAN_POINT('',(-70.8465205261,28.490226909317));
#693 = ( GEOMETRIC_REPRESENTATION_CONTEXT(2) 
PARAMETRIC_REPRESENTATION_CONTEXT() REPRESENTATION_CONTEXT('2D SPACE',''
  ) );
#694 = PCURVE('',#695,#700);
#695 = PLANE('',#696);
#696 = AXIS2_PLACEMENT_3D('',#697,#698,#699);
#697 = CARTESIAN_POINT('',(-70.8465205261,28.490226909317,-14.));
#698 = DIRECTION('',(5.551115123126E-17,1.,0.));
#699 = DIRECTION('',(1.,-5.551115123126E-17,0.));
#700 = DEFINITIONAL_REPRESENTATION('',(#701),#704);
#701 = B_SPLINE_CURVE_WITH_KNOTS('',1,(#702,#703),.UNSPECIFIED.,.F.,.F.,
  (2,2),(24.673260263052,35.423260263052),.PIECEWISE_BEZIER_KNOTS.);
#702 = CARTESIAN_POINT('',(10.75,-14.));
#703 = CARTESIAN_POINT('',(0.,-14.));
#704 = ( GEOMETRIC_REPRESENTATION_CONTEXT(2) 
PARAMETRIC_REPRESENTATION_CONTEXT() REPRESENTATION_CONTEXT('2D SPACE',''
  ) );
#705 = ORIENTED_EDGE('',*,*,#706,.T.);
#706 = EDGE_CURVE('',#681,#112,#707,.T.);
#707 = SURFACE_CURVE('',#708,(#712,#718),.PCURVE_S1.);
#708 = LINE('',#709,#710);
#709 = CARTESIAN_POINT('',(-58.50989039457,7.122556727329,0.));
#710 = VECTOR('',#711,1.);
#711 = DIRECTION('',(-0.5,0.866025403784,0.));
#712 = PCURVE('',#162,#713);
#713 = DEFINITIONAL_REPRESENTATION('',(#714),#717);
#714 = B_SPLINE_CURVE_WITH_KNOTS('',1,(#715,#716),.UNSPECIFIED.,.F.,.F.,
  (2,2),(24.673260263052,35.423260263052),.PIECEWISE_BEZIER_KNOTS.);
#715 = CARTESIAN_POINT('',(-70.8465205261,28.490226909317));
#716 = CARTESIAN_POINT('',(-76.2215205261,37.8));
#717 = ( GEOMETRIC_REPRESENTATION_CONTEXT(2) 
PARAMETRIC_REPRESENTATION_CONTEXT() REPRESENTATION_CONTEXT('2D SPACE',''
  ) );
#718 = PCURVE('',#131,#719);
#719 = DEFINITIONAL_REPRESENTATION('',(#720),#723);
#720 = B_SPLINE_CURVE_WITH_KNOTS('',1,(#721,#722),.UNSPECIFIED.,.F.,.F.,
  (2,2),(24.673260263052,35.423260263052),.PIECEWISE_BEZIER_KNOTS.);
#721 = CARTESIAN_POINT('',(10.75,-14.));
#722 = CARTESIAN_POINT('',(0.,-14.));
#723 = ( GEOMETRIC_REPRESENTATION_CONTEXT(2) 
PARAMETRIC_REPRESENTATION_CONTEXT() REPRESENTATION_CONTEXT('2D SPACE',''
  ) );
#724 = ORIENTED_EDGE('',*,*,#145,.T.);
#725 = ORIENTED_EDGE('',*,*,#196,.T.);
#726 = ORIENTED_EDGE('',*,*,#727,.T.);
#727 = EDGE_CURVE('',#197,#728,#730,.T.);
#728 = VERTEX_POINT('',#729);
#729 = CARTESIAN_POINT('',(70.846520526104,28.490226909317,0.));
#730 = SURFACE_CURVE('',#731,(#735,#741),.PCURVE_S1.);
#731 = LINE('',#732,#733);
#732 = CARTESIAN_POINT('',(55.822390394578,2.467670181988,
    1.7763568394E-15));
#733 = VECTOR('',#734,1.);
#734 = DIRECTION('',(-0.5,-0.866025403784,0.));
#735 = PCURVE('',#162,#736);
#736 = DEFINITIONAL_REPRESENTATION('',(#737),#740);
#737 = B_SPLINE_CURVE_WITH_KNOTS('',1,(#738,#739),.UNSPECIFIED.,.F.,.F.,
  (2,2),(-40.79826026305,-30.04826026305),.PIECEWISE_BEZIER_KNOTS.);
#738 = CARTESIAN_POINT('',(76.221520526104,37.8));
#739 = CARTESIAN_POINT('',(70.846520526104,28.490226909317));
#740 = ( GEOMETRIC_REPRESENTATION_CONTEXT(2) 
PARAMETRIC_REPRESENTATION_CONTEXT() REPRESENTATION_CONTEXT('2D SPACE',''
  ) );
#741 = PCURVE('',#240,#742);
#742 = DEFINITIONAL_REPRESENTATION('',(#743),#746);
#743 = B_SPLINE_CURVE_WITH_KNOTS('',1,(#744,#745),.UNSPECIFIED.,.F.,.F.,
  (2,2),(-40.79826026305,-30.04826026305),.PIECEWISE_BEZIER_KNOTS.);
#744 = CARTESIAN_POINT('',(10.75,-14.));
#745 = CARTESIAN_POINT('',(0.,-14.));
#746 = ( GEOMETRIC_REPRESENTATION_CONTEXT(2) 
PARAMETRIC_REPRESENTATION_CONTEXT() REPRESENTATION_CONTEXT('2D SPACE',''
  ) );
#747 = ORIENTED_EDGE('',*,*,#748,.T.);
#748 = EDGE_CURVE('',#728,#749,#751,.T.);
#749 = VERTEX_POINT('',#750);
#750 = CARTESIAN_POINT('',(60.096520526104,28.490226909317,0.));
#751 = SURFACE_CURVE('',#752,(#756,#762),.PCURVE_S1.);
#752 = LINE('',#753,#754);
#753 = CARTESIAN_POINT('',(30.048260263052,28.490226909317,0.));
#754 = VECTOR('',#755,1.);
#755 = DIRECTION('',(-1.,6.106226635438E-16,0.));
#756 = PCURVE('',#162,#757);
#757 = DEFINITIONAL_REPRESENTATION('',(#758),#761);
#758 = B_SPLINE_CURVE_WITH_KNOTS('',1,(#759,#760),.UNSPECIFIED.,.F.,.F.,
  (2,2),(-40.79826026305,-30.04826026305),.PIECEWISE_BEZIER_KNOTS.);
#759 = CARTESIAN_POINT('',(70.846520526104,28.490226909317));
#760 = CARTESIAN_POINT('',(60.096520526104,28.490226909317));
#761 = ( GEOMETRIC_REPRESENTATION_CONTEXT(2) 
PARAMETRIC_REPRESENTATION_CONTEXT() REPRESENTATION_CONTEXT('2D SPACE',''
  ) );
#762 = PCURVE('',#763,#768);
#763 = PLANE('',#764);
#764 = AXIS2_PLACEMENT_3D('',#765,#766,#767);
#765 = CARTESIAN_POINT('',(60.096520526104,28.490226909317,-14.));
#766 = DIRECTION('',(6.106226635438E-16,1.,0.));
#767 = DIRECTION('',(1.,-6.106226635438E-16,0.));
#768 = DEFINITIONAL_REPRESENTATION('',(#769),#772);
#769 = B_SPLINE_CURVE_WITH_KNOTS('',1,(#770,#771),.UNSPECIFIED.,.F.,.F.,
  (2,2),(-40.79826026305,-30.04826026305),.PIECEWISE_BEZIER_KNOTS.);
#770 = CARTESIAN_POINT('',(10.75,-14.));
#771 = CARTESIAN_POINT('',(0.,-14.));
#772 = ( GEOMETRIC_REPRESENTATION_CONTEXT(2) 
PARAMETRIC_REPRESENTATION_CONTEXT() REPRESENTATION_CONTEXT('2D SPACE',''
  ) );
#773 = ORIENTED_EDGE('',*,*,#774,.T.);
#774 = EDGE_CURVE('',#749,#775,#777,.T.);
#775 = VERTEX_POINT('',#776);
#776 = CARTESIAN_POINT('',(54.721520526104,37.8,0.));
#777 = SURFACE_CURVE('',#778,(#782,#788),.PCURVE_S1.);
#778 = LINE('',#779,#780);
#779 = CARTESIAN_POINT('',(56.065270526104,35.472556727329,0.));
#780 = VECTOR('',#781,1.);
#781 = DIRECTION('',(-0.5,0.866025403784,0.));
#782 = PCURVE('',#162,#783);
#783 = DEFINITIONAL_REPRESENTATION('',(#784),#787);
#784 = B_SPLINE_CURVE_WITH_KNOTS('',1,(#785,#786),.UNSPECIFIED.,.F.,.F.,
  (2,2),(-8.0625,2.6875),.PIECEWISE_BEZIER_KNOTS.);
#785 = CARTESIAN_POINT('',(60.096520526104,28.490226909317));
#786 = CARTESIAN_POINT('',(54.721520526104,37.8));
#787 = ( GEOMETRIC_REPRESENTATION_CONTEXT(2) 
PARAMETRIC_REPRESENTATION_CONTEXT() REPRESENTATION_CONTEXT('2D SPACE',''
  ) );
#788 = PCURVE('',#789,#794);
#789 = PLANE('',#790);
#790 = AXIS2_PLACEMENT_3D('',#791,#792,#793);
#791 = CARTESIAN_POINT('',(54.721520526104,37.8,-14.));
#792 = DIRECTION('',(0.866025403784,0.5,0.));
#793 = DIRECTION('',(0.5,-0.866025403784,0.));
#794 = DEFINITIONAL_REPRESENTATION('',(#795),#798);
#795 = B_SPLINE_CURVE_WITH_KNOTS('',1,(#796,#797),.UNSPECIFIED.,.F.,.F.,
  (2,2),(-8.0625,2.6875),.PIECEWISE_BEZIER_KNOTS.);
#796 = CARTESIAN_POINT('',(10.75,-14.));
#797 = CARTESIAN_POINT('',(0.,-14.));
#798 = ( GEOMETRIC_REPRESENTATION_CONTEXT(2) 
PARAMETRIC_REPRESENTATION_CONTEXT() REPRESENTATION_CONTEXT('2D SPACE',''
  ) );
#799 = ORIENTED_EDGE('',*,*,#800,.T.);
#800 = EDGE_CURVE('',#775,#586,#801,.T.);
#801 = SURFACE_CURVE('',#802,(#806,#812),.PCURVE_S1.);
#802 = LINE('',#803,#804);
#803 = CARTESIAN_POINT('',(42.384890394578,16.432329818012,
    1.7763568394E-15));
#804 = VECTOR('',#805,1.);
#805 = DIRECTION('',(0.5,0.866025403784,-0.));
#806 = PCURVE('',#162,#807);
#807 = DEFINITIONAL_REPRESENTATION('',(#808),#811);
#808 = B_SPLINE_CURVE_WITH_KNOTS('',1,(#809,#810),.UNSPECIFIED.,.F.,.F.,
  (2,2),(24.673260263052,35.423260263052),.PIECEWISE_BEZIER_KNOTS.);
#809 = CARTESIAN_POINT('',(54.721520526104,37.8));
#810 = CARTESIAN_POINT('',(60.096520526104,47.109773090683));
#811 = ( GEOMETRIC_REPRESENTATION_CONTEXT(2) 
PARAMETRIC_REPRESENTATION_CONTEXT() REPRESENTATION_CONTEXT('2D SPACE',''
  ) );
#812 = PCURVE('',#813,#818);
#813 = PLANE('',#814);
#814 = AXIS2_PLACEMENT_3D('',#815,#816,#817);
#815 = CARTESIAN_POINT('',(60.096520526104,47.109773090683,-14.));
#816 = DIRECTION('',(0.866025403784,-0.5,0.));
#817 = DIRECTION('',(-0.5,-0.866025403784,0.));
#818 = DEFINITIONAL_REPRESENTATION('',(#819),#822);
#819 = B_SPLINE_CURVE_WITH_KNOTS('',1,(#820,#821),.UNSPECIFIED.,.F.,.F.,
  (2,2),(24.673260263052,35.423260263052),.PIECEWISE_BEZIER_KNOTS.);
#820 = CARTESIAN_POINT('',(10.75,-14.));
#821 = CARTESIAN_POINT('',(0.,-14.));
#822 = ( GEOMETRIC_REPRESENTATION_CONTEXT(2) 
PARAMETRIC_REPRESENTATION_CONTEXT() REPRESENTATION_CONTEXT('2D SPACE',''
  ) );
#823 = FACE_BOUND('',#824,.F.);
#824 = EDGE_LOOP('',(#825));
#825 = ORIENTED_EDGE('',*,*,#826,.F.);
#826 = EDGE_CURVE('',#827,#827,#829,.T.);
#827 = VERTEX_POINT('',#828);
#828 = CARTESIAN_POINT('',(66.,1.235726496974E-15,0.));
#829 = SURFACE_CURVE('',#830,(#835,#842),.PCURVE_S1.);
#830 = CIRCLE('',#831,66.);
#831 = AXIS2_PLACEMENT_3D('',#832,#833,#834);
#832 = CARTESIAN_POINT('',(4.374471799288E-13,1.235726496974E-15,0.));
#833 = DIRECTION('',(0.,0.,1.));
#834 = DIRECTION('',(1.,0.,-0.));
#835 = PCURVE('',#162,#836);
#836 = DEFINITIONAL_REPRESENTATION('',(#837),#841);
#837 = CIRCLE('',#838,66.);
#838 = AXIS2_PLACEMENT_2D('',#839,#840);
#839 = CARTESIAN_POINT('',(4.431547561342E-13,-6.423842396405E-15));
#840 = DIRECTION('',(1.,0.));
#841 = ( GEOMETRIC_REPRESENTATION_CONTEXT(2) 
PARAMETRIC_REPRESENTATION_CONTEXT() REPRESENTATION_CONTEXT('2D SPACE',''
  ) );
#842 = PCURVE('',#843,#848);
#843 = TOROIDAL_SURFACE('',#844,66.,7.);
#844 = AXIS2_PLACEMENT_3D('',#845,#846,#847);
#845 = CARTESIAN_POINT('',(4.374471799288E-13,1.235726496974E-15,7.));
#846 = DIRECTION('',(0.,0.,1.));
#847 = DIRECTION('',(1.,0.,-0.));
#848 = DEFINITIONAL_REPRESENTATION('',(#849),#853);
#849 = LINE('',#850,#851);
#850 = CARTESIAN_POINT('',(0.,4.712388980385));
#851 = VECTOR('',#852,1.);
#852 = DIRECTION('',(1.,0.));
#853 = ( GEOMETRIC_REPRESENTATION_CONTEXT(2) 
PARAMETRIC_REPRESENTATION_CONTEXT() REPRESENTATION_CONTEXT('2D SPACE',''
  ) );
#854 = ADVANCED_FACE('',(#855),#240,.T.);
#855 = FACE_BOUND('',#856,.T.);
#856 = EDGE_LOOP('',(#857,#858,#881,#909,#930));
#857 = ORIENTED_EDGE('',*,*,#727,.T.);
#858 = ORIENTED_EDGE('',*,*,#859,.T.);
#859 = EDGE_CURVE('',#728,#860,#862,.T.);
#860 = VERTEX_POINT('',#861);
#861 = CARTESIAN_POINT('',(70.846520526104,28.490226909317,11.));
#862 = SURFACE_CURVE('',#863,(#867,#874),.PCURVE_S1.);
#863 = LINE('',#864,#865);
#864 = CARTESIAN_POINT('',(70.846520526104,28.490226909317,-14.));
#865 = VECTOR('',#866,1.);
#866 = DIRECTION('',(0.,0.,1.));
#867 = PCURVE('',#240,#868);
#868 = DEFINITIONAL_REPRESENTATION('',(#869),#873);
#869 = LINE('',#870,#871);
#870 = CARTESIAN_POINT('',(0.,0.));
#871 = VECTOR('',#872,1.);
#872 = DIRECTION('',(0.,-1.));
#873 = ( GEOMETRIC_REPRESENTATION_CONTEXT(2) 
PARAMETRIC_REPRESENTATION_CONTEXT() REPRESENTATION_CONTEXT('2D SPACE',''
  ) );
#874 = PCURVE('',#763,#875);
#875 = DEFINITIONAL_REPRESENTATION('',(#876),#880);
#876 = LINE('',#877,#878);
#877 = CARTESIAN_POINT('',(10.75,0.));
#878 = VECTOR('',#879,1.);
#879 = DIRECTION('',(0.,-1.));
#880 = ( GEOMETRIC_REPRESENTATION_CONTEXT(2) 
PARAMETRIC_REPRESENTATION_CONTEXT() REPRESENTATION_CONTEXT('2D SPACE',''
  ) );
#881 = ORIENTED_EDGE('',*,*,#882,.T.);
#882 = EDGE_CURVE('',#860,#883,#885,.T.);
#883 = VERTEX_POINT('',#884);
#884 = CARTESIAN_POINT('',(76.221520526104,37.8,11.));
#885 = SURFACE_CURVE('',#886,(#890,#897),.PCURVE_S1.);
#886 = LINE('',#887,#888);
#887 = CARTESIAN_POINT('',(70.846520526104,28.490226909317,11.));
#888 = VECTOR('',#889,1.);
#889 = DIRECTION('',(0.5,0.866025403784,0.));
#890 = PCURVE('',#240,#891);
#891 = DEFINITIONAL_REPRESENTATION('',(#892),#896);
#892 = LINE('',#893,#894);
#893 = CARTESIAN_POINT('',(0.,-25.));
#894 = VECTOR('',#895,1.);
#895 = DIRECTION('',(1.,0.));
#896 = ( GEOMETRIC_REPRESENTATION_CONTEXT(2) 
PARAMETRIC_REPRESENTATION_CONTEXT() REPRESENTATION_CONTEXT('2D SPACE',''
  ) );
#897 = PCURVE('',#898,#903);
#898 = PLANE('',#899);
#899 = AXIS2_PLACEMENT_3D('',#900,#901,#902);
#900 = CARTESIAN_POINT('',(65.471520526104,37.8,11.));
#901 = DIRECTION('',(0.,0.,1.));
#902 = DIRECTION('',(0.5,0.866025403784,0.));
#903 = DEFINITIONAL_REPRESENTATION('',(#904),#908);
#904 = LINE('',#905,#906);
#905 = CARTESIAN_POINT('',(-5.375,-9.309773090683));
#906 = VECTOR('',#907,1.);
#907 = DIRECTION('',(1.,-4.996003610813E-16));
#908 = ( GEOMETRIC_REPRESENTATION_CONTEXT(2) 
PARAMETRIC_REPRESENTATION_CONTEXT() REPRESENTATION_CONTEXT('2D SPACE',''
  ) );
#909 = ORIENTED_EDGE('',*,*,#910,.F.);
#910 = EDGE_CURVE('',#221,#883,#911,.T.);
#911 = SURFACE_CURVE('',#912,(#916,#923),.PCURVE_S1.);
#912 = LINE('',#913,#914);
#913 = CARTESIAN_POINT('',(76.221520526104,37.8,-14.));
#914 = VECTOR('',#915,1.);
#915 = DIRECTION('',(0.,0.,1.));
#916 = PCURVE('',#240,#917);
#917 = DEFINITIONAL_REPRESENTATION('',(#918),#922);
#918 = LINE('',#919,#920);
#919 = CARTESIAN_POINT('',(10.75,0.));
#920 = VECTOR('',#921,1.);
#921 = DIRECTION('',(0.,-1.));
#922 = ( GEOMETRIC_REPRESENTATION_CONTEXT(2) 
PARAMETRIC_REPRESENTATION_CONTEXT() REPRESENTATION_CONTEXT('2D SPACE',''
  ) );
#923 = PCURVE('',#274,#924);
#924 = DEFINITIONAL_REPRESENTATION('',(#925),#929);
#925 = LINE('',#926,#927);
#926 = CARTESIAN_POINT('',(0.,0.));
#927 = VECTOR('',#928,1.);
#928 = DIRECTION('',(0.,-1.));
#929 = ( GEOMETRIC_REPRESENTATION_CONTEXT(2) 
PARAMETRIC_REPRESENTATION_CONTEXT() REPRESENTATION_CONTEXT('2D SPACE',''
  ) );
#930 = ORIENTED_EDGE('',*,*,#220,.T.);
#931 = ADVANCED_FACE('',(#932),#274,.T.);
#932 = FACE_BOUND('',#933,.T.);
#933 = EDGE_LOOP('',(#934,#935,#936,#959,#980,#981));
#934 = ORIENTED_EDGE('',*,*,#254,.F.);
#935 = ORIENTED_EDGE('',*,*,#910,.T.);
#936 = ORIENTED_EDGE('',*,*,#937,.T.);
#937 = EDGE_CURVE('',#883,#938,#940,.T.);
#938 = VERTEX_POINT('',#939);
#939 = CARTESIAN_POINT('',(70.846520526104,47.109773090683,11.));
#940 = SURFACE_CURVE('',#941,(#945,#952),.PCURVE_S1.);
#941 = LINE('',#942,#943);
#942 = CARTESIAN_POINT('',(76.221520526104,37.8,11.));
#943 = VECTOR('',#944,1.);
#944 = DIRECTION('',(-0.5,0.866025403784,0.));
#945 = PCURVE('',#274,#946);
#946 = DEFINITIONAL_REPRESENTATION('',(#947),#951);
#947 = LINE('',#948,#949);
#948 = CARTESIAN_POINT('',(0.,-25.));
#949 = VECTOR('',#950,1.);
#950 = DIRECTION('',(1.,0.));
#951 = ( GEOMETRIC_REPRESENTATION_CONTEXT(2) 
PARAMETRIC_REPRESENTATION_CONTEXT() REPRESENTATION_CONTEXT('2D SPACE',''
  ) );
#952 = PCURVE('',#898,#953);
#953 = DEFINITIONAL_REPRESENTATION('',(#954),#958);
#954 = LINE('',#955,#956);
#955 = CARTESIAN_POINT('',(5.375,-9.309773090683));
#956 = VECTOR('',#957,1.);
#957 = DIRECTION('',(0.5,0.866025403784));
#958 = ( GEOMETRIC_REPRESENTATION_CONTEXT(2) 
PARAMETRIC_REPRESENTATION_CONTEXT() REPRESENTATION_CONTEXT('2D SPACE',''
  ) );
#959 = ORIENTED_EDGE('',*,*,#960,.F.);
#960 = EDGE_CURVE('',#318,#938,#961,.T.);
#961 = SURFACE_CURVE('',#962,(#966,#973),.PCURVE_S1.);
#962 = LINE('',#963,#964);
#963 = CARTESIAN_POINT('',(70.846520526104,47.109773090683,-14.));
#964 = VECTOR('',#965,1.);
#965 = DIRECTION('',(0.,0.,1.));
#966 = PCURVE('',#274,#967);
#967 = DEFINITIONAL_REPRESENTATION('',(#968),#972);
#968 = LINE('',#969,#970);
#969 = CARTESIAN_POINT('',(10.75,0.));
#970 = VECTOR('',#971,1.);
#971 = DIRECTION('',(0.,-1.));
#972 = ( GEOMETRIC_REPRESENTATION_CONTEXT(2) 
PARAMETRIC_REPRESENTATION_CONTEXT() REPRESENTATION_CONTEXT('2D SPACE',''
  ) );
#973 = PCURVE('',#366,#974);
#974 = DEFINITIONAL_REPRESENTATION('',(#975),#979);
#975 = LINE('',#976,#977);
#976 = CARTESIAN_POINT('',(0.,0.));
#977 = VECTOR('',#978,1.);
#978 = DIRECTION('',(0.,-1.));
#979 = ( GEOMETRIC_REPRESENTATION_CONTEXT(2) 
PARAMETRIC_REPRESENTATION_CONTEXT() REPRESENTATION_CONTEXT('2D SPACE',''
  ) );
#980 = ORIENTED_EDGE('',*,*,#317,.T.);
#981 = ORIENTED_EDGE('',*,*,#982,.T.);
#982 = EDGE_CURVE('',#289,#255,#983,.T.);
#983 = SURFACE_CURVE('',#984,(#988,#994),.PCURVE_S1.);
#984 = LINE('',#985,#986);
#985 = CARTESIAN_POINT('',(74.877770526104,40.127443272671,0.));
#986 = VECTOR('',#987,1.);
#987 = DIRECTION('',(0.5,-0.866025403784,0.));
#988 = PCURVE('',#274,#989);
#989 = DEFINITIONAL_REPRESENTATION('',(#990),#993);
#990 = B_SPLINE_CURVE_WITH_KNOTS('',1,(#991,#992),.UNSPECIFIED.,.F.,.F.,
  (2,2),(-8.0625,2.6875),.PIECEWISE_BEZIER_KNOTS.);
#991 = CARTESIAN_POINT('',(10.75,-14.));
#992 = CARTESIAN_POINT('',(0.,-14.));
#993 = ( GEOMETRIC_REPRESENTATION_CONTEXT(2) 
PARAMETRIC_REPRESENTATION_CONTEXT() REPRESENTATION_CONTEXT('2D SPACE',''
  ) );
#994 = PCURVE('',#305,#995);
#995 = DEFINITIONAL_REPRESENTATION('',(#996),#999);
#996 = B_SPLINE_CURVE_WITH_KNOTS('',1,(#997,#998),.UNSPECIFIED.,.F.,.F.,
  (2,2),(-8.0625,2.6875),.PIECEWISE_BEZIER_KNOTS.);
#997 = CARTESIAN_POINT('',(70.846520526104,47.109773090683));
#998 = CARTESIAN_POINT('',(76.221520526104,37.8));
#999 = ( GEOMETRIC_REPRESENTATION_CONTEXT(2) 
PARAMETRIC_REPRESENTATION_CONTEXT() REPRESENTATION_CONTEXT('2D SPACE',''
  ) );
#1000 = ADVANCED_FACE('',(#1001),#305,.F.);
#1001 = FACE_BOUND('',#1002,.F.);
#1002 = EDGE_LOOP('',(#1003,#1004));
#1003 = ORIENTED_EDGE('',*,*,#982,.T.);
#1004 = ORIENTED_EDGE('',*,*,#288,.T.);
#1005 = ADVANCED_FACE('',(#1006),#366,.T.);
#1006 = FACE_BOUND('',#1007,.T.);
#1007 = EDGE_LOOP('',(#1008,#1009,#1010,#1033,#1054));
#1008 = ORIENTED_EDGE('',*,*,#346,.F.);
#1009 = ORIENTED_EDGE('',*,*,#960,.T.);
#1010 = ORIENTED_EDGE('',*,*,#1011,.T.);
#1011 = EDGE_CURVE('',#938,#1012,#1014,.T.);
#1012 = VERTEX_POINT('',#1013);
#1013 = CARTESIAN_POINT('',(60.096520526104,47.109773090683,11.));
#1014 = SURFACE_CURVE('',#1015,(#1019,#1026),.PCURVE_S1.);
#1015 = LINE('',#1016,#1017);
#1016 = CARTESIAN_POINT('',(70.846520526104,47.109773090683,11.));
#1017 = VECTOR('',#1018,1.);
#1018 = DIRECTION('',(-1.,2.22044604925E-16,0.));
#1019 = PCURVE('',#366,#1020);
#1020 = DEFINITIONAL_REPRESENTATION('',(#1021),#1025);
#1021 = LINE('',#1022,#1023);
#1022 = CARTESIAN_POINT('',(0.,-25.));
#1023 = VECTOR('',#1024,1.);
#1024 = DIRECTION('',(1.,0.));
#1025 = ( GEOMETRIC_REPRESENTATION_CONTEXT(2) 
PARAMETRIC_REPRESENTATION_CONTEXT() REPRESENTATION_CONTEXT('2D SPACE',''
  ) );
#1026 = PCURVE('',#898,#1027);
#1027 = DEFINITIONAL_REPRESENTATION('',(#1028),#1032);
#1028 = LINE('',#1029,#1030);
#1029 = CARTESIAN_POINT('',(10.75,0.));
#1030 = VECTOR('',#1031,1.);
#1031 = DIRECTION('',(-0.5,0.866025403784));
#1032 = ( GEOMETRIC_REPRESENTATION_CONTEXT(2) 
PARAMETRIC_REPRESENTATION_CONTEXT() REPRESENTATION_CONTEXT('2D SPACE',''
  ) );
#1033 = ORIENTED_EDGE('',*,*,#1034,.F.);
#1034 = EDGE_CURVE('',#586,#1012,#1035,.T.);
#1035 = SURFACE_CURVE('',#1036,(#1040,#1047),.PCURVE_S1.);
#1036 = LINE('',#1037,#1038);
#1037 = CARTESIAN_POINT('',(60.096520526104,47.109773090683,-14.));
#1038 = VECTOR('',#1039,1.);
#1039 = DIRECTION('',(0.,0.,1.));
#1040 = PCURVE('',#366,#1041);
#1041 = DEFINITIONAL_REPRESENTATION('',(#1042),#1046);
#1042 = LINE('',#1043,#1044);
#1043 = CARTESIAN_POINT('',(10.75,0.));
#1044 = VECTOR('',#1045,1.);
#1045 = DIRECTION('',(0.,-1.));
#1046 = ( GEOMETRIC_REPRESENTATION_CONTEXT(2) 
PARAMETRIC_REPRESENTATION_CONTEXT() REPRESENTATION_CONTEXT('2D SPACE',''
  ) );
#1047 = PCURVE('',#813,#1048);
#1048 = DEFINITIONAL_REPRESENTATION('',(#1049),#1053);
#1049 = LINE('',#1050,#1051);
#1050 = CARTESIAN_POINT('',(0.,0.));
#1051 = VECTOR('',#1052,1.);
#1052 = DIRECTION('',(0.,-1.));
#1053 = ( GEOMETRIC_REPRESENTATION_CONTEXT(2) 
PARAMETRIC_REPRESENTATION_CONTEXT() REPRESENTATION_CONTEXT('2D SPACE',''
  ) );
#1054 = ORIENTED_EDGE('',*,*,#585,.T.);
#1055 = ADVANCED_FACE('',(#1056),#424,.T.);
#1056 = FACE_BOUND('',#1057,.T.);
#1057 = EDGE_LOOP('',(#1058,#1059,#1082,#1110,#1131));
#1058 = ORIENTED_EDGE('',*,*,#607,.T.);
#1059 = ORIENTED_EDGE('',*,*,#1060,.T.);
#1060 = EDGE_CURVE('',#608,#1061,#1063,.T.);
#1061 = VERTEX_POINT('',#1062);
#1062 = CARTESIAN_POINT('',(-60.0965205261,47.109773090683,11.));
#1063 = SURFACE_CURVE('',#1064,(#1068,#1075),.PCURVE_S1.);
#1064 = LINE('',#1065,#1066);
#1065 = CARTESIAN_POINT('',(-60.0965205261,47.109773090683,-14.));
#1066 = VECTOR('',#1067,1.);
#1067 = DIRECTION('',(0.,0.,1.));
#1068 = PCURVE('',#424,#1069);
#1069 = DEFINITIONAL_REPRESENTATION('',(#1070),#1074);
#1070 = LINE('',#1071,#1072);
#1071 = CARTESIAN_POINT('',(0.,0.));
#1072 = VECTOR('',#1073,1.);
#1073 = DIRECTION('',(0.,-1.));
#1074 = ( GEOMETRIC_REPRESENTATION_CONTEXT(2) 
PARAMETRIC_REPRESENTATION_CONTEXT() REPRESENTATION_CONTEXT('2D SPACE',''
  ) );
#1075 = PCURVE('',#643,#1076);
#1076 = DEFINITIONAL_REPRESENTATION('',(#1077),#1081);
#1077 = LINE('',#1078,#1079);
#1078 = CARTESIAN_POINT('',(10.75,0.));
#1079 = VECTOR('',#1080,1.);
#1080 = DIRECTION('',(0.,-1.));
#1081 = ( GEOMETRIC_REPRESENTATION_CONTEXT(2) 
PARAMETRIC_REPRESENTATION_CONTEXT() REPRESENTATION_CONTEXT('2D SPACE',''
  ) );
#1082 = ORIENTED_EDGE('',*,*,#1083,.T.);
#1083 = EDGE_CURVE('',#1061,#1084,#1086,.T.);
#1084 = VERTEX_POINT('',#1085);
#1085 = CARTESIAN_POINT('',(-70.8465205261,47.109773090683,11.));
#1086 = SURFACE_CURVE('',#1087,(#1091,#1098),.PCURVE_S1.);
#1087 = LINE('',#1088,#1089);
#1088 = CARTESIAN_POINT('',(-60.0965205261,47.109773090683,11.));
#1089 = VECTOR('',#1090,1.);
#1090 = DIRECTION('',(-1.,-5.551115123126E-17,0.));
#1091 = PCURVE('',#424,#1092);
#1092 = DEFINITIONAL_REPRESENTATION('',(#1093),#1097);
#1093 = LINE('',#1094,#1095);
#1094 = CARTESIAN_POINT('',(0.,-25.));
#1095 = VECTOR('',#1096,1.);
#1096 = DIRECTION('',(1.,0.));
#1097 = ( GEOMETRIC_REPRESENTATION_CONTEXT(2) 
PARAMETRIC_REPRESENTATION_CONTEXT() REPRESENTATION_CONTEXT('2D SPACE',''
  ) );
#1098 = PCURVE('',#1099,#1104);
#1099 = PLANE('',#1100);
#1100 = AXIS2_PLACEMENT_3D('',#1101,#1102,#1103);
#1101 = CARTESIAN_POINT('',(-65.4715205261,37.8,11.));
#1102 = DIRECTION('',(0.,0.,1.));
#1103 = DIRECTION('',(0.5,-0.866025403784,0.));
#1104 = DEFINITIONAL_REPRESENTATION('',(#1105),#1109);
#1105 = LINE('',#1106,#1107);
#1106 = CARTESIAN_POINT('',(-5.375,9.309773090683));
#1107 = VECTOR('',#1108,1.);
#1108 = DIRECTION('',(-0.5,-0.866025403784));
#1109 = ( GEOMETRIC_REPRESENTATION_CONTEXT(2) 
PARAMETRIC_REPRESENTATION_CONTEXT() REPRESENTATION_CONTEXT('2D SPACE',''
  ) );
#1110 = ORIENTED_EDGE('',*,*,#1111,.F.);
#1111 = EDGE_CURVE('',#405,#1084,#1112,.T.);
#1112 = SURFACE_CURVE('',#1113,(#1117,#1124),.PCURVE_S1.);
#1113 = LINE('',#1114,#1115);
#1114 = CARTESIAN_POINT('',(-70.8465205261,47.109773090683,-14.));
#1115 = VECTOR('',#1116,1.);
#1116 = DIRECTION('',(0.,0.,1.));
#1117 = PCURVE('',#424,#1118);
#1118 = DEFINITIONAL_REPRESENTATION('',(#1119),#1123);
#1119 = LINE('',#1120,#1121);
#1120 = CARTESIAN_POINT('',(10.75,0.));
#1121 = VECTOR('',#1122,1.);
#1122 = DIRECTION('',(0.,-1.));
#1123 = ( GEOMETRIC_REPRESENTATION_CONTEXT(2) 
PARAMETRIC_REPRESENTATION_CONTEXT() REPRESENTATION_CONTEXT('2D SPACE',''
  ) );
#1124 = PCURVE('',#458,#1125);
#1125 = DEFINITIONAL_REPRESENTATION('',(#1126),#1130);
#1126 = LINE('',#1127,#1128);
#1127 = CARTESIAN_POINT('',(0.,0.));
#1128 = VECTOR('',#1129,1.);
#1129 = DIRECTION('',(0.,-1.));
#1130 = ( GEOMETRIC_REPRESENTATION_CONTEXT(2) 
PARAMETRIC_REPRESENTATION_CONTEXT() REPRESENTATION_CONTEXT('2D SPACE',''
  ) );
#1131 = ORIENTED_EDGE('',*,*,#404,.T.);
#1132 = ADVANCED_FACE('',(#1133),#458,.T.);
#1133 = FACE_BOUND('',#1134,.T.);
#1134 = EDGE_LOOP('',(#1135,#1136,#1137,#1160,#1181,#1182));
#1135 = ORIENTED_EDGE('',*,*,#438,.F.);
#1136 = ORIENTED_EDGE('',*,*,#1111,.T.);
#1137 = ORIENTED_EDGE('',*,*,#1138,.T.);
#1138 = EDGE_CURVE('',#1084,#1139,#1141,.T.);
#1139 = VERTEX_POINT('',#1140);
#1140 = CARTESIAN_POINT('',(-76.2215205261,37.8,11.));
#1141 = SURFACE_CURVE('',#1142,(#1146,#1153),.PCURVE_S1.);
#1142 = LINE('',#1143,#1144);
#1143 = CARTESIAN_POINT('',(-70.8465205261,47.109773090683,11.));
#1144 = VECTOR('',#1145,1.);
#1145 = DIRECTION('',(-0.5,-0.866025403784,0.));
#1146 = PCURVE('',#458,#1147);
#1147 = DEFINITIONAL_REPRESENTATION('',(#1148),#1152);
#1148 = LINE('',#1149,#1150);
#1149 = CARTESIAN_POINT('',(0.,-25.));
#1150 = VECTOR('',#1151,1.);
#1151 = DIRECTION('',(1.,0.));
#1152 = ( GEOMETRIC_REPRESENTATION_CONTEXT(2) 
PARAMETRIC_REPRESENTATION_CONTEXT() REPRESENTATION_CONTEXT('2D SPACE',''
  ) );
#1153 = PCURVE('',#1099,#1154);
#1154 = DEFINITIONAL_REPRESENTATION('',(#1155),#1159);
#1155 = LINE('',#1156,#1157);
#1156 = CARTESIAN_POINT('',(-10.75,1.68753899743E-14));
#1157 = VECTOR('',#1158,1.);
#1158 = DIRECTION('',(0.5,-0.866025403784));
#1159 = ( GEOMETRIC_REPRESENTATION_CONTEXT(2) 
PARAMETRIC_REPRESENTATION_CONTEXT() REPRESENTATION_CONTEXT('2D SPACE',''
  ) );
#1160 = ORIENTED_EDGE('',*,*,#1161,.F.);
#1161 = EDGE_CURVE('',#110,#1139,#1162,.T.);
#1162 = SURFACE_CURVE('',#1163,(#1167,#1174),.PCURVE_S1.);
#1163 = LINE('',#1164,#1165);
#1164 = CARTESIAN_POINT('',(-76.2215205261,37.8,-14.));
#1165 = VECTOR('',#1166,1.);
#1166 = DIRECTION('',(0.,0.,1.));
#1167 = PCURVE('',#458,#1168);
#1168 = DEFINITIONAL_REPRESENTATION('',(#1169),#1173);
#1169 = LINE('',#1170,#1171);
#1170 = CARTESIAN_POINT('',(10.75,0.));
#1171 = VECTOR('',#1172,1.);
#1172 = DIRECTION('',(0.,-1.));
#1173 = ( GEOMETRIC_REPRESENTATION_CONTEXT(2) 
PARAMETRIC_REPRESENTATION_CONTEXT() REPRESENTATION_CONTEXT('2D SPACE',''
  ) );
#1174 = PCURVE('',#131,#1175);
#1175 = DEFINITIONAL_REPRESENTATION('',(#1176),#1180);
#1176 = LINE('',#1177,#1178);
#1177 = CARTESIAN_POINT('',(0.,0.));
#1178 = VECTOR('',#1179,1.);
#1179 = DIRECTION('',(0.,-1.));
#1180 = ( GEOMETRIC_REPRESENTATION_CONTEXT(2) 
PARAMETRIC_REPRESENTATION_CONTEXT() REPRESENTATION_CONTEXT('2D SPACE',''
  ) );
#1181 = ORIENTED_EDGE('',*,*,#501,.T.);
#1182 = ORIENTED_EDGE('',*,*,#1183,.T.);
#1183 = EDGE_CURVE('',#473,#439,#1184,.T.);
#1184 = SURFACE_CURVE('',#1185,(#1189,#1195),.PCURVE_S1.);
#1185 = LINE('',#1186,#1187);
#1186 = CARTESIAN_POINT('',(-72.1902705261,44.782329818012,
    1.7763568394E-15));
#1187 = VECTOR('',#1188,1.);
#1188 = DIRECTION('',(0.5,0.866025403784,-0.));
#1189 = PCURVE('',#458,#1190);
#1190 = DEFINITIONAL_REPRESENTATION('',(#1191),#1194);
#1191 = B_SPLINE_CURVE_WITH_KNOTS('',1,(#1192,#1193),.UNSPECIFIED.,.F.,
  .F.,(2,2),(-8.0625,2.6875),.PIECEWISE_BEZIER_KNOTS.);
#1192 = CARTESIAN_POINT('',(10.75,-14.));
#1193 = CARTESIAN_POINT('',(0.,-14.));
#1194 = ( GEOMETRIC_REPRESENTATION_CONTEXT(2) 
PARAMETRIC_REPRESENTATION_CONTEXT() REPRESENTATION_CONTEXT('2D SPACE',''
  ) );
#1195 = PCURVE('',#489,#1196);
#1196 = DEFINITIONAL_REPRESENTATION('',(#1197),#1200);
#1197 = B_SPLINE_CURVE_WITH_KNOTS('',1,(#1198,#1199),.UNSPECIFIED.,.F.,
  .F.,(2,2),(-8.0625,2.6875),.PIECEWISE_BEZIER_KNOTS.);
#1198 = CARTESIAN_POINT('',(-76.2215205261,37.8));
#1199 = CARTESIAN_POINT('',(-70.8465205261,47.109773090683));
#1200 = ( GEOMETRIC_REPRESENTATION_CONTEXT(2) 
PARAMETRIC_REPRESENTATION_CONTEXT() REPRESENTATION_CONTEXT('2D SPACE',''
  ) );
#1201 = ADVANCED_FACE('',(#1202),#489,.F.);
#1202 = FACE_BOUND('',#1203,.F.);
#1203 = EDGE_LOOP('',(#1204,#1205));
#1204 = ORIENTED_EDGE('',*,*,#1183,.T.);
#1205 = ORIENTED_EDGE('',*,*,#472,.T.);
#1206 = ADVANCED_FACE('',(#1207),#131,.T.);
#1207 = FACE_BOUND('',#1208,.T.);
#1208 = EDGE_LOOP('',(#1209,#1210,#1211,#1234,#1255));
#1209 = ORIENTED_EDGE('',*,*,#109,.F.);
#1210 = ORIENTED_EDGE('',*,*,#1161,.T.);
#1211 = ORIENTED_EDGE('',*,*,#1212,.T.);
#1212 = EDGE_CURVE('',#1139,#1213,#1215,.T.);
#1213 = VERTEX_POINT('',#1214);
#1214 = CARTESIAN_POINT('',(-70.8465205261,28.490226909317,11.));
#1215 = SURFACE_CURVE('',#1216,(#1220,#1227),.PCURVE_S1.);
#1216 = LINE('',#1217,#1218);
#1217 = CARTESIAN_POINT('',(-76.2215205261,37.8,11.));
#1218 = VECTOR('',#1219,1.);
#1219 = DIRECTION('',(0.5,-0.866025403784,0.));
#1220 = PCURVE('',#131,#1221);
#1221 = DEFINITIONAL_REPRESENTATION('',(#1222),#1226);
#1222 = LINE('',#1223,#1224);
#1223 = CARTESIAN_POINT('',(0.,-25.));
#1224 = VECTOR('',#1225,1.);
#1225 = DIRECTION('',(1.,-0.));
#1226 = ( GEOMETRIC_REPRESENTATION_CONTEXT(2) 
PARAMETRIC_REPRESENTATION_CONTEXT() REPRESENTATION_CONTEXT('2D SPACE',''
  ) );
#1227 = PCURVE('',#1099,#1228);
#1228 = DEFINITIONAL_REPRESENTATION('',(#1229),#1233);
#1229 = LINE('',#1230,#1231);
#1230 = CARTESIAN_POINT('',(-5.375,-9.309773090683));
#1231 = VECTOR('',#1232,1.);
#1232 = DIRECTION('',(1.,-4.996003610813E-16));
#1233 = ( GEOMETRIC_REPRESENTATION_CONTEXT(2) 
PARAMETRIC_REPRESENTATION_CONTEXT() REPRESENTATION_CONTEXT('2D SPACE',''
  ) );
#1234 = ORIENTED_EDGE('',*,*,#1235,.F.);
#1235 = EDGE_CURVE('',#681,#1213,#1236,.T.);
#1236 = SURFACE_CURVE('',#1237,(#1241,#1248),.PCURVE_S1.);
#1237 = LINE('',#1238,#1239);
#1238 = CARTESIAN_POINT('',(-70.8465205261,28.490226909317,-14.));
#1239 = VECTOR('',#1240,1.);
#1240 = DIRECTION('',(0.,0.,1.));
#1241 = PCURVE('',#131,#1242);
#1242 = DEFINITIONAL_REPRESENTATION('',(#1243),#1247);
#1243 = LINE('',#1244,#1245);
#1244 = CARTESIAN_POINT('',(10.75,-0.));
#1245 = VECTOR('',#1246,1.);
#1246 = DIRECTION('',(0.,-1.));
#1247 = ( GEOMETRIC_REPRESENTATION_CONTEXT(2) 
PARAMETRIC_REPRESENTATION_CONTEXT() REPRESENTATION_CONTEXT('2D SPACE',''
  ) );
#1248 = PCURVE('',#695,#1249);
#1249 = DEFINITIONAL_REPRESENTATION('',(#1250),#1254);
#1250 = LINE('',#1251,#1252);
#1251 = CARTESIAN_POINT('',(0.,0.));
#1252 = VECTOR('',#1253,1.);
#1253 = DIRECTION('',(0.,-1.));
#1254 = ( GEOMETRIC_REPRESENTATION_CONTEXT(2) 
PARAMETRIC_REPRESENTATION_CONTEXT() REPRESENTATION_CONTEXT('2D SPACE',''
  ) );
#1255 = ORIENTED_EDGE('',*,*,#706,.T.);
#1256 = ADVANCED_FACE('',(#1257,#1260,#1291,#1322),#570,.T.);
#1257 = FACE_BOUND('',#1258,.T.);
#1258 = EDGE_LOOP('',(#1259));
#1259 = ORIENTED_EDGE('',*,*,#555,.T.);
#1260 = FACE_BOUND('',#1261,.T.);
#1261 = EDGE_LOOP('',(#1262));
#1262 = ORIENTED_EDGE('',*,*,#1263,.F.);
#1263 = EDGE_CURVE('',#1264,#1264,#1266,.T.);
#1264 = VERTEX_POINT('',#1265);
#1265 = CARTESIAN_POINT('',(-72.39972375637,41.8,16.));
#1266 = SURFACE_CURVE('',#1267,(#1272,#1279),.PCURVE_S1.);
#1267 = CIRCLE('',#1268,8.);
#1268 = AXIS2_PLACEMENT_3D('',#1269,#1270,#1271);
#1269 = CARTESIAN_POINT('',(-65.4715205261,37.8,16.));
#1270 = DIRECTION('',(0.,0.,1.));
#1271 = DIRECTION('',(-0.866025403784,0.5,0.));
#1272 = PCURVE('',#570,#1273);
#1273 = DEFINITIONAL_REPRESENTATION('',(#1274),#1278);
#1274 = CIRCLE('',#1275,8.);
#1275 = AXIS2_PLACEMENT_2D('',#1276,#1277);
#1276 = CARTESIAN_POINT('',(-65.4715205261,37.8));
#1277 = DIRECTION('',(-0.866025403784,0.5));
#1278 = ( GEOMETRIC_REPRESENTATION_CONTEXT(2) 
PARAMETRIC_REPRESENTATION_CONTEXT() REPRESENTATION_CONTEXT('2D SPACE',''
  ) );
#1279 = PCURVE('',#1280,#1285);
#1280 = CYLINDRICAL_SURFACE('',#1281,8.);
#1281 = AXIS2_PLACEMENT_3D('',#1282,#1283,#1284);
#1282 = CARTESIAN_POINT('',(-65.4715205261,37.8,11.));
#1283 = DIRECTION('',(0.,0.,-1.));
#1284 = DIRECTION('',(-0.866025403784,0.5,0.));
#1285 = DEFINITIONAL_REPRESENTATION('',(#1286),#1290);
#1286 = LINE('',#1287,#1288);
#1287 = CARTESIAN_POINT('',(-0.,-5.));
#1288 = VECTOR('',#1289,1.);
#1289 = DIRECTION('',(-1.,0.));
#1290 = ( GEOMETRIC_REPRESENTATION_CONTEXT(2) 
PARAMETRIC_REPRESENTATION_CONTEXT() REPRESENTATION_CONTEXT('2D SPACE',''
  ) );
#1291 = FACE_BOUND('',#1292,.T.);
#1292 = EDGE_LOOP('',(#1293));
#1293 = ORIENTED_EDGE('',*,*,#1294,.F.);
#1294 = EDGE_CURVE('',#1295,#1295,#1297,.T.);
#1295 = VERTEX_POINT('',#1296);
#1296 = CARTESIAN_POINT('',(66.,1.235726496974E-15,16.));
#1297 = SURFACE_CURVE('',#1298,(#1303,#1310),.PCURVE_S1.);
#1298 = CIRCLE('',#1299,66.);
#1299 = AXIS2_PLACEMENT_3D('',#1300,#1301,#1302);
#1300 = CARTESIAN_POINT('',(4.374471799288E-13,1.235726496974E-15,16.));
#1301 = DIRECTION('',(0.,0.,1.));
#1302 = DIRECTION('',(1.,0.,-0.));
#1303 = PCURVE('',#570,#1304);
#1304 = DEFINITIONAL_REPRESENTATION('',(#1305),#1309);
#1305 = CIRCLE('',#1306,66.);
#1306 = AXIS2_PLACEMENT_2D('',#1307,#1308);
#1307 = CARTESIAN_POINT('',(4.431547561342E-13,-6.423842396405E-15));
#1308 = DIRECTION('',(1.,0.));
#1309 = ( GEOMETRIC_REPRESENTATION_CONTEXT(2) 
PARAMETRIC_REPRESENTATION_CONTEXT() REPRESENTATION_CONTEXT('2D SPACE',''
  ) );
#1310 = PCURVE('',#1311,#1316);
#1311 = TOROIDAL_SURFACE('',#1312,66.,7.);
#1312 = AXIS2_PLACEMENT_3D('',#1313,#1314,#1315);
#1313 = CARTESIAN_POINT('',(4.374471799288E-13,1.235726496974E-15,9.));
#1314 = DIRECTION('',(-0.,-0.,-1.));
#1315 = DIRECTION('',(1.,0.,0.));
#1316 = DEFINITIONAL_REPRESENTATION('',(#1317),#1321);
#1317 = LINE('',#1318,#1319);
#1318 = CARTESIAN_POINT('',(-0.,4.712388980385));
#1319 = VECTOR('',#1320,1.);
#1320 = DIRECTION('',(-1.,0.));
#1321 = ( GEOMETRIC_REPRESENTATION_CONTEXT(2) 
PARAMETRIC_REPRESENTATION_CONTEXT() REPRESENTATION_CONTEXT('2D SPACE',''
  ) );
#1322 = FACE_BOUND('',#1323,.T.);
#1323 = EDGE_LOOP('',(#1324));
#1324 = ORIENTED_EDGE('',*,*,#1325,.F.);
#1325 = EDGE_CURVE('',#1326,#1326,#1328,.T.);
#1326 = VERTEX_POINT('',#1327);
#1327 = CARTESIAN_POINT('',(72.399723756379,41.8,16.));
#1328 = SURFACE_CURVE('',#1329,(#1334,#1341),.PCURVE_S1.);
#1329 = CIRCLE('',#1330,8.);
#1330 = AXIS2_PLACEMENT_3D('',#1331,#1332,#1333);
#1331 = CARTESIAN_POINT('',(65.471520526104,37.8,16.));
#1332 = DIRECTION('',(0.,-0.,1.));
#1333 = DIRECTION('',(0.866025403784,0.5,0.));
#1334 = PCURVE('',#570,#1335);
#1335 = DEFINITIONAL_REPRESENTATION('',(#1336),#1340);
#1336 = CIRCLE('',#1337,8.);
#1337 = AXIS2_PLACEMENT_2D('',#1338,#1339);
#1338 = CARTESIAN_POINT('',(65.471520526104,37.8));
#1339 = DIRECTION('',(0.866025403784,0.5));
#1340 = ( GEOMETRIC_REPRESENTATION_CONTEXT(2) 
PARAMETRIC_REPRESENTATION_CONTEXT() REPRESENTATION_CONTEXT('2D SPACE',''
  ) );
#1341 = PCURVE('',#1342,#1347);
#1342 = CYLINDRICAL_SURFACE('',#1343,8.);
#1343 = AXIS2_PLACEMENT_3D('',#1344,#1345,#1346);
#1344 = CARTESIAN_POINT('',(65.471520526104,37.8,11.));
#1345 = DIRECTION('',(0.,-0.,-1.));
#1346 = DIRECTION('',(0.866025403784,0.5,0.));
#1347 = DEFINITIONAL_REPRESENTATION('',(#1348),#1352);
#1348 = LINE('',#1349,#1350);
#1349 = CARTESIAN_POINT('',(-0.,-5.));
#1350 = VECTOR('',#1351,1.);
#1351 = DIRECTION('',(-1.,0.));
#1352 = ( GEOMETRIC_REPRESENTATION_CONTEXT(2) 
PARAMETRIC_REPRESENTATION_CONTEXT() REPRESENTATION_CONTEXT('2D SPACE',''
  ) );
#1353 = ADVANCED_FACE('',(#1354),#813,.T.);
#1354 = FACE_BOUND('',#1355,.T.);
#1355 = EDGE_LOOP('',(#1356,#1357,#1358,#1381));
#1356 = ORIENTED_EDGE('',*,*,#800,.T.);
#1357 = ORIENTED_EDGE('',*,*,#1034,.T.);
#1358 = ORIENTED_EDGE('',*,*,#1359,.T.);
#1359 = EDGE_CURVE('',#1012,#1360,#1362,.T.);
#1360 = VERTEX_POINT('',#1361);
#1361 = CARTESIAN_POINT('',(54.721520526104,37.8,11.));
#1362 = SURFACE_CURVE('',#1363,(#1367,#1374),.PCURVE_S1.);
#1363 = LINE('',#1364,#1365);
#1364 = CARTESIAN_POINT('',(60.096520526104,47.109773090683,11.));
#1365 = VECTOR('',#1366,1.);
#1366 = DIRECTION('',(-0.5,-0.866025403784,0.));
#1367 = PCURVE('',#813,#1368);
#1368 = DEFINITIONAL_REPRESENTATION('',(#1369),#1373);
#1369 = LINE('',#1370,#1371);
#1370 = CARTESIAN_POINT('',(0.,-25.));
#1371 = VECTOR('',#1372,1.);
#1372 = DIRECTION('',(1.,0.));
#1373 = ( GEOMETRIC_REPRESENTATION_CONTEXT(2) 
PARAMETRIC_REPRESENTATION_CONTEXT() REPRESENTATION_CONTEXT('2D SPACE',''
  ) );
#1374 = PCURVE('',#898,#1375);
#1375 = DEFINITIONAL_REPRESENTATION('',(#1376),#1380);
#1376 = LINE('',#1377,#1378);
#1377 = CARTESIAN_POINT('',(5.375,9.309773090683));
#1378 = VECTOR('',#1379,1.);
#1379 = DIRECTION('',(-1.,1.110223024625E-16));
#1380 = ( GEOMETRIC_REPRESENTATION_CONTEXT(2) 
PARAMETRIC_REPRESENTATION_CONTEXT() REPRESENTATION_CONTEXT('2D SPACE',''
  ) );
#1381 = ORIENTED_EDGE('',*,*,#1382,.F.);
#1382 = EDGE_CURVE('',#775,#1360,#1383,.T.);
#1383 = SURFACE_CURVE('',#1384,(#1388,#1395),.PCURVE_S1.);
#1384 = LINE('',#1385,#1386);
#1385 = CARTESIAN_POINT('',(54.721520526104,37.8,-14.));
#1386 = VECTOR('',#1387,1.);
#1387 = DIRECTION('',(0.,0.,1.));
#1388 = PCURVE('',#813,#1389);
#1389 = DEFINITIONAL_REPRESENTATION('',(#1390),#1394);
#1390 = LINE('',#1391,#1392);
#1391 = CARTESIAN_POINT('',(10.75,0.));
#1392 = VECTOR('',#1393,1.);
#1393 = DIRECTION('',(0.,-1.));
#1394 = ( GEOMETRIC_REPRESENTATION_CONTEXT(2) 
PARAMETRIC_REPRESENTATION_CONTEXT() REPRESENTATION_CONTEXT('2D SPACE',''
  ) );
#1395 = PCURVE('',#789,#1396);
#1396 = DEFINITIONAL_REPRESENTATION('',(#1397),#1401);
#1397 = LINE('',#1398,#1399);
#1398 = CARTESIAN_POINT('',(0.,0.));
#1399 = VECTOR('',#1400,1.);
#1400 = DIRECTION('',(0.,-1.));
#1401 = ( GEOMETRIC_REPRESENTATION_CONTEXT(2) 
PARAMETRIC_REPRESENTATION_CONTEXT() REPRESENTATION_CONTEXT('2D SPACE',''
  ) );
#1402 = ADVANCED_FACE('',(#1403,#1451),#789,.T.);
#1403 = FACE_BOUND('',#1404,.T.);
#1404 = EDGE_LOOP('',(#1405,#1406,#1407,#1430));
#1405 = ORIENTED_EDGE('',*,*,#774,.T.);
#1406 = ORIENTED_EDGE('',*,*,#1382,.T.);
#1407 = ORIENTED_EDGE('',*,*,#1408,.T.);
#1408 = EDGE_CURVE('',#1360,#1409,#1411,.T.);
#1409 = VERTEX_POINT('',#1410);
#1410 = CARTESIAN_POINT('',(60.096520526104,28.490226909317,11.));
#1411 = SURFACE_CURVE('',#1412,(#1416,#1423),.PCURVE_S1.);
#1412 = LINE('',#1413,#1414);
#1413 = CARTESIAN_POINT('',(54.721520526104,37.8,11.));
#1414 = VECTOR('',#1415,1.);
#1415 = DIRECTION('',(0.5,-0.866025403784,0.));
#1416 = PCURVE('',#789,#1417);
#1417 = DEFINITIONAL_REPRESENTATION('',(#1418),#1422);
#1418 = LINE('',#1419,#1420);
#1419 = CARTESIAN_POINT('',(0.,-25.));
#1420 = VECTOR('',#1421,1.);
#1421 = DIRECTION('',(1.,0.));
#1422 = ( GEOMETRIC_REPRESENTATION_CONTEXT(2) 
PARAMETRIC_REPRESENTATION_CONTEXT() REPRESENTATION_CONTEXT('2D SPACE',''
  ) );
#1423 = PCURVE('',#898,#1424);
#1424 = DEFINITIONAL_REPRESENTATION('',(#1425),#1429);
#1425 = LINE('',#1426,#1427);
#1426 = CARTESIAN_POINT('',(-5.375,9.309773090683));
#1427 = VECTOR('',#1428,1.);
#1428 = DIRECTION('',(-0.5,-0.866025403784));
#1429 = ( GEOMETRIC_REPRESENTATION_CONTEXT(2) 
PARAMETRIC_REPRESENTATION_CONTEXT() REPRESENTATION_CONTEXT('2D SPACE',''
  ) );
#1430 = ORIENTED_EDGE('',*,*,#1431,.F.);
#1431 = EDGE_CURVE('',#749,#1409,#1432,.T.);
#1432 = SURFACE_CURVE('',#1433,(#1437,#1444),.PCURVE_S1.);
#1433 = LINE('',#1434,#1435);
#1434 = CARTESIAN_POINT('',(60.096520526104,28.490226909317,-14.));
#1435 = VECTOR('',#1436,1.);
#1436 = DIRECTION('',(0.,0.,1.));
#1437 = PCURVE('',#789,#1438);
#1438 = DEFINITIONAL_REPRESENTATION('',(#1439),#1443);
#1439 = LINE('',#1440,#1441);
#1440 = CARTESIAN_POINT('',(10.75,0.));
#1441 = VECTOR('',#1442,1.);
#1442 = DIRECTION('',(0.,-1.));
#1443 = ( GEOMETRIC_REPRESENTATION_CONTEXT(2) 
PARAMETRIC_REPRESENTATION_CONTEXT() REPRESENTATION_CONTEXT('2D SPACE',''
  ) );
#1444 = PCURVE('',#763,#1445);
#1445 = DEFINITIONAL_REPRESENTATION('',(#1446),#1450);
#1446 = LINE('',#1447,#1448);
#1447 = CARTESIAN_POINT('',(0.,0.));
#1448 = VECTOR('',#1449,1.);
#1449 = DIRECTION('',(0.,-1.));
#1450 = ( GEOMETRIC_REPRESENTATION_CONTEXT(2) 
PARAMETRIC_REPRESENTATION_CONTEXT() REPRESENTATION_CONTEXT('2D SPACE',''
  ) );
#1451 = FACE_BOUND('',#1452,.T.);
#1452 = EDGE_LOOP('',(#1453));
#1453 = ORIENTED_EDGE('',*,*,#1454,.T.);
#1454 = EDGE_CURVE('',#1455,#1455,#1457,.T.);
#1455 = VERTEX_POINT('',#1456);
#1456 = CARTESIAN_POINT('',(55.409020526104,36.609215069796,5.5));
#1457 = SURFACE_CURVE('',#1458,(#1463,#1474),.PCURVE_S1.);
#1458 = CIRCLE('',#1459,4.);
#1459 = AXIS2_PLACEMENT_3D('',#1460,#1461,#1462);
#1460 = CARTESIAN_POINT('',(57.409020526104,33.145113454659,5.5));
#1461 = DIRECTION('',(-0.866025403784,-0.5,-0.));
#1462 = DIRECTION('',(-0.5,0.866025403784,0.));
#1463 = PCURVE('',#789,#1464);
#1464 = DEFINITIONAL_REPRESENTATION('',(#1465),#1473);
#1465 = ( BOUNDED_CURVE() B_SPLINE_CURVE(2,(#1466,#1467,#1468,#1469,
#1470,#1471,#1472),.UNSPECIFIED.,.T.,.F.) B_SPLINE_CURVE_WITH_KNOTS((1,2
    ,2,2,2,1),(-2.094395102393,0.,2.094395102393,4.188790204786,
6.28318530718,8.377580409573),.UNSPECIFIED.) CURVE() 
GEOMETRIC_REPRESENTATION_ITEM() RATIONAL_B_SPLINE_CURVE((1.,0.5,1.,0.5,
1.,0.5,1.)) REPRESENTATION_ITEM('') );
#1466 = CARTESIAN_POINT('',(1.375,-19.5));
#1467 = CARTESIAN_POINT('',(1.375,-12.57179676972));
#1468 = CARTESIAN_POINT('',(7.375,-16.03589838486));
#1469 = CARTESIAN_POINT('',(13.375,-19.5));
#1470 = CARTESIAN_POINT('',(7.375,-22.96410161513));
#1471 = CARTESIAN_POINT('',(1.375,-26.42820323027));
#1472 = CARTESIAN_POINT('',(1.375,-19.5));
#1473 = ( GEOMETRIC_REPRESENTATION_CONTEXT(2) 
PARAMETRIC_REPRESENTATION_CONTEXT() REPRESENTATION_CONTEXT('2D SPACE',''
  ) );
#1474 = PCURVE('',#1475,#1480);
#1475 = CYLINDRICAL_SURFACE('',#1476,4.);
#1476 = AXIS2_PLACEMENT_3D('',#1477,#1478,#1479);
#1477 = CARTESIAN_POINT('',(0.,0.,5.5));
#1478 = DIRECTION('',(-0.866025403784,-0.5,-0.));
#1479 = DIRECTION('',(-0.5,0.866025403784,0.));
#1480 = DEFINITIONAL_REPRESENTATION('',(#1481),#1485);
#1481 = LINE('',#1482,#1483);
#1482 = CARTESIAN_POINT('',(-6.28318530718,-66.29022690931));
#1483 = VECTOR('',#1484,1.);
#1484 = DIRECTION('',(1.,-0.));
#1485 = ( GEOMETRIC_REPRESENTATION_CONTEXT(2) 
PARAMETRIC_REPRESENTATION_CONTEXT() REPRESENTATION_CONTEXT('2D SPACE',''
  ) );
#1486 = ADVANCED_FACE('',(#1487),#763,.T.);
#1487 = FACE_BOUND('',#1488,.T.);
#1488 = EDGE_LOOP('',(#1489,#1490,#1491,#1512));
#1489 = ORIENTED_EDGE('',*,*,#748,.T.);
#1490 = ORIENTED_EDGE('',*,*,#1431,.T.);
#1491 = ORIENTED_EDGE('',*,*,#1492,.T.);
#1492 = EDGE_CURVE('',#1409,#860,#1493,.T.);
#1493 = SURFACE_CURVE('',#1494,(#1498,#1505),.PCURVE_S1.);
#1494 = LINE('',#1495,#1496);
#1495 = CARTESIAN_POINT('',(60.096520526104,28.490226909317,11.));
#1496 = VECTOR('',#1497,1.);
#1497 = DIRECTION('',(1.,-6.106226635438E-16,0.));
#1498 = PCURVE('',#763,#1499);
#1499 = DEFINITIONAL_REPRESENTATION('',(#1500),#1504);
#1500 = LINE('',#1501,#1502);
#1501 = CARTESIAN_POINT('',(0.,-25.));
#1502 = VECTOR('',#1503,1.);
#1503 = DIRECTION('',(1.,0.));
#1504 = ( GEOMETRIC_REPRESENTATION_CONTEXT(2) 
PARAMETRIC_REPRESENTATION_CONTEXT() REPRESENTATION_CONTEXT('2D SPACE',''
  ) );
#1505 = PCURVE('',#898,#1506);
#1506 = DEFINITIONAL_REPRESENTATION('',(#1507),#1511);
#1507 = LINE('',#1508,#1509);
#1508 = CARTESIAN_POINT('',(-10.75,-6.217248937901E-15));
#1509 = VECTOR('',#1510,1.);
#1510 = DIRECTION('',(0.5,-0.866025403784));
#1511 = ( GEOMETRIC_REPRESENTATION_CONTEXT(2) 
PARAMETRIC_REPRESENTATION_CONTEXT() REPRESENTATION_CONTEXT('2D SPACE',''
  ) );
#1512 = ORIENTED_EDGE('',*,*,#859,.F.);
#1513 = ADVANCED_FACE('',(#1514),#695,.T.);
#1514 = FACE_BOUND('',#1515,.T.);
#1515 = EDGE_LOOP('',(#1516,#1517,#1518,#1541));
#1516 = ORIENTED_EDGE('',*,*,#680,.T.);
#1517 = ORIENTED_EDGE('',*,*,#1235,.T.);
#1518 = ORIENTED_EDGE('',*,*,#1519,.T.);
#1519 = EDGE_CURVE('',#1213,#1520,#1522,.T.);
#1520 = VERTEX_POINT('',#1521);
#1521 = CARTESIAN_POINT('',(-60.0965205261,28.490226909317,11.));
#1522 = SURFACE_CURVE('',#1523,(#1527,#1534),.PCURVE_S1.);
#1523 = LINE('',#1524,#1525);
#1524 = CARTESIAN_POINT('',(-70.8465205261,28.490226909317,11.));
#1525 = VECTOR('',#1526,1.);
#1526 = DIRECTION('',(1.,-5.551115123126E-17,0.));
#1527 = PCURVE('',#695,#1528);
#1528 = DEFINITIONAL_REPRESENTATION('',(#1529),#1533);
#1529 = LINE('',#1530,#1531);
#1530 = CARTESIAN_POINT('',(0.,-25.));
#1531 = VECTOR('',#1532,1.);
#1532 = DIRECTION('',(1.,0.));
#1533 = ( GEOMETRIC_REPRESENTATION_CONTEXT(2) 
PARAMETRIC_REPRESENTATION_CONTEXT() REPRESENTATION_CONTEXT('2D SPACE',''
  ) );
#1534 = PCURVE('',#1099,#1535);
#1535 = DEFINITIONAL_REPRESENTATION('',(#1536),#1540);
#1536 = LINE('',#1537,#1538);
#1537 = CARTESIAN_POINT('',(5.375,-9.309773090683));
#1538 = VECTOR('',#1539,1.);
#1539 = DIRECTION('',(0.5,0.866025403784));
#1540 = ( GEOMETRIC_REPRESENTATION_CONTEXT(2) 
PARAMETRIC_REPRESENTATION_CONTEXT() REPRESENTATION_CONTEXT('2D SPACE',''
  ) );
#1541 = ORIENTED_EDGE('',*,*,#1542,.F.);
#1542 = EDGE_CURVE('',#655,#1520,#1543,.T.);
#1543 = SURFACE_CURVE('',#1544,(#1548,#1555),.PCURVE_S1.);
#1544 = LINE('',#1545,#1546);
#1545 = CARTESIAN_POINT('',(-60.0965205261,28.490226909317,-14.));
#1546 = VECTOR('',#1547,1.);
#1547 = DIRECTION('',(0.,0.,1.));
#1548 = PCURVE('',#695,#1549);
#1549 = DEFINITIONAL_REPRESENTATION('',(#1550),#1554);
#1550 = LINE('',#1551,#1552);
#1551 = CARTESIAN_POINT('',(10.75,0.));
#1552 = VECTOR('',#1553,1.);
#1553 = DIRECTION('',(0.,-1.));
#1554 = ( GEOMETRIC_REPRESENTATION_CONTEXT(2) 
PARAMETRIC_REPRESENTATION_CONTEXT() REPRESENTATION_CONTEXT('2D SPACE',''
  ) );
#1555 = PCURVE('',#669,#1556);
#1556 = DEFINITIONAL_REPRESENTATION('',(#1557),#1561);
#1557 = LINE('',#1558,#1559);
#1558 = CARTESIAN_POINT('',(0.,0.));
#1559 = VECTOR('',#1560,1.);
#1560 = DIRECTION('',(0.,-1.));
#1561 = ( GEOMETRIC_REPRESENTATION_CONTEXT(2) 
PARAMETRIC_REPRESENTATION_CONTEXT() REPRESENTATION_CONTEXT('2D SPACE',''
  ) );
#1562 = ADVANCED_FACE('',(#1563,#1611),#669,.T.);
#1563 = FACE_BOUND('',#1564,.T.);
#1564 = EDGE_LOOP('',(#1565,#1566,#1567,#1590));
#1565 = ORIENTED_EDGE('',*,*,#654,.T.);
#1566 = ORIENTED_EDGE('',*,*,#1542,.T.);
#1567 = ORIENTED_EDGE('',*,*,#1568,.T.);
#1568 = EDGE_CURVE('',#1520,#1569,#1571,.T.);
#1569 = VERTEX_POINT('',#1570);
#1570 = CARTESIAN_POINT('',(-54.7215205261,37.8,11.));
#1571 = SURFACE_CURVE('',#1572,(#1576,#1583),.PCURVE_S1.);
#1572 = LINE('',#1573,#1574);
#1573 = CARTESIAN_POINT('',(-60.0965205261,28.490226909317,11.));
#1574 = VECTOR('',#1575,1.);
#1575 = DIRECTION('',(0.5,0.866025403784,0.));
#1576 = PCURVE('',#669,#1577);
#1577 = DEFINITIONAL_REPRESENTATION('',(#1578),#1582);
#1578 = LINE('',#1579,#1580);
#1579 = CARTESIAN_POINT('',(0.,-25.));
#1580 = VECTOR('',#1581,1.);
#1581 = DIRECTION('',(1.,0.));
#1582 = ( GEOMETRIC_REPRESENTATION_CONTEXT(2) 
PARAMETRIC_REPRESENTATION_CONTEXT() REPRESENTATION_CONTEXT('2D SPACE',''
  ) );
#1583 = PCURVE('',#1099,#1584);
#1584 = DEFINITIONAL_REPRESENTATION('',(#1585),#1589);
#1585 = LINE('',#1586,#1587);
#1586 = CARTESIAN_POINT('',(10.75,-2.6645352591E-15));
#1587 = VECTOR('',#1588,1.);
#1588 = DIRECTION('',(-0.5,0.866025403784));
#1589 = ( GEOMETRIC_REPRESENTATION_CONTEXT(2) 
PARAMETRIC_REPRESENTATION_CONTEXT() REPRESENTATION_CONTEXT('2D SPACE',''
  ) );
#1590 = ORIENTED_EDGE('',*,*,#1591,.F.);
#1591 = EDGE_CURVE('',#629,#1569,#1592,.T.);
#1592 = SURFACE_CURVE('',#1593,(#1597,#1604),.PCURVE_S1.);
#1593 = LINE('',#1594,#1595);
#1594 = CARTESIAN_POINT('',(-54.7215205261,37.8,-14.));
#1595 = VECTOR('',#1596,1.);
#1596 = DIRECTION('',(0.,0.,1.));
#1597 = PCURVE('',#669,#1598);
#1598 = DEFINITIONAL_REPRESENTATION('',(#1599),#1603);
#1599 = LINE('',#1600,#1601);
#1600 = CARTESIAN_POINT('',(10.75,0.));
#1601 = VECTOR('',#1602,1.);
#1602 = DIRECTION('',(0.,-1.));
#1603 = ( GEOMETRIC_REPRESENTATION_CONTEXT(2) 
PARAMETRIC_REPRESENTATION_CONTEXT() REPRESENTATION_CONTEXT('2D SPACE',''
  ) );
#1604 = PCURVE('',#643,#1605);
#1605 = DEFINITIONAL_REPRESENTATION('',(#1606),#1610);
#1606 = LINE('',#1607,#1608);
#1607 = CARTESIAN_POINT('',(0.,0.));
#1608 = VECTOR('',#1609,1.);
#1609 = DIRECTION('',(0.,-1.));
#1610 = ( GEOMETRIC_REPRESENTATION_CONTEXT(2) 
PARAMETRIC_REPRESENTATION_CONTEXT() REPRESENTATION_CONTEXT('2D SPACE',''
  ) );
#1611 = FACE_BOUND('',#1612,.T.);
#1612 = EDGE_LOOP('',(#1613));
#1613 = ORIENTED_EDGE('',*,*,#1614,.T.);
#1614 = EDGE_CURVE('',#1615,#1615,#1617,.T.);
#1615 = VERTEX_POINT('',#1616);
#1616 = CARTESIAN_POINT('',(-59.4090205261,29.681011839521,5.5));
#1617 = SURFACE_CURVE('',#1618,(#1623,#1634),.PCURVE_S1.);
#1618 = CIRCLE('',#1619,4.);
#1619 = AXIS2_PLACEMENT_3D('',#1620,#1621,#1622);
#1620 = CARTESIAN_POINT('',(-57.4090205261,33.145113454659,5.5));
#1621 = DIRECTION('',(0.866025403784,-0.5,-0.));
#1622 = DIRECTION('',(-0.5,-0.866025403784,0.));
#1623 = PCURVE('',#669,#1624);
#1624 = DEFINITIONAL_REPRESENTATION('',(#1625),#1633);
#1625 = ( BOUNDED_CURVE() B_SPLINE_CURVE(2,(#1626,#1627,#1628,#1629,
#1630,#1631,#1632),.UNSPECIFIED.,.T.,.F.) B_SPLINE_CURVE_WITH_KNOTS((1,2
    ,2,2,2,1),(-2.094395102393,0.,2.094395102393,4.188790204786,
6.28318530718,8.377580409573),.UNSPECIFIED.) CURVE() 
GEOMETRIC_REPRESENTATION_ITEM() RATIONAL_B_SPLINE_CURVE((1.,0.5,1.,0.5,
1.,0.5,1.)) REPRESENTATION_ITEM('') );
#1626 = CARTESIAN_POINT('',(1.375,-19.5));
#1627 = CARTESIAN_POINT('',(1.375,-12.57179676972));
#1628 = CARTESIAN_POINT('',(7.375,-16.03589838486));
#1629 = CARTESIAN_POINT('',(13.375,-19.5));
#1630 = CARTESIAN_POINT('',(7.375,-22.96410161513));
#1631 = CARTESIAN_POINT('',(1.375,-26.42820323027));
#1632 = CARTESIAN_POINT('',(1.375,-19.5));
#1633 = ( GEOMETRIC_REPRESENTATION_CONTEXT(2) 
PARAMETRIC_REPRESENTATION_CONTEXT() REPRESENTATION_CONTEXT('2D SPACE',''
  ) );
#1634 = PCURVE('',#1635,#1640);
#1635 = CYLINDRICAL_SURFACE('',#1636,4.);
#1636 = AXIS2_PLACEMENT_3D('',#1637,#1638,#1639);
#1637 = CARTESIAN_POINT('',(0.,0.,5.5));
#1638 = DIRECTION('',(0.866025403784,-0.5,-0.));
#1639 = DIRECTION('',(-0.5,-0.866025403784,0.));
#1640 = DEFINITIONAL_REPRESENTATION('',(#1641),#1645);
#1641 = LINE('',#1642,#1643);
#1642 = CARTESIAN_POINT('',(-6.28318530718,-66.29022690931));
#1643 = VECTOR('',#1644,1.);
#1644 = DIRECTION('',(1.,-0.));
#1645 = ( GEOMETRIC_REPRESENTATION_CONTEXT(2) 
PARAMETRIC_REPRESENTATION_CONTEXT() REPRESENTATION_CONTEXT('2D SPACE',''
  ) );
#1646 = ADVANCED_FACE('',(#1647),#643,.T.);
#1647 = FACE_BOUND('',#1648,.T.);
#1648 = EDGE_LOOP('',(#1649,#1650,#1651,#1672));
#1649 = ORIENTED_EDGE('',*,*,#628,.T.);
#1650 = ORIENTED_EDGE('',*,*,#1591,.T.);
#1651 = ORIENTED_EDGE('',*,*,#1652,.T.);
#1652 = EDGE_CURVE('',#1569,#1061,#1653,.T.);
#1653 = SURFACE_CURVE('',#1654,(#1658,#1665),.PCURVE_S1.);
#1654 = LINE('',#1655,#1656);
#1655 = CARTESIAN_POINT('',(-54.7215205261,37.8,11.));
#1656 = VECTOR('',#1657,1.);
#1657 = DIRECTION('',(-0.5,0.866025403784,0.));
#1658 = PCURVE('',#643,#1659);
#1659 = DEFINITIONAL_REPRESENTATION('',(#1660),#1664);
#1660 = LINE('',#1661,#1662);
#1661 = CARTESIAN_POINT('',(0.,-25.));
#1662 = VECTOR('',#1663,1.);
#1663 = DIRECTION('',(1.,0.));
#1664 = ( GEOMETRIC_REPRESENTATION_CONTEXT(2) 
PARAMETRIC_REPRESENTATION_CONTEXT() REPRESENTATION_CONTEXT('2D SPACE',''
  ) );
#1665 = PCURVE('',#1099,#1666);
#1666 = DEFINITIONAL_REPRESENTATION('',(#1667),#1671);
#1667 = LINE('',#1668,#1669);
#1668 = CARTESIAN_POINT('',(5.375,9.309773090683));
#1669 = VECTOR('',#1670,1.);
#1670 = DIRECTION('',(-1.,2.22044604925E-16));
#1671 = ( GEOMETRIC_REPRESENTATION_CONTEXT(2) 
PARAMETRIC_REPRESENTATION_CONTEXT() REPRESENTATION_CONTEXT('2D SPACE',''
  ) );
#1672 = ORIENTED_EDGE('',*,*,#1060,.F.);
#1673 = ADVANCED_FACE('',(#1674),#843,.T.);
#1674 = FACE_BOUND('',#1675,.T.);
#1675 = EDGE_LOOP('',(#1676,#1757,#1872,#1951,#1979,#1999,#2000,#2001,
    #2024,#2103,#2218,#2297,#2412,#2491,#2520,#2599,#2714,#2793,#2908,
    #2987,#3016,#3095));
#1676 = ORIENTED_EDGE('',*,*,#1677,.F.);
#1677 = EDGE_CURVE('',#1678,#1680,#1682,.T.);
#1678 = VERTEX_POINT('',#1679);
#1679 = CARTESIAN_POINT('',(8.,-63.,0.459396716333));
#1680 = VERTEX_POINT('',#1681);
#1681 = CARTESIAN_POINT('',(-8.,-63.,0.459396716333));
#1682 = SURFACE_CURVE('',#1683,(#1704,#1728),.PCURVE_S1.);
#1683 = B_SPLINE_CURVE_WITH_KNOTS('',7,(#1684,#1685,#1686,#1687,#1688,
    #1689,#1690,#1691,#1692,#1693,#1694,#1695,#1696,#1697,#1698,#1699,
    #1700,#1701,#1702,#1703),.UNSPECIFIED.,.F.,.F.,(8,6,6,8),(0.,
    0.424818864301,0.87976436986,1.),.UNSPECIFIED.);
#1684 = CARTESIAN_POINT('',(9.6,-63.,0.37923553436));
#1685 = CARTESIAN_POINT('',(8.435843346045,-63.,0.439436675453));
#1686 = CARTESIAN_POINT('',(7.271491614571,-63.,0.497382191247));
#1687 = CARTESIAN_POINT('',(6.106805050537,-63.,0.550197251455));
#1688 = CARTESIAN_POINT('',(4.941713579899,-63.,0.595346565034));
#1689 = CARTESIAN_POINT('',(3.77622155445,-63.,0.630744970109));
#1690 = CARTESIAN_POINT('',(2.610419102881,-63.,0.655025548867));
#1691 = CARTESIAN_POINT('',(0.195870254452,-63.,0.681101809581));
#1692 = CARTESIAN_POINT('',(-1.052963932744,-63.,0.681181280832));
#1693 = CARTESIAN_POINT('',(-2.301726043052,-63.,0.66715249849));
#1694 = CARTESIAN_POINT('',(-3.55021002242,-63.,0.639355590605));
#1695 = CARTESIAN_POINT('',(-4.798294716455,-63.,0.59930003285));
#1696 = CARTESIAN_POINT('',(-6.04593387446,-63.,0.549358338658));
#1697 = CARTESIAN_POINT('',(-7.622771052579,-63.,0.477487503225));
#1698 = CARTESIAN_POINT('',(-7.952365458844,-63.,0.461981089197));
#1699 = CARTESIAN_POINT('',(-8.28193438446,-63.,0.446047427005));
#1700 = CARTESIAN_POINT('',(-8.611479755993,-63.,0.429744373039));
#1701 = CARTESIAN_POINT('',(-8.94100391256,-63.,0.413132324353));
#1702 = CARTESIAN_POINT('',(-9.270509605824,-63.,0.396274218665));
#1703 = CARTESIAN_POINT('',(-9.6,-63.,0.37923553436));
#1704 = PCURVE('',#843,#1705);
#1705 = DEFINITIONAL_REPRESENTATION('',(#1706),#1727);
#1706 = B_SPLINE_CURVE_WITH_KNOTS('',7,(#1707,#1708,#1709,#1710,#1711,
    #1712,#1713,#1714,#1715,#1716,#1717,#1718,#1719,#1720,#1721,#1722,
    #1723,#1724,#1725,#1726),.UNSPECIFIED.,.F.,.F.,(8,6,6,8),(0.,
    0.424818864301,0.87976436986,1.),.UNSPECIFIED.);
#1707 = CARTESIAN_POINT('',(4.863606670531,4.381714276401));
#1708 = CARTESIAN_POINT('',(4.84554733054,4.355226257981));
#1709 = CARTESIAN_POINT('',(4.82736900353,4.332115214882));
#1710 = CARTESIAN_POINT('',(4.809087351624,4.312521190315));
#1711 = CARTESIAN_POINT('',(4.790720146957,4.296599739669));
#1712 = CARTESIAN_POINT('',(4.7722872367,4.284497381505));
#1713 = CARTESIAN_POINT('',(4.753810463496,4.276314825901));
#1714 = CARTESIAN_POINT('',(4.715504429149,4.26757449916));
#1715 = CARTESIAN_POINT('',(4.695671087091,4.267598391013));
#1716 = CARTESIAN_POINT('',(4.675843233414,4.272218862525));
#1717 = CARTESIAN_POINT('',(4.656049787981,4.281410954565));
#1718 = CARTESIAN_POINT('',(4.63631798277,4.295057633363));
#1719 = CARTESIAN_POINT('',(4.616672991068,4.312990606379));
#1720 = CARTESIAN_POINT('',(4.59197481882,4.340855491981));
#1721 = CARTESIAN_POINT('',(4.586819545725,4.346967291334));
#1722 = CARTESIAN_POINT('',(4.581672301404,4.353362682387));
#1723 = CARTESIAN_POINT('',(4.576533479246,4.360038349796));
#1724 = CARTESIAN_POINT('',(4.571403460012,4.366991006194));
#1725 = CARTESIAN_POINT('',(4.566282611839,4.374217392197));
#1726 = CARTESIAN_POINT('',(4.561171290238,4.381714276401));
#1727 = ( GEOMETRIC_REPRESENTATION_CONTEXT(2) 
PARAMETRIC_REPRESENTATION_CONTEXT() REPRESENTATION_CONTEXT('2D SPACE',''
  ) );
#1728 = PCURVE('',#1729,#1734);
#1729 = PLANE('',#1730);
#1730 = AXIS2_PLACEMENT_3D('',#1731,#1732,#1733);
#1731 = CARTESIAN_POINT('',(-10.,-63.,0.));
#1732 = DIRECTION('',(1.110223024625E-16,-1.,0.));
#1733 = DIRECTION('',(0.,0.,1.));
#1734 = DEFINITIONAL_REPRESENTATION('',(#1735),#1756);
#1735 = B_SPLINE_CURVE_WITH_KNOTS('',7,(#1736,#1737,#1738,#1739,#1740,
    #1741,#1742,#1743,#1744,#1745,#1746,#1747,#1748,#1749,#1750,#1751,
    #1752,#1753,#1754,#1755),.UNSPECIFIED.,.F.,.F.,(8,6,6,8),(0.,
    0.424818864301,0.87976436986,1.),.UNSPECIFIED.);
#1736 = CARTESIAN_POINT('',(0.37923553436,-19.6));
#1737 = CARTESIAN_POINT('',(0.439436675453,-18.43584334604));
#1738 = CARTESIAN_POINT('',(0.497382191247,-17.27149161457));
#1739 = CARTESIAN_POINT('',(0.550197251455,-16.10680505053));
#1740 = CARTESIAN_POINT('',(0.595346565034,-14.94171357989));
#1741 = CARTESIAN_POINT('',(0.630744970109,-13.77622155445));
#1742 = CARTESIAN_POINT('',(0.655025548867,-12.61041910288));
#1743 = CARTESIAN_POINT('',(0.681101809581,-10.19587025445));
#1744 = CARTESIAN_POINT('',(0.681181280832,-8.947036067256));
#1745 = CARTESIAN_POINT('',(0.66715249849,-7.698273956948));
#1746 = CARTESIAN_POINT('',(0.639355590605,-6.44978997758));
#1747 = CARTESIAN_POINT('',(0.59930003285,-5.201705283545));
#1748 = CARTESIAN_POINT('',(0.549358338658,-3.95406612554));
#1749 = CARTESIAN_POINT('',(0.477487503225,-2.377228947421));
#1750 = CARTESIAN_POINT('',(0.461981089197,-2.047634541156));
#1751 = CARTESIAN_POINT('',(0.446047427005,-1.71806561554));
#1752 = CARTESIAN_POINT('',(0.429744373039,-1.388520244007));
#1753 = CARTESIAN_POINT('',(0.413132324353,-1.05899608744));
#1754 = CARTESIAN_POINT('',(0.396274218665,-0.729490394176));
#1755 = CARTESIAN_POINT('',(0.37923553436,-0.4));
#1756 = ( GEOMETRIC_REPRESENTATION_CONTEXT(2) 
PARAMETRIC_REPRESENTATION_CONTEXT() REPRESENTATION_CONTEXT('2D SPACE',''
  ) );
#1757 = ORIENTED_EDGE('',*,*,#1758,.T.);
#1758 = EDGE_CURVE('',#1678,#1759,#1761,.T.);
#1759 = VERTEX_POINT('',#1760);
#1760 = CARTESIAN_POINT('',(10.,-61.,1.389349845382));
#1761 = SURFACE_CURVE('',#1762,(#1795,#1831),.PCURVE_S1.);
#1762 = B_SPLINE_CURVE_WITH_KNOTS('',7,(#1763,#1764,#1765,#1766,#1767,
    #1768,#1769,#1770,#1771,#1772,#1773,#1774,#1775,#1776,#1777,#1778,
    #1779,#1780,#1781,#1782,#1783,#1784,#1785,#1786,#1787,#1788,#1789,
    #1790,#1791,#1792,#1793,#1794),.UNSPECIFIED.,.F.,.F.,(8,6,6,6,6,8),(
    0.,0.356758807666,0.445249879142,0.555674882765,0.713994504506,1.),
  .UNSPECIFIED.);
#1763 = CARTESIAN_POINT('',(8.,-63.,0.459396716333));
#1764 = CARTESIAN_POINT('',(8.176354997851,-63.,0.450925246077));
#1765 = CARTESIAN_POINT('',(8.353413843433,-62.98185749244,
    0.449169619399));
#1766 = CARTESIAN_POINT('',(8.528158159074,-62.94531329662,
    0.454074913516));
#1767 = CARTESIAN_POINT('',(8.697799140295,-62.89092607443,
    0.465611042165));
#1768 = CARTESIAN_POINT('',(8.859780962204,-62.81981744942,0.48393429942
    ));
#1769 = CARTESIAN_POINT('',(9.011821302429,-62.73368183687,
    0.509281949362));
#1770 = CARTESIAN_POINT('',(9.186850519097,-62.61034059394,
    0.549725837113));
#1771 = CARTESIAN_POINT('',(9.220914595575,-62.58504355215,
    0.558198896516));
#1772 = CARTESIAN_POINT('',(9.25422994603,-62.55899708575,0.567108281344
    ));
#1773 = CARTESIAN_POINT('',(9.286772347631,-62.53223655275,
    0.576454683602));
#1774 = CARTESIAN_POINT('',(9.318520021051,-62.50479847518,0.58623821132
    ));
#1775 = CARTESIAN_POINT('',(9.349453630469,-62.47672053916,
    0.596458388556));
#1776 = CARTESIAN_POINT('',(9.41712036232,-62.41225411399,0.620411125045
    ));
#1777 = CARTESIAN_POINT('',(9.453390971379,-62.37553016844,
    0.634386441624));
#1778 = CARTESIAN_POINT('',(9.488335032857,-62.33794503867,0.64903769675
    ));
#1779 = CARTESIAN_POINT('',(9.521926611312,-62.29957503185,
    0.664360948312));
#1780 = CARTESIAN_POINT('',(9.554146495842,-62.26049686476,
    0.680350516096));
#1781 = CARTESIAN_POINT('',(9.584981782177,-62.2207870467,0.696998777414
    ));
#1782 = CARTESIAN_POINT('',(9.656639726489,-62.12279100629,
    0.739095453288));
#1783 = CARTESIAN_POINT('',(9.695994491122,-62.06391630324,
    0.765229479935));
#1784 = CARTESIAN_POINT('',(9.732468977759,-62.004120658,0.792669545989)
  );
#1785 = CARTESIAN_POINT('',(9.766071150195,-61.94361772735,
    0.821380326406));
#1786 = CARTESIAN_POINT('',(9.796832881764,-61.88260897846,
    0.851320410153));
#1787 = CARTESIAN_POINT('',(9.824805130163,-61.82128134732,
    0.882443042575));
#1788 = CARTESIAN_POINT('',(9.89566376722,-61.64874726322,0.972963626834
    ));
#1789 = CARTESIAN_POINT('',(9.932378574156,-61.53721702803,
    1.034915310425));
#1790 = CARTESIAN_POINT('',(9.960600982445,-61.42618750632,
    1.100265809351));
#1791 = CARTESIAN_POINT('',(9.980878179742,-61.31643976859,
    1.168697901594));
#1792 = CARTESIAN_POINT('',(9.993812319257,-61.20856743855,
    1.239886645662));
#1793 = CARTESIAN_POINT('',(10.,-61.1029936267,1.313524739561));
#1794 = CARTESIAN_POINT('',(10.,-61.,1.389349845382));
#1795 = PCURVE('',#843,#1796);
#1796 = DEFINITIONAL_REPRESENTATION('',(#1797),#1830);
#1797 = B_SPLINE_CURVE_WITH_KNOTS('',7,(#1798,#1799,#1800,#1801,#1802,
    #1803,#1804,#1805,#1806,#1807,#1808,#1809,#1810,#1811,#1812,#1813,
    #1814,#1815,#1816,#1817,#1818,#1819,#1820,#1821,#1822,#1823,#1824,
    #1825,#1826,#1827,#1828,#1829),.UNSPECIFIED.,.F.,.F.,(8,6,6,6,6,8),(
    0.,0.356758807666,0.445249879142,0.555674882765,0.713994504506,1.),
  .UNSPECIFIED.);
#1798 = CARTESIAN_POINT('',(4.838697097448,4.348084772878));
#1799 = CARTESIAN_POINT('',(4.841451961039,4.351481384098));
#1800 = CARTESIAN_POINT('',(4.844251558802,4.35222064077));
#1801 = CARTESIAN_POINT('',(4.847052384434,4.350224887432));
#1802 = CARTESIAN_POINT('',(4.849813339947,4.345519377436));
#1803 = CARTESIAN_POINT('',(4.852495486718,4.338193140057));
#1804 = CARTESIAN_POINT('',(4.855061984286,4.328403252004));
#1805 = CARTESIAN_POINT('',(4.858079728934,4.313424243775));
#1806 = CARTESIAN_POINT('',(4.8586704176,4.310310816841));
#1807 = CARTESIAN_POINT('',(4.859251561909,4.307064603536));
#1808 = CARTESIAN_POINT('',(4.859822720658,4.303689447115));
#1809 = CARTESIAN_POINT('',(4.86038348359,4.300189392624));
#1810 = CARTESIAN_POINT('',(4.860933471392,4.296568686895));
#1811 = CARTESIAN_POINT('',(4.862144766172,4.288168617504));
#1812 = CARTESIAN_POINT('',(4.862799884194,4.283324438786));
#1813 = CARTESIAN_POINT('',(4.863437009496,4.278307878087));
#1814 = CARTESIAN_POINT('',(4.864055559938,4.273127860871));
#1815 = CARTESIAN_POINT('',(4.86465504734,4.267793536378));
#1816 = CARTESIAN_POINT('',(4.865235073317,4.262314211625));
#1817 = CARTESIAN_POINT('',(4.866598574828,4.248648998198));
#1818 = CARTESIAN_POINT('',(4.867361197872,4.240319749053));
#1819 = CARTESIAN_POINT('',(4.8680822703,4.231739278494));
#1820 = CARTESIAN_POINT('',(4.868761306815,4.222934849534));
#1821 = CARTESIAN_POINT('',(4.869398199746,4.213932888173));
#1822 = CARTESIAN_POINT('',(4.869993158039,4.204758623876));
#1823 = CARTESIAN_POINT('',(4.871546526504,4.178593857668));
#1824 = CARTESIAN_POINT('',(4.87241095396,4.161268908372));
#1825 = CARTESIAN_POINT('',(4.873143037193,4.143596069599));
#1826 = CARTESIAN_POINT('',(4.87374851441,4.125691017842));
#1827 = CARTESIAN_POINT('',(4.874234495726,4.107648647209));
#1828 = CARTESIAN_POINT('',(4.87460854334,4.089542932486));
#1829 = CARTESIAN_POINT('',(4.874878089602,4.071427926673));
#1830 = ( GEOMETRIC_REPRESENTATION_CONTEXT(2) 
PARAMETRIC_REPRESENTATION_CONTEXT() REPRESENTATION_CONTEXT('2D SPACE',''
  ) );
#1831 = PCURVE('',#1832,#1837);
#1832 = CYLINDRICAL_SURFACE('',#1833,2.);
#1833 = AXIS2_PLACEMENT_3D('',#1834,#1835,#1836);
#1834 = CARTESIAN_POINT('',(8.,-61.,0.));
#1835 = DIRECTION('',(0.,0.,1.));
#1836 = DIRECTION('',(1.110223024625E-16,-1.,0.));
#1837 = DEFINITIONAL_REPRESENTATION('',(#1838),#1871);
#1838 = B_SPLINE_CURVE_WITH_KNOTS('',7,(#1839,#1840,#1841,#1842,#1843,
    #1844,#1845,#1846,#1847,#1848,#1849,#1850,#1851,#1852,#1853,#1854,
    #1855,#1856,#1857,#1858,#1859,#1860,#1861,#1862,#1863,#1864,#1865,
    #1866,#1867,#1868,#1869,#1870),.UNSPECIFIED.,.F.,.F.,(8,6,6,6,6,8),(
    0.,0.356758807666,0.445249879142,0.555674882765,0.713994504506,1.),
  .UNSPECIFIED.);
#1839 = CARTESIAN_POINT('',(0.,0.459396716333));
#1840 = CARTESIAN_POINT('',(8.817749892567E-02,0.450925246077));
#1841 = CARTESIAN_POINT('',(0.17670686168,0.449169619399));
#1842 = CARTESIAN_POINT('',(0.265199167685,0.454074913516));
#1843 = CARTESIAN_POINT('',(0.3534183101,0.465611042165));
#1844 = CARTESIAN_POINT('',(0.441133635217,0.48393429942));
#1845 = CARTESIAN_POINT('',(0.528083075689,0.509281949362));
#1846 = CARTESIAN_POINT('',(0.635144143421,0.549725837113));
#1847 = CARTESIAN_POINT('',(0.656352495755,0.558198896516));
#1848 = CARTESIAN_POINT('',(0.677486486807,0.567108281344));
#1849 = CARTESIAN_POINT('',(0.698541270905,0.576454683602));
#1850 = CARTESIAN_POINT('',(0.719512046248,0.58623821132));
#1851 = CARTESIAN_POINT('',(0.740394054902,0.596458388556));
#1852 = CARTESIAN_POINT('',(0.787123880959,0.620411125045));
#1853 = CARTESIAN_POINT('',(0.812919899501,0.634386441624));
#1854 = CARTESIAN_POINT('',(0.838561239386,0.64903769675));
#1855 = CARTESIAN_POINT('',(0.86403923834,0.664360948312));
#1856 = CARTESIAN_POINT('',(0.88934582932,0.680350516096));
#1857 = CARTESIAN_POINT('',(0.914473398984,0.696998777414));
#1858 = CARTESIAN_POINT('',(0.97517365623,0.739095453288));
#1859 = CARTESIAN_POINT('',(1.010550583033,0.765229479935));
#1860 = CARTESIAN_POINT('',(1.04552401627,0.792669545989));
#1861 = CARTESIAN_POINT('',(1.080077259633,0.821380326406));
#1862 = CARTESIAN_POINT('',(1.114197659054,0.851320410153));
#1863 = CARTESIAN_POINT('',(1.14787593097,0.882443042575));
#1864 = CARTESIAN_POINT('',(1.241134920643,0.972963626834));
#1865 = CARTESIAN_POINT('',(1.299693063507,1.034915310425));
#1866 = CARTESIAN_POINT('',(1.356760243998,1.100265809351));
#1867 = CARTESIAN_POINT('',(1.412353138606,1.168697901594));
#1868 = CARTESIAN_POINT('',(1.466512712301,1.239886645662));
#1869 = CARTESIAN_POINT('',(1.519299513441,1.313524739561));
#1870 = CARTESIAN_POINT('',(1.570796326795,1.389349845382));
#1871 = ( GEOMETRIC_REPRESENTATION_CONTEXT(2) 
PARAMETRIC_REPRESENTATION_CONTEXT() REPRESENTATION_CONTEXT('2D SPACE',''
  ) );
#1872 = ORIENTED_EDGE('',*,*,#1873,.F.);
#1873 = EDGE_CURVE('',#1874,#1759,#1876,.T.);
#1874 = VERTEX_POINT('',#1875);
#1875 = CARTESIAN_POINT('',(10.,-58.14636704042,7.));
#1876 = SURFACE_CURVE('',#1877,(#1898,#1922),.PCURVE_S1.);
#1877 = B_SPLINE_CURVE_WITH_KNOTS('',7,(#1878,#1879,#1880,#1881,#1882,
    #1883,#1884,#1885,#1886,#1887,#1888,#1889,#1890,#1891,#1892,#1893,
    #1894,#1895,#1896,#1897),.UNSPECIFIED.,.F.,.F.,(8,6,6,8),(0.,
    0.345040034359,0.522523104103,1.),.UNSPECIFIED.);
#1878 = CARTESIAN_POINT('',(10.,-58.14636704042,7.));
#1879 = CARTESIAN_POINT('',(10.,-58.14636704042,6.546205026194));
#1880 = CARTESIAN_POINT('',(10.,-58.18119268428,6.092359713143));
#1881 = CARTESIAN_POINT('',(10.,-58.25085703674,5.641762873202));
#1882 = CARTESIAN_POINT('',(10.,-58.35492966819,5.197596577463));
#1883 = CARTESIAN_POINT('',(10.,-58.49261564553,4.76293924176));
#1884 = CARTESIAN_POINT('',(10.,-58.66276847014,4.34076396313));
#1885 = CARTESIAN_POINT('',(10.,-58.96726337687,3.724649169088));
#1886 = CARTESIAN_POINT('',(10.,-59.07887705527,3.519418814702));
#1887 = CARTESIAN_POINT('',(10.,-59.19847324443,3.318610593683));
#1888 = CARTESIAN_POINT('',(10.,-59.32582637014,3.122587347801));
#1889 = CARTESIAN_POINT('',(10.,-59.46069079619,2.931695568401));
#1890 = CARTESIAN_POINT('',(10.,-59.6028015827,2.746265754362));
#1891 = CARTESIAN_POINT('',(10.,-60.15292323948,2.083298223991));
#1892 = CARTESIAN_POINT('',(10.,-60.60444957974,1.641692009228));
#1893 = CARTESIAN_POINT('',(10.,-61.10083808071,1.248102947474));
#1894 = CARTESIAN_POINT('',(10.,-61.63570816918,0.907547517631));
#1895 = CARTESIAN_POINT('',(10.,-62.20218935312,0.624082045542));
#1896 = CARTESIAN_POINT('',(10.,-62.79292792805,0.400820900579));
#1897 = CARTESIAN_POINT('',(10.,-63.4,0.239718023816));
#1898 = PCURVE('',#843,#1899);
#1899 = DEFINITIONAL_REPRESENTATION('',(#1900),#1921);
#1900 = B_SPLINE_CURVE_WITH_KNOTS('',7,(#1901,#1902,#1903,#1904,#1905,
    #1906,#1907,#1908,#1909,#1910,#1911,#1912,#1913,#1914,#1915,#1916,
    #1917,#1918,#1919,#1920),.UNSPECIFIED.,.F.,.F.,(8,6,6,8),(0.,
    0.345040034359,0.522523104103,1.),.UNSPECIFIED.);
#1901 = CARTESIAN_POINT('',(4.882702687229,3.14159265359));
#1902 = CARTESIAN_POINT('',(4.882702687229,3.206420506991));
#1903 = CARTESIAN_POINT('',(4.882602642736,3.271255471177));
#1904 = CARTESIAN_POINT('',(4.882402513716,3.336071733673));
#1905 = CARTESIAN_POINT('',(4.882104276058,3.400859081256));
#1906 = CARTESIAN_POINT('',(4.8817116731,3.46561299702));
#1907 = CARTESIAN_POINT('',(4.881230010724,3.530325644689));
#1908 = CARTESIAN_POINT('',(4.880375875896,3.628233743061));
#1909 = CARTESIAN_POINT('',(4.88006394585,3.661476010897));
#1910 = CARTESIAN_POINT('',(4.879731101409,3.694703352939));
#1911 = CARTESIAN_POINT('',(4.87937831633,3.72791520046));
#1912 = CARTESIAN_POINT('',(4.879006630506,3.761111328118));
#1913 = CARTESIAN_POINT('',(4.878617137878,3.794291575306));
#1914 = CARTESIAN_POINT('',(4.877118285833,3.916675570682));
#1915 = CARTESIAN_POINT('',(4.875904711634,4.005796708835));
#1916 = CARTESIAN_POINT('',(4.874592641721,4.094783673928));
#1917 = CARTESIAN_POINT('',(4.873206093723,4.183663591022));
#1918 = CARTESIAN_POINT('',(4.871768604836,4.272466740015));
#1919 = CARTESIAN_POINT('',(4.870302494861,4.361225517052));
#1920 = CARTESIAN_POINT('',(4.86882886158,4.449928716422));
#1921 = ( GEOMETRIC_REPRESENTATION_CONTEXT(2) 
PARAMETRIC_REPRESENTATION_CONTEXT() REPRESENTATION_CONTEXT('2D SPACE',''
  ) );
#1922 = PCURVE('',#1923,#1928);
#1923 = PLANE('',#1924);
#1924 = AXIS2_PLACEMENT_3D('',#1925,#1926,#1927);
#1925 = CARTESIAN_POINT('',(10.,-35.,0.));
#1926 = DIRECTION('',(1.,1.110223024625E-16,0.));
#1927 = DIRECTION('',(0.,0.,1.));
#1928 = DEFINITIONAL_REPRESENTATION('',(#1929),#1950);
#1929 = B_SPLINE_CURVE_WITH_KNOTS('',7,(#1930,#1931,#1932,#1933,#1934,
    #1935,#1936,#1937,#1938,#1939,#1940,#1941,#1942,#1943,#1944,#1945,
    #1946,#1947,#1948,#1949),.UNSPECIFIED.,.F.,.F.,(8,6,6,8),(0.,
    0.345040034359,0.522523104103,1.),.UNSPECIFIED.);
#1930 = CARTESIAN_POINT('',(7.,23.146367040427));
#1931 = CARTESIAN_POINT('',(6.546205026194,23.146367040427));
#1932 = CARTESIAN_POINT('',(6.092359713143,23.181192684286));
#1933 = CARTESIAN_POINT('',(5.641762873202,23.250857036742));
#1934 = CARTESIAN_POINT('',(5.197596577463,23.354929668196));
#1935 = CARTESIAN_POINT('',(4.76293924176,23.492615645536));
#1936 = CARTESIAN_POINT('',(4.34076396313,23.662768470148));
#1937 = CARTESIAN_POINT('',(3.724649169088,23.967263376878));
#1938 = CARTESIAN_POINT('',(3.519418814702,24.07887705527));
#1939 = CARTESIAN_POINT('',(3.318610593683,24.19847324443));
#1940 = CARTESIAN_POINT('',(3.122587347801,24.325826370147));
#1941 = CARTESIAN_POINT('',(2.931695568401,24.460690796198));
#1942 = CARTESIAN_POINT('',(2.746265754362,24.6028015827));
#1943 = CARTESIAN_POINT('',(2.083298223991,25.152923239487));
#1944 = CARTESIAN_POINT('',(1.641692009228,25.604449579744));
#1945 = CARTESIAN_POINT('',(1.248102947474,26.100838080712));
#1946 = CARTESIAN_POINT('',(0.907547517631,26.635708169183));
#1947 = CARTESIAN_POINT('',(0.624082045542,27.20218935312));
#1948 = CARTESIAN_POINT('',(0.400820900579,27.792927928058));
#1949 = CARTESIAN_POINT('',(0.239718023816,28.4));
#1950 = ( GEOMETRIC_REPRESENTATION_CONTEXT(2) 
PARAMETRIC_REPRESENTATION_CONTEXT() REPRESENTATION_CONTEXT('2D SPACE',''
  ) );
#1951 = ORIENTED_EDGE('',*,*,#1952,.T.);
#1952 = EDGE_CURVE('',#1874,#1953,#1955,.T.);
#1953 = VERTEX_POINT('',#1954);
#1954 = CARTESIAN_POINT('',(59.,1.235726496974E-15,7.));
#1955 = SURFACE_CURVE('',#1956,(#1961,#1968),.PCURVE_S1.);
#1956 = CIRCLE('',#1957,59.);
#1957 = AXIS2_PLACEMENT_3D('',#1958,#1959,#1960);
#1958 = CARTESIAN_POINT('',(4.374471799288E-13,1.235726496974E-15,7.));
#1959 = DIRECTION('',(0.,0.,1.));
#1960 = DIRECTION('',(1.,0.,-0.));
#1961 = PCURVE('',#843,#1962);
#1962 = DEFINITIONAL_REPRESENTATION('',(#1963),#1967);
#1963 = LINE('',#1964,#1965);
#1964 = CARTESIAN_POINT('',(0.,3.14159265359));
#1965 = VECTOR('',#1966,1.);
#1966 = DIRECTION('',(1.,0.));
#1967 = ( GEOMETRIC_REPRESENTATION_CONTEXT(2) 
PARAMETRIC_REPRESENTATION_CONTEXT() REPRESENTATION_CONTEXT('2D SPACE',''
  ) );
#1968 = PCURVE('',#1969,#1974);
#1969 = CYLINDRICAL_SURFACE('',#1970,59.);
#1970 = AXIS2_PLACEMENT_3D('',#1971,#1972,#1973);
#1971 = CARTESIAN_POINT('',(4.374471799288E-13,1.235726496974E-15,0.));
#1972 = DIRECTION('',(-0.,-0.,-1.));
#1973 = DIRECTION('',(1.,0.,0.));
#1974 = DEFINITIONAL_REPRESENTATION('',(#1975),#1978);
#1975 = B_SPLINE_CURVE_WITH_KNOTS('',1,(#1976,#1977),.UNSPECIFIED.,.F.,
  .F.,(2,2),(4.882702687229,6.28318530718),.PIECEWISE_BEZIER_KNOTS.);
#1976 = CARTESIAN_POINT('',(-4.882702687229,-7.));
#1977 = CARTESIAN_POINT('',(-6.28318530718,-7.));
#1978 = ( GEOMETRIC_REPRESENTATION_CONTEXT(2) 
PARAMETRIC_REPRESENTATION_CONTEXT() REPRESENTATION_CONTEXT('2D SPACE',''
  ) );
#1979 = ORIENTED_EDGE('',*,*,#1980,.T.);
#1980 = EDGE_CURVE('',#1953,#827,#1981,.T.);
#1981 = SEAM_CURVE('',#1982,(#1987,#1993),.PCURVE_S1.);
#1982 = CIRCLE('',#1983,7.);
#1983 = AXIS2_PLACEMENT_3D('',#1984,#1985,#1986);
#1984 = CARTESIAN_POINT('',(66.,1.235726496974E-15,7.));
#1985 = DIRECTION('',(0.,-1.,0.));
#1986 = DIRECTION('',(1.,0.,0.));
#1987 = PCURVE('',#843,#1988);
#1988 = DEFINITIONAL_REPRESENTATION('',(#1989),#1992);
#1989 = B_SPLINE_CURVE_WITH_KNOTS('',1,(#1990,#1991),.UNSPECIFIED.,.F.,
  .F.,(2,2),(3.14159265359,4.712388980385),.PIECEWISE_BEZIER_KNOTS.);
#1990 = CARTESIAN_POINT('',(0.,3.14159265359));
#1991 = CARTESIAN_POINT('',(0.,4.712388980385));
#1992 = ( GEOMETRIC_REPRESENTATION_CONTEXT(2) 
PARAMETRIC_REPRESENTATION_CONTEXT() REPRESENTATION_CONTEXT('2D SPACE',''
  ) );
#1993 = PCURVE('',#843,#1994);
#1994 = DEFINITIONAL_REPRESENTATION('',(#1995),#1998);
#1995 = B_SPLINE_CURVE_WITH_KNOTS('',1,(#1996,#1997),.UNSPECIFIED.,.F.,
  .F.,(2,2),(3.14159265359,4.712388980385),.PIECEWISE_BEZIER_KNOTS.);
#1996 = CARTESIAN_POINT('',(6.28318530718,3.14159265359));
#1997 = CARTESIAN_POINT('',(6.28318530718,4.712388980385));
#1998 = ( GEOMETRIC_REPRESENTATION_CONTEXT(2) 
PARAMETRIC_REPRESENTATION_CONTEXT() REPRESENTATION_CONTEXT('2D SPACE',''
  ) );
#1999 = ORIENTED_EDGE('',*,*,#826,.F.);
#2000 = ORIENTED_EDGE('',*,*,#1980,.F.);
#2001 = ORIENTED_EDGE('',*,*,#2002,.T.);
#2002 = EDGE_CURVE('',#1953,#2003,#2005,.T.);
#2003 = VERTEX_POINT('',#2004);
#2004 = CARTESIAN_POINT('',(55.356230994784,20.412929482369,7.));
#2005 = SURFACE_CURVE('',#2006,(#2011,#2018),.PCURVE_S1.);
#2006 = CIRCLE('',#2007,59.);
#2007 = AXIS2_PLACEMENT_3D('',#2008,#2009,#2010);
#2008 = CARTESIAN_POINT('',(4.374471799288E-13,1.235726496974E-15,7.));
#2009 = DIRECTION('',(0.,0.,1.));
#2010 = DIRECTION('',(1.,0.,-0.));
#2011 = PCURVE('',#843,#2012);
#2012 = DEFINITIONAL_REPRESENTATION('',(#2013),#2017);
#2013 = LINE('',#2014,#2015);
#2014 = CARTESIAN_POINT('',(0.,3.14159265359));
#2015 = VECTOR('',#2016,1.);
#2016 = DIRECTION('',(1.,0.));
#2017 = ( GEOMETRIC_REPRESENTATION_CONTEXT(2) 
PARAMETRIC_REPRESENTATION_CONTEXT() REPRESENTATION_CONTEXT('2D SPACE',''
  ) );
#2018 = PCURVE('',#1969,#2019);
#2019 = DEFINITIONAL_REPRESENTATION('',(#2020),#2023);
#2020 = B_SPLINE_CURVE_WITH_KNOTS('',1,(#2021,#2022),.UNSPECIFIED.,.F.,
  .F.,(2,2),(0.,0.353285068754),.PIECEWISE_BEZIER_KNOTS.);
#2021 = CARTESIAN_POINT('',(-6.28318530718,-7.));
#2022 = CARTESIAN_POINT('',(-6.636470375934,-7.));
#2023 = ( GEOMETRIC_REPRESENTATION_CONTEXT(2) 
PARAMETRIC_REPRESENTATION_CONTEXT() REPRESENTATION_CONTEXT('2D SPACE',''
  ) );
#2024 = ORIENTED_EDGE('',*,*,#2025,.T.);
#2025 = EDGE_CURVE('',#2003,#2026,#2028,.T.);
#2026 = VERTEX_POINT('',#2027);
#2027 = CARTESIAN_POINT('',(57.827549630851,21.839745962156,
    1.389349845383));
#2028 = SURFACE_CURVE('',#2029,(#2050,#2074),.PCURVE_S1.);
#2029 = B_SPLINE_CURVE_WITH_KNOTS('',7,(#2030,#2031,#2032,#2033,#2034,
    #2035,#2036,#2037,#2038,#2039,#2040,#2041,#2042,#2043,#2044,#2045,
    #2046,#2047,#2048,#2049),.UNSPECIFIED.,.F.,.F.,(8,6,6,8),(0.,
    0.345040034401,0.522523104145,1.),.UNSPECIFIED.);
#2030 = CARTESIAN_POINT('',(55.356230994784,20.412929482369,7.));
#2031 = CARTESIAN_POINT('',(55.356230994784,20.412929482369,
    6.54620502614));
#2032 = CARTESIAN_POINT('',(55.386390887077,20.430342304303,
    6.092359713034));
#2033 = CARTESIAN_POINT('',(55.446721986057,20.46517448054,5.64176287304
    ));
#2034 = CARTESIAN_POINT('',(55.536851528756,20.517210796279,
    5.197596577249));
#2035 = CARTESIAN_POINT('',(55.656091082905,20.586053784965,
    4.762939241499));
#2036 = CARTESIAN_POINT('',(55.803447751579,20.671130197291,
    4.340763962825));
#2037 = CARTESIAN_POINT('',(56.067148076181,20.823377650685,
    3.724649168751));
#2038 = CARTESIAN_POINT('',(56.163808357088,20.879184489887,
    3.519418814371));
#2039 = CARTESIAN_POINT('',(56.267381695106,20.938982584472,
    3.318610593358));
#2040 = CARTESIAN_POINT('',(56.377672737238,21.002659147336,
    3.122587347483));
#2041 = CARTESIAN_POINT('',(56.494468756274,21.070091360367,
    2.93169556809));
#2042 = CARTESIAN_POINT('',(56.617540307545,21.141146753623,
    2.746265754059));
#2043 = CARTESIAN_POINT('',(57.093959637496,21.416207582017,
    2.08329822376));
#2044 = CARTESIAN_POINT('',(57.48499291862,21.641970752136,
    1.641692009056));
#2045 = CARTESIAN_POINT('',(57.914877970576,21.890165002604,
    1.248102947356));
#2046 = CARTESIAN_POINT('',(58.378089054887,22.157600046822,
    0.907547517556));
#2047 = CARTESIAN_POINT('',(58.868676150901,22.440840638767,
    0.624082045503));
#2048 = CARTESIAN_POINT('',(59.38027076375,22.736209926211,
    0.400820900565));
#2049 = CARTESIAN_POINT('',(59.906010599933,23.039745962156,
    0.239718023816));
#2050 = PCURVE('',#843,#2051);
#2051 = DEFINITIONAL_REPRESENTATION('',(#2052),#2073);
#2052 = B_SPLINE_CURVE_WITH_KNOTS('',7,(#2053,#2054,#2055,#2056,#2057,
    #2058,#2059,#2060,#2061,#2062,#2063,#2064,#2065,#2066,#2067,#2068,
    #2069,#2070,#2071,#2072),.UNSPECIFIED.,.F.,.F.,(8,6,6,8),(0.,
    0.345040034401,0.522523104145,1.),.UNSPECIFIED.);
#2053 = CARTESIAN_POINT('',(0.353285068754,3.14159265359));
#2054 = CARTESIAN_POINT('',(0.353285068754,3.206420506998));
#2055 = CARTESIAN_POINT('',(0.353385113247,3.271255471192));
#2056 = CARTESIAN_POINT('',(0.353585242267,3.336071733696));
#2057 = CARTESIAN_POINT('',(0.353883479925,3.400859081287));
#2058 = CARTESIAN_POINT('',(0.354276082884,3.465612997059));
#2059 = CARTESIAN_POINT('',(0.354757745259,3.530325644735));
#2060 = CARTESIAN_POINT('',(0.355611880088,3.628233743115));
#2061 = CARTESIAN_POINT('',(0.355923810134,3.661476010952));
#2062 = CARTESIAN_POINT('',(0.356256654575,3.694703352993));
#2063 = CARTESIAN_POINT('',(0.356609439654,3.727915200514));
#2064 = CARTESIAN_POINT('',(0.356981125477,3.761111328172));
#2065 = CARTESIAN_POINT('',(0.357370618106,3.79429157536));
#2066 = CARTESIAN_POINT('',(0.358869470151,3.916675570729));
#2067 = CARTESIAN_POINT('',(0.360083044349,4.005796708874));
#2068 = CARTESIAN_POINT('',(0.361395114262,4.094783673959));
#2069 = CARTESIAN_POINT('',(0.362781662261,4.183663591045));
#2070 = CARTESIAN_POINT('',(0.364219151147,4.27246674003));
#2071 = CARTESIAN_POINT('',(0.365685261122,4.36122551706));
#2072 = CARTESIAN_POINT('',(0.367158894403,4.449928716422));
#2073 = ( GEOMETRIC_REPRESENTATION_CONTEXT(2) 
PARAMETRIC_REPRESENTATION_CONTEXT() REPRESENTATION_CONTEXT('2D SPACE',''
  ) );
#2074 = PCURVE('',#2075,#2080);
#2075 = PLANE('',#2076);
#2076 = AXIS2_PLACEMENT_3D('',#2077,#2078,#2079);
#2077 = CARTESIAN_POINT('',(35.310889132455,8.839745962156,0.));
#2078 = DIRECTION('',(-0.5,0.866025403784,0.));
#2079 = DIRECTION('',(0.,0.,1.));
#2080 = DEFINITIONAL_REPRESENTATION('',(#2081),#2102);
#2081 = B_SPLINE_CURVE_WITH_KNOTS('',7,(#2082,#2083,#2084,#2085,#2086,
    #2087,#2088,#2089,#2090,#2091,#2092,#2093,#2094,#2095,#2096,#2097,
    #2098,#2099,#2100,#2101),.UNSPECIFIED.,.F.,.F.,(8,6,6,8),(0.,
    0.345040034401,0.522523104145,1.),.UNSPECIFIED.);
#2082 = CARTESIAN_POINT('',(7.,23.146367040427));
#2083 = CARTESIAN_POINT('',(6.54620502614,23.146367040427));
#2084 = CARTESIAN_POINT('',(6.092359713034,23.181192684295));
#2085 = CARTESIAN_POINT('',(5.64176287304,23.250857036768));
#2086 = CARTESIAN_POINT('',(5.197596577249,23.354929668247));
#2087 = CARTESIAN_POINT('',(4.762939241499,23.492615645619));
#2088 = CARTESIAN_POINT('',(4.340763962825,23.662768470271));
#2089 = CARTESIAN_POINT('',(3.724649168751,23.967263377059));
#2090 = CARTESIAN_POINT('',(3.519418814371,24.078877055462));
#2091 = CARTESIAN_POINT('',(3.318610593358,24.198473244634));
#2092 = CARTESIAN_POINT('',(3.122587347483,24.325826370361));
#2093 = CARTESIAN_POINT('',(2.93169556809,24.460690796423));
#2094 = CARTESIAN_POINT('',(2.746265754059,24.602801582935));
#2095 = CARTESIAN_POINT('',(2.08329822376,25.152923239723));
#2096 = CARTESIAN_POINT('',(1.641692009056,25.604449579962));
#2097 = CARTESIAN_POINT('',(1.248102947356,26.100838080897));
#2098 = CARTESIAN_POINT('',(0.907547517556,26.635708169333));
#2099 = CARTESIAN_POINT('',(0.624082045503,27.202189353223));
#2100 = CARTESIAN_POINT('',(0.400820900565,27.792927928111));
#2101 = CARTESIAN_POINT('',(0.239718023816,28.4));
#2102 = ( GEOMETRIC_REPRESENTATION_CONTEXT(2) 
PARAMETRIC_REPRESENTATION_CONTEXT() REPRESENTATION_CONTEXT('2D SPACE',''
  ) );
#2103 = ORIENTED_EDGE('',*,*,#2104,.T.);
#2104 = EDGE_CURVE('',#2026,#2105,#2107,.T.);
#2105 = VERTEX_POINT('',#2106);
#2106 = CARTESIAN_POINT('',(58.55960043842,24.571796769724,
    0.459396716333));
#2107 = SURFACE_CURVE('',#2108,(#2141,#2177),.PCURVE_S1.);
#2108 = B_SPLINE_CURVE_WITH_KNOTS('',7,(#2109,#2110,#2111,#2112,#2113,
    #2114,#2115,#2116,#2117,#2118,#2119,#2120,#2121,#2122,#2123,#2124,
    #2125,#2126,#2127,#2128,#2129,#2130,#2131,#2132,#2133,#2134,#2135,
    #2136,#2137,#2138,#2139,#2140),.UNSPECIFIED.,.F.,.F.,(8,6,6,6,6,8),(
    0.,0.286078421612,0.444395190461,0.55480607922,0.64324752849,1.),
  .UNSPECIFIED.);
#2109 = CARTESIAN_POINT('',(57.827549630851,21.839745962156,
    1.389349845383));
#2110 = CARTESIAN_POINT('',(57.916767678177,21.891256025796,
    1.313505229531));
#2111 = CARTESIAN_POINT('',(58.005125954974,21.949418296072,
    1.239848746155));
#2112 = CARTESIAN_POINT('',(58.092100734272,22.014576121116,
    1.16864293759));
#2113 = CARTESIAN_POINT('',(58.177026739667,22.08703483978,
    1.100195358903));
#2114 = CARTESIAN_POINT('',(58.259088089564,22.167019248174,
    1.034831214735));
#2115 = CARTESIAN_POINT('',(58.33733392131,22.254612639404,
    0.972867966979));
#2116 = CARTESIAN_POINT('',(58.451330078046,22.402286586572,
    0.88234174752));
#2117 = CARTESIAN_POINT('',(58.490450078135,22.457180498175,
    0.851222855024));
#2118 = CARTESIAN_POINT('',(58.527898800443,22.514330558771,
    0.821286584295));
#2119 = CARTESIAN_POINT('',(58.563488874051,22.573687388081,
    0.792579679494));
#2120 = CARTESIAN_POINT('',(58.597029893124,22.635177811518,
    0.765143538962));
#2121 = CARTESIAN_POINT('',(58.62833285784,22.698701853627,
    0.739013473719));
#2122 = CARTESIAN_POINT('',(58.677356894225,22.809759453515,
    0.696925457613));
#2123 = CARTESIAN_POINT('',(58.696321981666,22.85631599338,
    0.680281741132));
#2124 = CARTESIAN_POINT('',(58.714047868725,22.903755433753,
    0.664296577744));
#2125 = CARTESIAN_POINT('',(58.73047477758,22.952028348476,
    0.648977582721));
#2126 = CARTESIAN_POINT('',(58.745545904285,23.001079749483,
    0.634330429798));
#2127 = CARTESIAN_POINT('',(58.759208161556,23.050849033681,
    0.620359055599));
#2128 = CARTESIAN_POINT('',(58.781189191578,23.141658130484,
    0.596417737404));
#2129 = CARTESIAN_POINT('',(58.790030458916,23.182464879071,
    0.586204717824));
#2130 = CARTESIAN_POINT('',(58.79791157195,23.223656173694,
    0.576427861705));
#2131 = CARTESIAN_POINT('',(58.804809604162,23.265196482063,
    0.567087642879));
#2132 = CARTESIAN_POINT('',(58.810703854123,23.307048741499,
    0.558183952607));
#2133 = CARTESIAN_POINT('',(58.815575845501,23.349174358937,
    0.549716099581));
#2134 = CARTESIAN_POINT('',(58.834872710238,23.562399080487,
    0.509278366505));
#2135 = CARTESIAN_POINT('',(58.833445975771,23.737134034888,
    0.483932155222));
#2136 = CARTESIAN_POINT('',(58.814035880081,23.912966376342,
    0.465609527569));
#2137 = CARTESIAN_POINT('',(58.776314934856,24.087074700535,
    0.454073767248));
#2138 = CARTESIAN_POINT('',(58.720587714417,24.256681753981,
    0.449169159179));
#2139 = CARTESIAN_POINT('',(58.64776814958,24.419085814407,
    0.450926186417));
#2140 = CARTESIAN_POINT('',(58.55960043842,24.571796769724,
    0.459396716333));
#2141 = PCURVE('',#843,#2142);
#2142 = DEFINITIONAL_REPRESENTATION('',(#2143),#2176);
#2143 = B_SPLINE_CURVE_WITH_KNOTS('',7,(#2144,#2145,#2146,#2147,#2148,
    #2149,#2150,#2151,#2152,#2153,#2154,#2155,#2156,#2157,#2158,#2159,
    #2160,#2161,#2162,#2163,#2164,#2165,#2166,#2167,#2168,#2169,#2170,
    #2171,#2172,#2173,#2174,#2175),.UNSPECIFIED.,.F.,.F.,(8,6,6,6,6,8),(
    0.,0.286078421612,0.444395190461,0.55480607922,0.64324752849,1.),
  .UNSPECIFIED.);
#2144 = CARTESIAN_POINT('',(0.361109666381,4.071427926673));
#2145 = CARTESIAN_POINT('',(0.361379281998,4.089547593532));
#2146 = CARTESIAN_POINT('',(0.361753452768,4.107657965763));
#2147 = CARTESIAN_POINT('',(0.362239616805,4.125704948133));
#2148 = CARTESIAN_POINT('',(0.362845342176,4.143614502935));
#2149 = CARTESIAN_POINT('',(0.363577744217,4.161291651051));
#2150 = CARTESIAN_POINT('',(0.364442564452,4.178620609819));
#2151 = CARTESIAN_POINT('',(0.365996506303,4.204788401252));
#2152 = CARTESIAN_POINT('',(0.366591571459,4.213962055701));
#2153 = CARTESIAN_POINT('',(0.367228570563,4.222963355246));
#2154 = CARTESIAN_POINT('',(0.367907711964,4.231767068804));
#2155 = CARTESIAN_POINT('',(0.36862888735,4.240346769608));
#2156 = CARTESIAN_POINT('',(0.369391610747,4.248675194793));
#2157 = CARTESIAN_POINT('',(0.37075521549,4.26233830301));
#2158 = CARTESIAN_POINT('',(0.371335241699,4.267816403561));
#2159 = CARTESIAN_POINT('',(0.371934723271,4.273149511378));
#2160 = CARTESIAN_POINT('',(0.372553261737,4.278328323183));
#2161 = CARTESIAN_POINT('',(0.373190368885,4.283343693626));
#2162 = CARTESIAN_POINT('',(0.373845462595,4.288186701229));
#2163 = CARTESIAN_POINT('',(0.375056469319,4.296583085103));
#2164 = CARTESIAN_POINT('',(0.37560618592,4.300201368676));
#2165 = CARTESIAN_POINT('',(0.376166664611,4.303699124324));
#2166 = CARTESIAN_POINT('',(0.376737526647,4.307072112689));
#2167 = CARTESIAN_POINT('',(0.377318362412,4.310316295785));
#2168 = CARTESIAN_POINT('',(0.377908731415,4.313427836998));
#2169 = CARTESIAN_POINT('',(0.380926128639,4.328404632317));
#2170 = CARTESIAN_POINT('',(0.383492584901,4.338194001977));
#2171 = CARTESIAN_POINT('',(0.386174703517,4.345519967055));
#2172 = CARTESIAN_POINT('',(0.388935684998,4.350225378241));
#2173 = CARTESIAN_POINT('',(0.391736557689,4.352220808442));
#2174 = CARTESIAN_POINT('',(0.394536100735,4.351481007072));
#2175 = CARTESIAN_POINT('',(0.397290658535,4.348084772878));
#2176 = ( GEOMETRIC_REPRESENTATION_CONTEXT(2) 
PARAMETRIC_REPRESENTATION_CONTEXT() REPRESENTATION_CONTEXT('2D SPACE',''
  ) );
#2177 = PCURVE('',#2178,#2183);
#2178 = CYLINDRICAL_SURFACE('',#2179,2.);
#2179 = AXIS2_PLACEMENT_3D('',#2180,#2181,#2182);
#2180 = CARTESIAN_POINT('',(56.827549630851,23.571796769724,0.));
#2181 = DIRECTION('',(0.,0.,1.));
#2182 = DIRECTION('',(0.866025403784,0.5,-0.));
#2183 = DEFINITIONAL_REPRESENTATION('',(#2184),#2217);
#2184 = B_SPLINE_CURVE_WITH_KNOTS('',7,(#2185,#2186,#2187,#2188,#2189,
    #2190,#2191,#2192,#2193,#2194,#2195,#2196,#2197,#2198,#2199,#2200,
    #2201,#2202,#2203,#2204,#2205,#2206,#2207,#2208,#2209,#2210,#2211,
    #2212,#2213,#2214,#2215,#2216),.UNSPECIFIED.,.F.,.F.,(8,6,6,6,6,8),(
    0.,0.286078421612,0.444395190461,0.55480607922,0.64324752849,1.),
  .UNSPECIFIED.);
#2185 = CARTESIAN_POINT('',(-1.570796326795,1.389349845383));
#2186 = CARTESIAN_POINT('',(-1.519286263155,1.313505229531));
#2187 = CARTESIAN_POINT('',(-1.466485544402,1.239848746155));
#2188 = CARTESIAN_POINT('',(-1.412311322377,1.16864293759));
#2189 = CARTESIAN_POINT('',(-1.356703010165,1.100195358903));
#2190 = CARTESIAN_POINT('',(-1.299619623987,1.034831214735));
#2191 = CARTESIAN_POINT('',(-1.241044495385,0.972867966979));
#2192 = CARTESIAN_POINT('',(-1.147767061857,0.88234174752));
#2193 = CARTESIAN_POINT('',(-1.114088083516,0.851222855024));
#2194 = CARTESIAN_POINT('',(-1.079967011084,0.821286584295));
#2195 = CARTESIAN_POINT('',(-1.045413135098,0.792579679494));
#2196 = CARTESIAN_POINT('',(-1.010439116031,0.765143538962));
#2197 = CARTESIAN_POINT('',(-0.975061656069,0.739013473719));
#2198 = CARTESIAN_POINT('',(-0.914363331058,0.696925457613));
#2199 = CARTESIAN_POINT('',(-0.889238237759,0.680281741132));
#2200 = CARTESIAN_POINT('',(-0.863934191304,0.664296577744));
#2201 = CARTESIAN_POINT('',(-0.838458803752,0.648977582721));
#2202 = CARTESIAN_POINT('',(-0.812820140372,0.634330429798));
#2203 = CARTESIAN_POINT('',(-0.787026861108,0.620359055599));
#2204 = CARTESIAN_POINT('',(-0.740311077525,0.596417737404));
#2205 = CARTESIAN_POINT('',(-0.71944043173,0.586204717824));
#2206 = CARTESIAN_POINT('',(-0.698481131052,0.576427861705));
#2207 = CARTESIAN_POINT('',(-0.677437925612,0.567087642879));
#2208 = CARTESIAN_POINT('',(-0.656315609254,0.558183952607));
#2209 = CARTESIAN_POINT('',(-0.635119019545,0.549716099581));
#2210 = CARTESIAN_POINT('',(-0.528070956895,0.509278366505));
#2211 = CARTESIAN_POINT('',(-0.441123315688,0.483932155222));
#2212 = CARTESIAN_POINT('',(-0.353409022826,0.465609527569));
#2213 = CARTESIAN_POINT('',(-0.26518912092,0.454073767248));
#2214 = CARTESIAN_POINT('',(-0.176695578538,0.449169159179));
#2215 = CARTESIAN_POINT('',(-8.816771116069E-02,0.450926186417));
#2216 = CARTESIAN_POINT('',(0.,0.459396716333));
#2217 = ( GEOMETRIC_REPRESENTATION_CONTEXT(2) 
PARAMETRIC_REPRESENTATION_CONTEXT() REPRESENTATION_CONTEXT('2D SPACE',''
  ) );
#2218 = ORIENTED_EDGE('',*,*,#2219,.F.);
#2219 = EDGE_CURVE('',#2220,#2105,#2222,.T.);
#2220 = VERTEX_POINT('',#2221);
#2221 = CARTESIAN_POINT('',(50.55960043842,38.428203230276,
    0.459396716333));
#2222 = SURFACE_CURVE('',#2223,(#2244,#2268),.PCURVE_S1.);
#2223 = B_SPLINE_CURVE_WITH_KNOTS('',7,(#2224,#2225,#2226,#2227,#2228,
    #2229,#2230,#2231,#2232,#2233,#2234,#2235,#2236,#2237,#2238,#2239,
    #2240,#2241,#2242,#2243),.UNSPECIFIED.,.F.,.F.,(8,6,6,8),(0.,
    0.4248188643,0.879764369863,1.),.UNSPECIFIED.);
#2224 = CARTESIAN_POINT('',(49.75960043842,39.813843876331,0.37923553436
    ));
#2225 = CARTESIAN_POINT('',(50.341678765397,38.805654640021,
    0.439436675453));
#2226 = CARTESIAN_POINT('',(50.923854631128,37.797296461635,
    0.497382191247));
#2227 = CARTESIAN_POINT('',(51.506197913156,36.788648309715,
    0.550197251456));
#2228 = CARTESIAN_POINT('',(52.088743648458,35.77964949844,
    0.595346565034));
#2229 = CARTESIAN_POINT('',(52.671489661195,34.770303796471,
    0.630744970109));
#2230 = CARTESIAN_POINT('',(53.254390886973,33.76068925763,
    0.655025548867));
#2231 = CARTESIAN_POINT('',(54.461665311195,31.669628616199,
    0.681101809582));
#2232 = CARTESIAN_POINT('',(55.086082404786,30.588106484985,
    0.681181280833));
#2233 = CARTESIAN_POINT('',(55.710463459969,29.506646774124,
    0.66715249849));
#2234 = CARTESIAN_POINT('',(56.33470544963,28.425427931814,
    0.639355590605));
#2235 = CARTESIAN_POINT('',(56.958747796672,27.344554880662,
    0.599300032849));
#2236 = CARTESIAN_POINT('',(57.582567375671,26.26406767508,
    0.549358338656));
#2237 = CARTESIAN_POINT('',(58.370985964733,24.898486621193,
    0.477487503223));
#2238 = CARTESIAN_POINT('',(58.535783167862,24.613049492429,
    0.461981089195));
#2239 = CARTESIAN_POINT('',(58.700567630665,24.327634430554,
    0.446047427004));
#2240 = CARTESIAN_POINT('',(58.865340316428,24.042239767114,
    0.429744373038));
#2241 = CARTESIAN_POINT('',(59.030102394708,23.756863476373,
    0.413132324352));
#2242 = CARTESIAN_POINT('',(59.194855241336,23.471503175321,
    0.396274218665));
#2243 = CARTESIAN_POINT('',(59.35960043842,23.186156123669,0.37923553436
    ));
#2244 = PCURVE('',#843,#2245);
#2245 = DEFINITIONAL_REPRESENTATION('',(#2246),#2267);
#2246 = B_SPLINE_CURVE_WITH_KNOTS('',7,(#2247,#2248,#2249,#2250,#2251,
    #2252,#2253,#2254,#2255,#2256,#2257,#2258,#2259,#2260,#2261,#2262,
    #2263,#2264,#2265,#2266),.UNSPECIFIED.,.F.,.F.,(8,6,6,8),(0.,
    0.4248188643,0.879764369863,1.),.UNSPECIFIED.);
#2247 = CARTESIAN_POINT('',(0.674816465745,4.381714276401));
#2248 = CARTESIAN_POINT('',(0.656757125753,4.355226257981));
#2249 = CARTESIAN_POINT('',(0.638578798744,4.332115214882));
#2250 = CARTESIAN_POINT('',(0.620297146838,4.312521190314));
#2251 = CARTESIAN_POINT('',(0.601929942171,4.296599739669));
#2252 = CARTESIAN_POINT('',(0.583497031913,4.284497381505));
#2253 = CARTESIAN_POINT('',(0.565020258709,4.276314825901));
#2254 = CARTESIAN_POINT('',(0.526714224362,4.26757449916));
#2255 = CARTESIAN_POINT('',(0.506880882304,4.267598391013));
#2256 = CARTESIAN_POINT('',(0.487053028627,4.272218862525));
#2257 = CARTESIAN_POINT('',(0.467259583195,4.281410954564));
#2258 = CARTESIAN_POINT('',(0.447527777983,4.295057633364));
#2259 = CARTESIAN_POINT('',(0.427882786281,4.312990606379));
#2260 = CARTESIAN_POINT('',(0.403184614033,4.340855491982));
#2261 = CARTESIAN_POINT('',(0.398029340938,4.346967291335));
#2262 = CARTESIAN_POINT('',(0.392882096618,4.353362682388));
#2263 = CARTESIAN_POINT('',(0.38774327446,4.360038349796));
#2264 = CARTESIAN_POINT('',(0.382613255226,4.366991006194));
#2265 = CARTESIAN_POINT('',(0.377492407053,4.374217392197));
#2266 = CARTESIAN_POINT('',(0.372381085452,4.381714276401));
#2267 = ( GEOMETRIC_REPRESENTATION_CONTEXT(2) 
PARAMETRIC_REPRESENTATION_CONTEXT() REPRESENTATION_CONTEXT('2D SPACE',''
  ) );
#2268 = PCURVE('',#2269,#2274);
#2269 = PLANE('',#2270);
#2270 = AXIS2_PLACEMENT_3D('',#2271,#2272,#2273);
#2271 = CARTESIAN_POINT('',(59.55960043842,22.839745962156,0.));
#2272 = DIRECTION('',(0.866025403784,0.5,0.));
#2273 = DIRECTION('',(0.,0.,1.));
#2274 = DEFINITIONAL_REPRESENTATION('',(#2275),#2296);
#2275 = B_SPLINE_CURVE_WITH_KNOTS('',7,(#2276,#2277,#2278,#2279,#2280,
    #2281,#2282,#2283,#2284,#2285,#2286,#2287,#2288,#2289,#2290,#2291,
    #2292,#2293,#2294,#2295),.UNSPECIFIED.,.F.,.F.,(8,6,6,8),(0.,
    0.4248188643,0.879764369863,1.),.UNSPECIFIED.);
#2276 = CARTESIAN_POINT('',(0.37923553436,-19.6));
#2277 = CARTESIAN_POINT('',(0.439436675453,-18.43584334604));
#2278 = CARTESIAN_POINT('',(0.497382191247,-17.27149161458));
#2279 = CARTESIAN_POINT('',(0.550197251456,-16.10680505052));
#2280 = CARTESIAN_POINT('',(0.595346565034,-14.94171357992));
#2281 = CARTESIAN_POINT('',(0.630744970109,-13.77622155444));
#2282 = CARTESIAN_POINT('',(0.655025548867,-12.61041910289));
#2283 = CARTESIAN_POINT('',(0.681101809582,-10.19587025444));
#2284 = CARTESIAN_POINT('',(0.681181280833,-8.947036067268));
#2285 = CARTESIAN_POINT('',(0.66715249849,-7.698273956901));
#2286 = CARTESIAN_POINT('',(0.639355590605,-6.44978997758));
#2287 = CARTESIAN_POINT('',(0.599300032849,-5.201705283495));
#2288 = CARTESIAN_POINT('',(0.549358338656,-3.954066125497));
#2289 = CARTESIAN_POINT('',(0.477487503223,-2.377228947373));
#2290 = CARTESIAN_POINT('',(0.461981089195,-2.047634541116));
#2291 = CARTESIAN_POINT('',(0.446047427004,-1.718065615508));
#2292 = CARTESIAN_POINT('',(0.429744373038,-1.388520243983));
#2293 = CARTESIAN_POINT('',(0.413132324352,-1.058996087424));
#2294 = CARTESIAN_POINT('',(0.396274218665,-0.729490394167));
#2295 = CARTESIAN_POINT('',(0.37923553436,-0.4));
#2296 = ( GEOMETRIC_REPRESENTATION_CONTEXT(2) 
PARAMETRIC_REPRESENTATION_CONTEXT() REPRESENTATION_CONTEXT('2D SPACE',''
  ) );
#2297 = ORIENTED_EDGE('',*,*,#2298,.T.);
#2298 = EDGE_CURVE('',#2220,#2299,#2301,.T.);
#2299 = VERTEX_POINT('',#2300);
#2300 = CARTESIAN_POINT('',(47.827549630851,39.160254037844,
    1.389349845383));
#2301 = SURFACE_CURVE('',#2302,(#2335,#2371),.PCURVE_S1.);
#2302 = B_SPLINE_CURVE_WITH_KNOTS('',7,(#2303,#2304,#2305,#2306,#2307,
    #2308,#2309,#2310,#2311,#2312,#2313,#2314,#2315,#2316,#2317,#2318,
    #2319,#2320,#2321,#2322,#2323,#2324,#2325,#2326,#2327,#2328,#2329,
    #2330,#2331,#2332,#2333,#2334),.UNSPECIFIED.,.F.,.F.,(8,6,6,6,6,8),(
    0.,0.356707581579,0.445209085086,0.55564100511,0.713965246134,1.),
  .UNSPECIFIED.);
#2303 = CARTESIAN_POINT('',(50.55960043842,38.428203230276,
    0.459396716333));
#2304 = CARTESIAN_POINT('',(50.471435589807,38.580909227515,
    0.45092646143));
#2305 = CARTESIAN_POINT('',(50.36721159079,38.725155884892,
    0.449170126634));
#2306 = CARTESIAN_POINT('',(50.248212602098,38.858200884746,
    0.454072799891));
#2307 = CARTESIAN_POINT('',(50.116315912385,38.977909237234,
    0.46560440886));
#2308 = CARTESIAN_POINT('',(49.973769691645,39.082628898257,
    0.483921137067));
#2309 = CARTESIAN_POINT('',(49.823181259236,39.171230751234,
    0.509260113711));
#2310 = CARTESIAN_POINT('',(49.628873345479,39.261149425854,
    0.549692692136));
#2311 = CARTESIAN_POINT('',(49.589929776311,39.278006680076,
    0.558165286824));
#2312 = CARTESIAN_POINT('',(49.550711365881,39.293840575275,
    0.567074307677));
#2313 = CARTESIAN_POINT('',(49.511260861581,39.308647805735,
    0.576420448071));
#2314 = CARTESIAN_POINT('',(49.471620797569,39.32242776521,
    0.586203817279));
#2315 = CARTESIAN_POINT('',(49.43183349477,39.335182546932,
    0.596423940465));
#2316 = CARTESIAN_POINT('',(49.342163397274,39.361559089823,
    0.620376057849));
#2317 = CARTESIAN_POINT('',(49.292221295968,39.374612609949,
    0.634350793138));
#2318 = CARTESIAN_POINT('',(49.242196508773,39.386086490118,
    0.649001558215));
#2319 = CARTESIAN_POINT('',(49.19216810582,39.395996417474,
    0.664324412817));
#2320 = CARTESIAN_POINT('',(49.142212149917,39.404364109624,
    0.680313678227));
#2321 = CARTESIAN_POINT('',(49.092401370902,39.411216644091,
    0.696961732733));
#2322 = CARTESIAN_POINT('',(48.971699193103,39.424283431682,
    0.739057308917));
#2323 = CARTESIAN_POINT('',(48.901031989294,39.428932167862,
    0.765190454823));
#2324 = CARTESIAN_POINT('',(48.831007209516,39.430625751522,
    0.79262975188));
#2325 = CARTESIAN_POINT('',(48.761805937842,39.429477904775,
    0.821339877571));
#2326 = CARTESIAN_POINT('',(48.693586745636,39.425616966285,
    0.851279421915));
#2327 = CARTESIAN_POINT('',(48.626486075704,39.419180540922,
    0.882401629586));
#2328 = CARTESIAN_POINT('',(48.441619921548,39.394284553863,
    0.972925596593));
#2329 = CARTESIAN_POINT('',(48.326660349704,39.370316575629,
    1.034881877824));
#2330 = CARTESIAN_POINT('',(48.216381396307,39.339242512225,
    1.100237801616));
#2331 = CARTESIAN_POINT('',(48.111186078932,39.301927057172,
    1.168676050611));
#2332 = CARTESIAN_POINT('',(48.011287511576,39.259188772746,
    1.239871578728));
#2333 = CARTESIAN_POINT('',(47.916753851808,39.211756118827,
    1.313516983382));
#2334 = CARTESIAN_POINT('',(47.827549630851,39.160254037844,
    1.389349845383));
#2335 = PCURVE('',#843,#2336);
#2336 = DEFINITIONAL_REPRESENTATION('',(#2337),#2370);
#2337 = B_SPLINE_CURVE_WITH_KNOTS('',7,(#2338,#2339,#2340,#2341,#2342,
    #2343,#2344,#2345,#2346,#2347,#2348,#2349,#2350,#2351,#2352,#2353,
    #2354,#2355,#2356,#2357,#2358,#2359,#2360,#2361,#2362,#2363,#2364,
    #2365,#2366,#2367,#2368,#2369),.UNSPECIFIED.,.F.,.F.,(8,6,6,6,6,8),(
    0.,0.356707581579,0.445209085086,0.55564100511,0.713965246134,1.),
  .UNSPECIFIED.);
#2338 = CARTESIAN_POINT('',(0.649906892662,4.348084772878));
#2339 = CARTESIAN_POINT('',(0.652661361029,4.351480896806));
#2340 = CARTESIAN_POINT('',(0.655460549579,4.352220427221));
#2341 = CARTESIAN_POINT('',(0.65826097196,4.350225747418));
#2342 = CARTESIAN_POINT('',(0.661021548134,4.345522083135));
#2343 = CARTESIAN_POINT('',(0.663703355597,4.338198402568));
#2344 = CARTESIAN_POINT('',(0.666269568132,4.32841168566));
#2345 = CARTESIAN_POINT('',(0.66928719507,4.313436433771));
#2346 = CARTESIAN_POINT('',(0.669877985221,4.310323087151));
#2347 = CARTESIAN_POINT('',(0.670459230001,4.307076912258));
#2348 = CARTESIAN_POINT('',(0.671030487989,4.303701753218));
#2349 = CARTESIAN_POINT('',(0.67159134872,4.300201656085));
#2350 = CARTESIAN_POINT('',(0.672141432681,4.296580868845));
#2351 = CARTESIAN_POINT('',(0.673352902343,4.288180789396));
#2352 = CARTESIAN_POINT('',(0.674008099987,4.283336681173));
#2353 = CARTESIAN_POINT('',(0.674645303726,4.27832015352));
#2354 = CARTESIAN_POINT('',(0.67526393118,4.273140133184));
#2355 = CARTESIAN_POINT('',(0.675863493955,4.267805770868));
#2356 = CARTESIAN_POINT('',(0.676443593466,4.262326375223));
#2357 = CARTESIAN_POINT('',(0.677807242164,4.248661182462));
#2358 = CARTESIAN_POINT('',(0.678569939467,4.240332010432));
#2359 = CARTESIAN_POINT('',(0.679291084315,4.231751573782));
#2360 = CARTESIAN_POINT('',(0.679970191051,4.222947138437));
#2361 = CARTESIAN_POINT('',(0.680607151717,4.213945133594));
#2362 = CARTESIAN_POINT('',(0.681202175032,4.204770792115));
#2363 = CARTESIAN_POINT('',(0.682755791033,4.178604493028));
#2364 = CARTESIAN_POINT('',(0.683620374626,4.161277949726));
#2365 = CARTESIAN_POINT('',(0.684352584592,4.143603397759));
#2366 = CARTESIAN_POINT('',(0.684958160456,4.125696555814));
#2367 = CARTESIAN_POINT('',(0.685444214409,4.107652351788));
#2368 = CARTESIAN_POINT('',(0.685818310982,4.089544785477));
#2369 = CARTESIAN_POINT('',(0.686087884816,4.071427926673));
#2370 = ( GEOMETRIC_REPRESENTATION_CONTEXT(2) 
PARAMETRIC_REPRESENTATION_CONTEXT() REPRESENTATION_CONTEXT('2D SPACE',''
  ) );
#2371 = PCURVE('',#2372,#2377);
#2372 = CYLINDRICAL_SURFACE('',#2373,2.);
#2373 = AXIS2_PLACEMENT_3D('',#2374,#2375,#2376);
#2374 = CARTESIAN_POINT('',(48.827549630851,37.428203230276,0.));
#2375 = DIRECTION('',(0.,0.,1.));
#2376 = DIRECTION('',(0.866025403784,0.5,-0.));
#2377 = DEFINITIONAL_REPRESENTATION('',(#2378),#2411);
#2378 = B_SPLINE_CURVE_WITH_KNOTS('',7,(#2379,#2380,#2381,#2382,#2383,
    #2384,#2385,#2386,#2387,#2388,#2389,#2390,#2391,#2392,#2393,#2394,
    #2395,#2396,#2397,#2398,#2399,#2400,#2401,#2402,#2403,#2404,#2405,
    #2406,#2407,#2408,#2409,#2410),.UNSPECIFIED.,.F.,.F.,(8,6,6,6,6,8),(
    0.,0.356707581579,0.445209085086,0.55564100511,0.713965246134,1.),
  .UNSPECIFIED.);
#2379 = CARTESIAN_POINT('',(0.,0.459396716333));
#2380 = CARTESIAN_POINT('',(8.816484861289E-02,0.45092646143));
#2381 = CARTESIAN_POINT('',(0.176681423246,0.449170126634));
#2382 = CARTESIAN_POINT('',(0.26516101119,0.454072799891));
#2383 = CARTESIAN_POINT('',(0.353367600801,0.46560440886));
#2384 = CARTESIAN_POINT('',(0.441070635848,0.483921137067));
#2385 = CARTESIAN_POINT('',(0.528008159582,0.509260113711));
#2386 = CARTESIAN_POINT('',(0.635060638995,0.549692692136));
#2387 = CARTESIAN_POINT('',(0.656271739982,0.558165286824));
#2388 = CARTESIAN_POINT('',(0.677408475599,0.567074307677));
#2389 = CARTESIAN_POINT('',(0.698465998436,0.576420448071));
#2390 = CARTESIAN_POINT('',(0.719439504902,0.586203817279));
#2391 = CARTESIAN_POINT('',(0.740324235224,0.596423940465));
#2392 = CARTESIAN_POINT('',(0.78705872035,0.620376057849));
#2393 = CARTESIAN_POINT('',(0.812856686167,0.634350793138));
#2394 = CARTESIAN_POINT('',(0.838499969576,0.649001558215));
#2395 = CARTESIAN_POINT('',(0.863979906084,0.664324412817));
#2396 = CARTESIAN_POINT('',(0.889288426435,0.680313678227));
#2397 = CARTESIAN_POINT('',(0.914417915021,0.696961732733));
#2398 = CARTESIAN_POINT('',(0.975121614792,0.739057308917));
#2399 = CARTESIAN_POINT('',(1.010500077691,0.765190454823));
#2400 = CARTESIAN_POINT('',(1.045475041742,0.79262975188));
#2401 = CARTESIAN_POINT('',(1.08002980616,0.821339877571));
#2402 = CARTESIAN_POINT('',(1.114151712754,0.851279421915));
#2403 = CARTESIAN_POINT('',(1.147831474048,0.882401629586));
#2404 = CARTESIAN_POINT('',(1.241098972573,0.972925596593));
#2405 = CARTESIAN_POINT('',(1.299663867972,1.034881877824));
#2406 = CARTESIAN_POINT('',(1.356737490906,1.100237801616));
#2407 = CARTESIAN_POINT('',(1.412336514685,1.168676050611));
#2408 = CARTESIAN_POINT('',(1.46650191176,1.239871578728));
#2409 = CARTESIAN_POINT('',(1.519294245812,1.313516983382));
#2410 = CARTESIAN_POINT('',(1.570796326795,1.389349845383));
#2411 = ( GEOMETRIC_REPRESENTATION_CONTEXT(2) 
PARAMETRIC_REPRESENTATION_CONTEXT() REPRESENTATION_CONTEXT('2D SPACE',''
  ) );
#2412 = ORIENTED_EDGE('',*,*,#2413,.F.);
#2413 = EDGE_CURVE('',#2414,#2299,#2416,.T.);
#2414 = VERTEX_POINT('',#2415);
#2415 = CARTESIAN_POINT('',(45.356230994784,37.733437558058,7.));
#2416 = SURFACE_CURVE('',#2417,(#2438,#2462),.PCURVE_S1.);
#2417 = B_SPLINE_CURVE_WITH_KNOTS('',7,(#2418,#2419,#2420,#2421,#2422,
    #2423,#2424,#2425,#2426,#2427,#2428,#2429,#2430,#2431,#2432,#2433,
    #2434,#2435,#2436,#2437),.UNSPECIFIED.,.F.,.F.,(8,6,6,8),(0.,
    0.345040034401,0.522523104145,1.),.UNSPECIFIED.);
#2418 = CARTESIAN_POINT('',(45.356230994784,37.733437558058,7.));
#2419 = CARTESIAN_POINT('',(45.356230994784,37.733437558058,
    6.54620502614));
#2420 = CARTESIAN_POINT('',(45.386390887077,37.750850379992,
    6.092359713033));
#2421 = CARTESIAN_POINT('',(45.446721986056,37.785682556228,
    5.64176287304));
#2422 = CARTESIAN_POINT('',(45.536851528756,37.837718871968,
    5.197596577249));
#2423 = CARTESIAN_POINT('',(45.656091082905,37.906561860654,
    4.762939241498));
#2424 = CARTESIAN_POINT('',(45.803447751579,37.99163827298,
    4.340763962826));
#2425 = CARTESIAN_POINT('',(46.067148076181,38.143885726374,
    3.724649168751));
#2426 = CARTESIAN_POINT('',(46.163808357088,38.199692565575,
    3.519418814371));
#2427 = CARTESIAN_POINT('',(46.267381695106,38.259490660161,
    3.318610593358));
#2428 = CARTESIAN_POINT('',(46.377672737238,38.323167223025,
    3.122587347483));
#2429 = CARTESIAN_POINT('',(46.494468756274,38.390599436056,
    2.93169556809));
#2430 = CARTESIAN_POINT('',(46.617540307545,38.461654829312,
    2.746265754059));
#2431 = CARTESIAN_POINT('',(47.093959637496,38.736715657706,
    2.083298223761));
#2432 = CARTESIAN_POINT('',(47.484992918621,38.962478827826,
    1.641692009055));
#2433 = CARTESIAN_POINT('',(47.914877970575,39.210673078292,
    1.248102947358));
#2434 = CARTESIAN_POINT('',(48.378089054889,39.478108122512,
    0.907547517555));
#2435 = CARTESIAN_POINT('',(48.868676150899,39.761348714455,
    0.624082045504));
#2436 = CARTESIAN_POINT('',(49.38027076375,40.0567180019,0.400820900564)
  );
#2437 = CARTESIAN_POINT('',(49.906010599933,40.360254037844,
    0.239718023816));
#2438 = PCURVE('',#843,#2439);
#2439 = DEFINITIONAL_REPRESENTATION('',(#2440),#2461);
#2440 = B_SPLINE_CURVE_WITH_KNOTS('',7,(#2441,#2442,#2443,#2444,#2445,
    #2446,#2447,#2448,#2449,#2450,#2451,#2452,#2453,#2454,#2455,#2456,
    #2457,#2458,#2459,#2460),.UNSPECIFIED.,.F.,.F.,(8,6,6,8),(0.,
    0.345040034401,0.522523104145,1.),.UNSPECIFIED.);
#2441 = CARTESIAN_POINT('',(0.693912482442,3.14159265359));
#2442 = CARTESIAN_POINT('',(0.693912482442,3.206420506998));
#2443 = CARTESIAN_POINT('',(0.69381243795,3.271255471193));
#2444 = CARTESIAN_POINT('',(0.69361230893,3.336071733696));
#2445 = CARTESIAN_POINT('',(0.693314071271,3.400859081287));
#2446 = CARTESIAN_POINT('',(0.692921468313,3.465612997059));
#2447 = CARTESIAN_POINT('',(0.692439805937,3.530325644735));
#2448 = CARTESIAN_POINT('',(0.691585671109,3.628233743115));
#2449 = CARTESIAN_POINT('',(0.691273741063,3.661476010952));
#2450 = CARTESIAN_POINT('',(0.690940896622,3.694703352993));
#2451 = CARTESIAN_POINT('',(0.690588111543,3.727915200514));
#2452 = CARTESIAN_POINT('',(0.690216425719,3.761111328172));
#2453 = CARTESIAN_POINT('',(0.689826933091,3.79429157536));
#2454 = CARTESIAN_POINT('',(0.688328081046,3.916675570729));
#2455 = CARTESIAN_POINT('',(0.687114506847,4.005796708874));
#2456 = CARTESIAN_POINT('',(0.685802436935,4.094783673958));
#2457 = CARTESIAN_POINT('',(0.684415888936,4.183663591046));
#2458 = CARTESIAN_POINT('',(0.682978400049,4.27246674003));
#2459 = CARTESIAN_POINT('',(0.681512290075,4.36122551706));
#2460 = CARTESIAN_POINT('',(0.680038656794,4.449928716422));
#2461 = ( GEOMETRIC_REPRESENTATION_CONTEXT(2) 
PARAMETRIC_REPRESENTATION_CONTEXT() REPRESENTATION_CONTEXT('2D SPACE',''
  ) );
#2462 = PCURVE('',#2463,#2468);
#2463 = PLANE('',#2464);
#2464 = AXIS2_PLACEMENT_3D('',#2465,#2466,#2467);
#2465 = CARTESIAN_POINT('',(25.310889132455,26.160254037844,0.));
#2466 = DIRECTION('',(-0.5,0.866025403784,0.));
#2467 = DIRECTION('',(0.,0.,1.));
#2468 = DEFINITIONAL_REPRESENTATION('',(#2469),#2490);
#2469 = B_SPLINE_CURVE_WITH_KNOTS('',7,(#2470,#2471,#2472,#2473,#2474,
    #2475,#2476,#2477,#2478,#2479,#2480,#2481,#2482,#2483,#2484,#2485,
    #2486,#2487,#2488,#2489),.UNSPECIFIED.,.F.,.F.,(8,6,6,8),(0.,
    0.345040034401,0.522523104145,1.),.UNSPECIFIED.);
#2470 = CARTESIAN_POINT('',(7.,23.146367040427));
#2471 = CARTESIAN_POINT('',(6.54620502614,23.146367040427));
#2472 = CARTESIAN_POINT('',(6.092359713033,23.181192684295));
#2473 = CARTESIAN_POINT('',(5.64176287304,23.250857036768));
#2474 = CARTESIAN_POINT('',(5.197596577249,23.354929668246));
#2475 = CARTESIAN_POINT('',(4.762939241498,23.492615645619));
#2476 = CARTESIAN_POINT('',(4.340763962826,23.662768470271));
#2477 = CARTESIAN_POINT('',(3.724649168751,23.967263377059));
#2478 = CARTESIAN_POINT('',(3.519418814371,24.078877055462));
#2479 = CARTESIAN_POINT('',(3.318610593358,24.198473244634));
#2480 = CARTESIAN_POINT('',(3.122587347483,24.325826370361));
#2481 = CARTESIAN_POINT('',(2.93169556809,24.460690796423));
#2482 = CARTESIAN_POINT('',(2.746265754059,24.602801582935));
#2483 = CARTESIAN_POINT('',(2.083298223761,25.152923239723));
#2484 = CARTESIAN_POINT('',(1.641692009055,25.604449579963));
#2485 = CARTESIAN_POINT('',(1.248102947358,26.100838080895));
#2486 = CARTESIAN_POINT('',(0.907547517555,26.635708169336));
#2487 = CARTESIAN_POINT('',(0.624082045504,27.202189353221));
#2488 = CARTESIAN_POINT('',(0.400820900564,27.792927928112));
#2489 = CARTESIAN_POINT('',(0.239718023816,28.4));
#2490 = ( GEOMETRIC_REPRESENTATION_CONTEXT(2) 
PARAMETRIC_REPRESENTATION_CONTEXT() REPRESENTATION_CONTEXT('2D SPACE',''
  ) );
#2491 = ORIENTED_EDGE('',*,*,#2492,.T.);
#2492 = EDGE_CURVE('',#2414,#2493,#2495,.T.);
#2493 = VERTEX_POINT('',#2494);
#2494 = CARTESIAN_POINT('',(-45.35623099478,37.733437558057,7.));
#2495 = SURFACE_CURVE('',#2496,(#2501,#2508),.PCURVE_S1.);
#2496 = CIRCLE('',#2497,59.);
#2497 = AXIS2_PLACEMENT_3D('',#2498,#2499,#2500);
#2498 = CARTESIAN_POINT('',(4.374471799288E-13,1.235726496974E-15,7.));
#2499 = DIRECTION('',(0.,0.,1.));
#2500 = DIRECTION('',(1.,0.,-0.));
#2501 = PCURVE('',#843,#2502);
#2502 = DEFINITIONAL_REPRESENTATION('',(#2503),#2507);
#2503 = LINE('',#2504,#2505);
#2504 = CARTESIAN_POINT('',(0.,3.14159265359));
#2505 = VECTOR('',#2506,1.);
#2506 = DIRECTION('',(1.,0.));
#2507 = ( GEOMETRIC_REPRESENTATION_CONTEXT(2) 
PARAMETRIC_REPRESENTATION_CONTEXT() REPRESENTATION_CONTEXT('2D SPACE',''
  ) );
#2508 = PCURVE('',#2509,#2514);
#2509 = CYLINDRICAL_SURFACE('',#2510,59.);
#2510 = AXIS2_PLACEMENT_3D('',#2511,#2512,#2513);
#2511 = CARTESIAN_POINT('',(4.374471799288E-13,1.235726496974E-15,0.));
#2512 = DIRECTION('',(-0.,-0.,-1.));
#2513 = DIRECTION('',(1.,0.,0.));
#2514 = DEFINITIONAL_REPRESENTATION('',(#2515),#2519);
#2515 = LINE('',#2516,#2517);
#2516 = CARTESIAN_POINT('',(-0.,-7.));
#2517 = VECTOR('',#2518,1.);
#2518 = DIRECTION('',(-1.,0.));
#2519 = ( GEOMETRIC_REPRESENTATION_CONTEXT(2) 
PARAMETRIC_REPRESENTATION_CONTEXT() REPRESENTATION_CONTEXT('2D SPACE',''
  ) );
#2520 = ORIENTED_EDGE('',*,*,#2521,.T.);
#2521 = EDGE_CURVE('',#2493,#2522,#2524,.T.);
#2522 = VERTEX_POINT('',#2523);
#2523 = CARTESIAN_POINT('',(-47.82754963085,39.160254037844,
    1.389349845382));
#2524 = SURFACE_CURVE('',#2525,(#2546,#2570),.PCURVE_S1.);
#2525 = B_SPLINE_CURVE_WITH_KNOTS('',7,(#2526,#2527,#2528,#2529,#2530,
    #2531,#2532,#2533,#2534,#2535,#2536,#2537,#2538,#2539,#2540,#2541,
    #2542,#2543,#2544,#2545),.UNSPECIFIED.,.F.,.F.,(8,6,6,8),(0.,
    0.345040034429,0.522523104173,1.),.UNSPECIFIED.);
#2526 = CARTESIAN_POINT('',(-45.35623099478,37.733437558057,7.));
#2527 = CARTESIAN_POINT('',(-45.35623099478,37.733437558057,
    6.546205026102));
#2528 = CARTESIAN_POINT('',(-45.38639088708,37.750850379994,
    6.092359712958));
#2529 = CARTESIAN_POINT('',(-45.44672198607,37.785682556237,
    5.641762872928));
#2530 = CARTESIAN_POINT('',(-45.53685152878,37.837718871984,
    5.197596577102));
#2531 = CARTESIAN_POINT('',(-45.65609108295,37.906561860682,
    4.762939241319));
#2532 = CARTESIAN_POINT('',(-45.80344775165,37.991638273022,
    4.340763962616));
#2533 = CARTESIAN_POINT('',(-46.06714807628,38.143885726436,
    3.72464916852));
#2534 = CARTESIAN_POINT('',(-46.1638083572,38.199692565641,
    3.519418814143));
#2535 = CARTESIAN_POINT('',(-46.26738169522,38.259490660231,
    3.318610593135));
#2536 = CARTESIAN_POINT('',(-46.37767273736,38.323167223098,
    3.122587347265));
#2537 = CARTESIAN_POINT('',(-46.4944687564,38.390599436133,
    2.931695567877));
#2538 = CARTESIAN_POINT('',(-46.61754030768,38.461654829392,
    2.746265753851));
#2539 = CARTESIAN_POINT('',(-47.09395963763,38.736715657787,
    2.083298223601));
#2540 = CARTESIAN_POINT('',(-47.48499291874,38.962478827898,
    1.64169200894));
#2541 = CARTESIAN_POINT('',(-47.91487797069,39.210673078359,
    1.248102947272));
#2542 = CARTESIAN_POINT('',(-48.37808905497,39.47810812256,
    0.907547517507));
#2543 = CARTESIAN_POINT('',(-48.86867615096,39.761348714492,
    0.624082045475));
#2544 = CARTESIAN_POINT('',(-49.38027076378,40.056718001918,
    0.400820900555));
#2545 = CARTESIAN_POINT('',(-49.90601059993,40.360254037844,
    0.239718023816));
#2546 = PCURVE('',#843,#2547);
#2547 = DEFINITIONAL_REPRESENTATION('',(#2548),#2569);
#2548 = B_SPLINE_CURVE_WITH_KNOTS('',7,(#2549,#2550,#2551,#2552,#2553,
    #2554,#2555,#2556,#2557,#2558,#2559,#2560,#2561,#2562,#2563,#2564,
    #2565,#2566,#2567,#2568),.UNSPECIFIED.,.F.,.F.,(8,6,6,8),(0.,
    0.345040034429,0.522523104173,1.),.UNSPECIFIED.);
#2549 = CARTESIAN_POINT('',(2.447680171148,3.14159265359));
#2550 = CARTESIAN_POINT('',(2.447680171148,3.206420507004));
#2551 = CARTESIAN_POINT('',(2.44778021564,3.271255471203));
#2552 = CARTESIAN_POINT('',(2.44798034466,3.336071733712));
#2553 = CARTESIAN_POINT('',(2.448278582318,3.400859081308));
#2554 = CARTESIAN_POINT('',(2.448671185277,3.465612997086));
#2555 = CARTESIAN_POINT('',(2.449152847653,3.530325644767));
#2556 = CARTESIAN_POINT('',(2.450006982481,3.628233743152));
#2557 = CARTESIAN_POINT('',(2.450318912528,3.661476010989));
#2558 = CARTESIAN_POINT('',(2.450651756968,3.694703353031));
#2559 = CARTESIAN_POINT('',(2.451004542048,3.727915200551));
#2560 = CARTESIAN_POINT('',(2.451376227871,3.76111132821));
#2561 = CARTESIAN_POINT('',(2.4517657205,3.794291575398));
#2562 = CARTESIAN_POINT('',(2.453264572544,3.916675570761));
#2563 = CARTESIAN_POINT('',(2.454478146743,4.0057967089));
#2564 = CARTESIAN_POINT('',(2.455790216656,4.094783673981));
#2565 = CARTESIAN_POINT('',(2.457176764654,4.18366359106));
#2566 = CARTESIAN_POINT('',(2.458614253541,4.272466740041));
#2567 = CARTESIAN_POINT('',(2.460080363515,4.361225517065));
#2568 = CARTESIAN_POINT('',(2.461553996796,4.449928716422));
#2569 = ( GEOMETRIC_REPRESENTATION_CONTEXT(2) 
PARAMETRIC_REPRESENTATION_CONTEXT() REPRESENTATION_CONTEXT('2D SPACE',''
  ) );
#2570 = PCURVE('',#2571,#2576);
#2571 = PLANE('',#2572);
#2572 = AXIS2_PLACEMENT_3D('',#2573,#2574,#2575);
#2573 = CARTESIAN_POINT('',(-25.31088913245,26.160254037844,0.));
#2574 = DIRECTION('',(-0.5,-0.866025403784,0.));
#2575 = DIRECTION('',(0.,0.,1.));
#2576 = DEFINITIONAL_REPRESENTATION('',(#2577),#2598);
#2577 = B_SPLINE_CURVE_WITH_KNOTS('',7,(#2578,#2579,#2580,#2581,#2582,
    #2583,#2584,#2585,#2586,#2587,#2588,#2589,#2590,#2591,#2592,#2593,
    #2594,#2595,#2596,#2597),.UNSPECIFIED.,.F.,.F.,(8,6,6,8),(0.,
    0.345040034429,0.522523104173,1.),.UNSPECIFIED.);
#2578 = CARTESIAN_POINT('',(7.,23.146367040426));
#2579 = CARTESIAN_POINT('',(6.546205026102,23.146367040426));
#2580 = CARTESIAN_POINT('',(6.092359712958,23.1811926843));
#2581 = CARTESIAN_POINT('',(5.641762872928,23.250857036784));
#2582 = CARTESIAN_POINT('',(5.197596577102,23.35492966828));
#2583 = CARTESIAN_POINT('',(4.762939241319,23.492615645675));
#2584 = CARTESIAN_POINT('',(4.340763962616,23.662768470355));
#2585 = CARTESIAN_POINT('',(3.72464916852,23.967263377183));
#2586 = CARTESIAN_POINT('',(3.519418814143,24.078877055593));
#2587 = CARTESIAN_POINT('',(3.318610593135,24.198473244773));
#2588 = CARTESIAN_POINT('',(3.122587347265,24.325826370508));
#2589 = CARTESIAN_POINT('',(2.931695567877,24.460690796577));
#2590 = CARTESIAN_POINT('',(2.746265753851,24.602801583096));
#2591 = CARTESIAN_POINT('',(2.083298223601,25.152923239885));
#2592 = CARTESIAN_POINT('',(1.64169200894,25.604449580107));
#2593 = CARTESIAN_POINT('',(1.248102947272,26.100838081029));
#2594 = CARTESIAN_POINT('',(0.907547517507,26.635708169431));
#2595 = CARTESIAN_POINT('',(0.624082045475,27.202189353295));
#2596 = CARTESIAN_POINT('',(0.400820900555,27.792927928147));
#2597 = CARTESIAN_POINT('',(0.239718023816,28.4));
#2598 = ( GEOMETRIC_REPRESENTATION_CONTEXT(2) 
PARAMETRIC_REPRESENTATION_CONTEXT() REPRESENTATION_CONTEXT('2D SPACE',''
  ) );
#2599 = ORIENTED_EDGE('',*,*,#2600,.T.);
#2600 = EDGE_CURVE('',#2522,#2601,#2603,.T.);
#2601 = VERTEX_POINT('',#2602);
#2602 = CARTESIAN_POINT('',(-50.55960043842,38.428203230276,
    0.459396716332));
#2603 = SURFACE_CURVE('',#2604,(#2637,#2673),.PCURVE_S1.);
#2604 = B_SPLINE_CURVE_WITH_KNOTS('',7,(#2605,#2606,#2607,#2608,#2609,
    #2610,#2611,#2612,#2613,#2614,#2615,#2616,#2617,#2618,#2619,#2620,
    #2621,#2622,#2623,#2624,#2625,#2626,#2627,#2628,#2629,#2630,#2631,
    #2632,#2633,#2634,#2635,#2636),.UNSPECIFIED.,.F.,.F.,(8,6,6,6,6,8),(
    0.,0.286099145292,0.444419184708,0.554834965777,0.643283772975,1.),
  .UNSPECIFIED.);
#2605 = CARTESIAN_POINT('',(-47.82754963085,39.160254037844,
    1.389349845382));
#2606 = CARTESIAN_POINT('',(-47.91677414063,39.211767832586,
    1.31349973577));
#2607 = CARTESIAN_POINT('',(-48.01133051915,39.259210352203,
    1.239838074209));
#2608 = CARTESIAN_POINT('',(-48.11125425854,39.301956225002,
    1.168627460629));
#2609 = CARTESIAN_POINT('',(-48.2164771287,39.339276468946,
    1.100175521391));
#2610 = CARTESIAN_POINT('',(-48.32678579893,39.37035192013,
    1.034807535253));
#2611 = CARTESIAN_POINT('',(-48.44177684103,39.394317262455,
    0.972841031667));
#2612 = CARTESIAN_POINT('',(-48.62667701303,39.41919983422,
    0.882312417486));
#2613 = CARTESIAN_POINT('',(-48.69377884287,39.425629870643,
    0.851193826198));
#2614 = CARTESIAN_POINT('',(-48.76199887418,39.429484263525,
    0.821257937865));
#2615 = CARTESIAN_POINT('',(-48.83120063546,39.430625430639,
    0.792551497122));
#2616 = CARTESIAN_POINT('',(-48.90122552982,39.428925061608,
    0.765115901558));
#2617 = CARTESIAN_POINT('',(-48.97189245215,39.424269467729,
    0.738986460405));
#2618 = CARTESIAN_POINT('',(-49.09258752166,39.411191623693,
    0.696899224451));
#2619 = CARTESIAN_POINT('',(-49.14239163405,39.404335262819,
    0.680255655376));
#2620 = CARTESIAN_POINT('',(-49.1923406922,39.395964106454,0.66427070699
    ));
#2621 = CARTESIAN_POINT('',(-49.24236198967,39.386051099773,
    0.64895199387));
#2622 = CARTESIAN_POINT('',(-49.2923794902,39.374574545741,
    0.634305188692));
#2623 = CARTESIAN_POINT('',(-49.34231415327,39.361518775001,
    0.62033422677));
#2624 = CARTESIAN_POINT('',(-49.43195271409,39.3351442396,0.596393350699
    ));
#2625 = CARTESIAN_POINT('',(-49.47171605494,39.322394476002,
    0.586180372205));
#2626 = CARTESIAN_POINT('',(-49.51133224837,39.308620746242,
    0.576403630811));
#2627 = CARTESIAN_POINT('',(-49.55075904807,39.29382096471,
    0.567063599564));
#2628 = CARTESIAN_POINT('',(-49.58995399519,39.277995738895,
    0.558160168849));
#2629 = CARTESIAN_POINT('',(-49.62887441839,39.261148369388,
    0.54969264639));
#2630 = CARTESIAN_POINT('',(-49.8231643497,39.171240833895,
    0.509262916675));
#2631 = CARTESIAN_POINT('',(-49.97375659921,39.082638540011,
    0.483922828265));
#2632 = CARTESIAN_POINT('',(-50.11630804592,38.977917226441,
    0.465604822948));
#2633 = CARTESIAN_POINT('',(-50.24821251406,38.858203811569,
    0.454072257908));
#2634 = CARTESIAN_POINT('',(-50.36721777939,38.725150298205,
    0.449169520373));
#2635 = CARTESIAN_POINT('',(-50.4714417186,38.580898612132,
    0.450927050241));
#2636 = CARTESIAN_POINT('',(-50.55960043842,38.428203230275,
    0.459396716332));
#2637 = PCURVE('',#843,#2638);
#2638 = DEFINITIONAL_REPRESENTATION('',(#2639),#2672);
#2639 = B_SPLINE_CURVE_WITH_KNOTS('',7,(#2640,#2641,#2642,#2643,#2644,
    #2645,#2646,#2647,#2648,#2649,#2650,#2651,#2652,#2653,#2654,#2655,
    #2656,#2657,#2658,#2659,#2660,#2661,#2662,#2663,#2664,#2665,#2666,
    #2667,#2668,#2669,#2670,#2671),.UNSPECIFIED.,.F.,.F.,(8,6,6,6,6,8),(
    0.,0.286099145292,0.444419184708,0.554834965777,0.643283772975,1.),
  .UNSPECIFIED.);
#2640 = CARTESIAN_POINT('',(2.455504768774,4.071427926673));
#2641 = CARTESIAN_POINT('',(2.455774403921,4.08954890602));
#2642 = CARTESIAN_POINT('',(2.456148609372,4.107660589743));
#2643 = CARTESIAN_POINT('',(2.456634824867,4.125708870714));
#2644 = CARTESIAN_POINT('',(2.457240620123,4.143619693498));
#2645 = CARTESIAN_POINT('',(2.45797311195,4.161298055028));
#2646 = CARTESIAN_POINT('',(2.458838042803,4.178628142741));
#2647 = CARTESIAN_POINT('',(2.460392160013,4.204797019633));
#2648 = CARTESIAN_POINT('',(2.460987271223,4.213970728633));
#2649 = CARTESIAN_POINT('',(2.4616243183,4.222972058859));
#2650 = CARTESIAN_POINT('',(2.462303509435,4.231775776823));
#2651 = CARTESIAN_POINT('',(2.46302473611,4.240355453492));
#2652 = CARTESIAN_POINT('',(2.463787512098,4.248683823943));
#2653 = CARTESIAN_POINT('',(2.465151221051,4.262346917054));
#2654 = CARTESIAN_POINT('',(2.465731299307,4.267825067479));
#2655 = CARTESIAN_POINT('',(2.466330834223,4.273158201767));
#2656 = CARTESIAN_POINT('',(2.466949427194,4.278337015487));
#2657 = CARTESIAN_POINT('',(2.467586589853,4.283352362252));
#2658 = CARTESIAN_POINT('',(2.468241739911,4.288195319678));
#2659 = CARTESIAN_POINT('',(2.469452870248,4.296591709281));
#2660 = CARTESIAN_POINT('',(2.470002654744,4.300210049511));
#2661 = CARTESIAN_POINT('',(2.470563202483,4.303707834392));
#2662 = CARTESIAN_POINT('',(2.471134134582,4.307080823754));
#2663 = CARTESIAN_POINT('',(2.471715041275,4.310324978902));
#2664 = CARTESIAN_POINT('',(2.472305481918,4.313436462608));
#2665 = CARTESIAN_POINT('',(2.475322795691,4.328410599559));
#2666 = CARTESIAN_POINT('',(2.477889051381,4.338197730767));
#2667 = CARTESIAN_POINT('',(2.480570930506,4.345521885715));
#2668 = CARTESIAN_POINT('',(2.483331644709,4.35022599292));
#2669 = CARTESIAN_POINT('',(2.486132232648,4.352220656015));
#2670 = CARTESIAN_POINT('',(2.488931484038,4.351480660724));
#2671 = CARTESIAN_POINT('',(2.491685760928,4.348084772878));
#2672 = ( GEOMETRIC_REPRESENTATION_CONTEXT(2) 
PARAMETRIC_REPRESENTATION_CONTEXT() REPRESENTATION_CONTEXT('2D SPACE',''
  ) );
#2673 = PCURVE('',#2674,#2679);
#2674 = CYLINDRICAL_SURFACE('',#2675,2.);
#2675 = AXIS2_PLACEMENT_3D('',#2676,#2677,#2678);
#2676 = CARTESIAN_POINT('',(-48.82754963085,37.428203230276,0.));
#2677 = DIRECTION('',(0.,0.,1.));
#2678 = DIRECTION('',(-0.866025403784,0.5,0.));
#2679 = DEFINITIONAL_REPRESENTATION('',(#2680),#2713);
#2680 = B_SPLINE_CURVE_WITH_KNOTS('',7,(#2681,#2682,#2683,#2684,#2685,
    #2686,#2687,#2688,#2689,#2690,#2691,#2692,#2693,#2694,#2695,#2696,
    #2697,#2698,#2699,#2700,#2701,#2702,#2703,#2704,#2705,#2706,#2707,
    #2708,#2709,#2710,#2711,#2712),.UNSPECIFIED.,.F.,.F.,(8,6,6,6,6,8),(
    0.,0.286099145292,0.444419184708,0.554834965777,0.643283772975,1.),
  .UNSPECIFIED.);
#2681 = CARTESIAN_POINT('',(-1.570796326795,1.389349845382));
#2682 = CARTESIAN_POINT('',(-1.519282532053,1.31349973577));
#2683 = CARTESIAN_POINT('',(-1.466477894252,1.239838074209));
#2684 = CARTESIAN_POINT('',(-1.412299547382,1.168627460629));
#2685 = CARTESIAN_POINT('',(-1.356686893674,1.100175521391));
#2686 = CARTESIAN_POINT('',(-1.29959894405,1.034807535253));
#2687 = CARTESIAN_POINT('',(-1.241019032313,0.972841031667));
#2688 = CARTESIAN_POINT('',(-1.147735571849,0.882312417486));
#2689 = CARTESIAN_POINT('',(-1.114055538824,0.851193826198));
#2690 = CARTESIAN_POINT('',(-1.079933399115,0.821257937865));
#2691 = CARTESIAN_POINT('',(-1.045378446031,0.792551497122));
#2692 = CARTESIAN_POINT('',(-1.010403342967,0.765115901558));
#2693 = CARTESIAN_POINT('',(-0.975024795276,0.738986460405));
#2694 = CARTESIAN_POINT('',(-0.914324033731,0.696899224451));
#2695 = CARTESIAN_POINT('',(-0.88919758279,0.680255655376));
#2696 = CARTESIAN_POINT('',(-0.863892171316,0.66427070699));
#2697 = CARTESIAN_POINT('',(-0.838415412971,0.64895199387));
#2698 = CARTESIAN_POINT('',(-0.812775374589,0.634305188692));
#2699 = CARTESIAN_POINT('',(-0.786980717683,0.62033422677));
#2700 = CARTESIAN_POINT('',(-0.740261643145,0.596393350699));
#2701 = CARTESIAN_POINT('',(-0.719389077095,0.586180372205));
#2702 = CARTESIAN_POINT('',(-0.698427849523,0.576403630811));
#2703 = CARTESIAN_POINT('',(-0.677382711849,0.567063599564));
#2704 = CARTESIAN_POINT('',(-0.656258459176,0.558160168849));
#2705 = CARTESIAN_POINT('',(-0.635059930298,0.54969264639));
#2706 = CARTESIAN_POINT('',(-0.528017949812,0.509262916675));
#2707 = CARTESIAN_POINT('',(-0.441078701427,0.483922828265));
#2708 = CARTESIAN_POINT('',(-0.353373088617,0.465604822948));
#2709 = CARTESIAN_POINT('',(-0.265162033117,0.454072257908));
#2710 = CARTESIAN_POINT('',(-0.176677473021,0.449169520373));
#2711 = CARTESIAN_POINT('',(-8.8158719819E-02,0.450927050241));
#2712 = CARTESIAN_POINT('',(0.,0.459396716332));
#2713 = ( GEOMETRIC_REPRESENTATION_CONTEXT(2) 
PARAMETRIC_REPRESENTATION_CONTEXT() REPRESENTATION_CONTEXT('2D SPACE',''
  ) );
#2714 = ORIENTED_EDGE('',*,*,#2715,.F.);
#2715 = EDGE_CURVE('',#2716,#2601,#2718,.T.);
#2716 = VERTEX_POINT('',#2717);
#2717 = CARTESIAN_POINT('',(-58.55960043842,24.571796769724,
    0.459396716332));
#2718 = SURFACE_CURVE('',#2719,(#2740,#2764),.PCURVE_S1.);
#2719 = B_SPLINE_CURVE_WITH_KNOTS('',7,(#2720,#2721,#2722,#2723,#2724,
    #2725,#2726,#2727,#2728,#2729,#2730,#2731,#2732,#2733,#2734,#2735,
    #2736,#2737,#2738,#2739),.UNSPECIFIED.,.F.,.F.,(8,6,6,8),(0.,
    0.424818864301,0.879764369856,1.),.UNSPECIFIED.);
#2720 = CARTESIAN_POINT('',(-59.35960043842,23.186156123669,
    0.37923553436));
#2721 = CARTESIAN_POINT('',(-58.77752211144,24.194345359981,
    0.439436675453));
#2722 = CARTESIAN_POINT('',(-58.1953462457,25.20270353838,0.497382191247
    ));
#2723 = CARTESIAN_POINT('',(-57.61300296368,26.211351690283,
    0.550197251455));
#2724 = CARTESIAN_POINT('',(-57.03045722836,27.22035050159,
    0.595346565034));
#2725 = CARTESIAN_POINT('',(-56.44771121563,28.229696203539,
    0.630744970109));
#2726 = CARTESIAN_POINT('',(-55.86480998985,29.239310742395,
    0.655025548867));
#2727 = CARTESIAN_POINT('',(-54.65753556564,31.330371383808,
    0.681101809581));
#2728 = CARTESIAN_POINT('',(-54.03311847205,32.411893515006,
    0.681181280832));
#2729 = CARTESIAN_POINT('',(-53.40873741689,33.493353225842,
    0.66715249849));
#2730 = CARTESIAN_POINT('',(-52.78449542723,34.57457206814,
    0.639355590606));
#2731 = CARTESIAN_POINT('',(-52.1604530802,35.655445119268,
    0.599300032851));
#2732 = CARTESIAN_POINT('',(-51.53663350121,36.735932324834,
    0.54935833866));
#2733 = CARTESIAN_POINT('',(-50.74821491215,38.101513378717,
    0.477487503228));
#2734 = CARTESIAN_POINT('',(-50.58341770902,38.386950507496,
    0.461981089199));
#2735 = CARTESIAN_POINT('',(-50.4186332462,38.672365569385,
    0.446047427007));
#2736 = CARTESIAN_POINT('',(-50.25386056043,38.957760232841,
    0.42974437304));
#2737 = CARTESIAN_POINT('',(-50.08909848214,39.243136523597,
    0.413132324354));
#2738 = CARTESIAN_POINT('',(-49.92434563551,39.528496824664,
    0.396274218665));
#2739 = CARTESIAN_POINT('',(-49.75960043842,39.813843876331,
    0.37923553436));
#2740 = PCURVE('',#843,#2741);
#2741 = DEFINITIONAL_REPRESENTATION('',(#2742),#2763);
#2742 = B_SPLINE_CURVE_WITH_KNOTS('',7,(#2743,#2744,#2745,#2746,#2747,
    #2748,#2749,#2750,#2751,#2752,#2753,#2754,#2755,#2756,#2757,#2758,
    #2759,#2760,#2761,#2762),.UNSPECIFIED.,.F.,.F.,(8,6,6,8),(0.,
    0.424818864301,0.879764369856,1.),.UNSPECIFIED.);
#2743 = CARTESIAN_POINT('',(2.769211568138,4.381714276401));
#2744 = CARTESIAN_POINT('',(2.751152228147,4.355226257981));
#2745 = CARTESIAN_POINT('',(2.732973901137,4.332115214882));
#2746 = CARTESIAN_POINT('',(2.714692249231,4.312521190315));
#2747 = CARTESIAN_POINT('',(2.696325044563,4.296599739669));
#2748 = CARTESIAN_POINT('',(2.677892134306,4.284497381505));
#2749 = CARTESIAN_POINT('',(2.659415361102,4.276314825901));
#2750 = CARTESIAN_POINT('',(2.621109326755,4.26757449916));
#2751 = CARTESIAN_POINT('',(2.601275984698,4.267598391013));
#2752 = CARTESIAN_POINT('',(2.58144813102,4.272218862525));
#2753 = CARTESIAN_POINT('',(2.561654685589,4.281410954564));
#2754 = CARTESIAN_POINT('',(2.541922880377,4.295057633363));
#2755 = CARTESIAN_POINT('',(2.522277888676,4.312990606378));
#2756 = CARTESIAN_POINT('',(2.497579716428,4.34085549198));
#2757 = CARTESIAN_POINT('',(2.492424443332,4.346967291333));
#2758 = CARTESIAN_POINT('',(2.487277199012,4.353362682387));
#2759 = CARTESIAN_POINT('',(2.482138376854,4.360038349795));
#2760 = CARTESIAN_POINT('',(2.47700835762,4.366991006193));
#2761 = CARTESIAN_POINT('',(2.471887509446,4.374217392197));
#2762 = CARTESIAN_POINT('',(2.466776187845,4.381714276401));
#2763 = ( GEOMETRIC_REPRESENTATION_CONTEXT(2) 
PARAMETRIC_REPRESENTATION_CONTEXT() REPRESENTATION_CONTEXT('2D SPACE',''
  ) );
#2764 = PCURVE('',#2765,#2770);
#2765 = PLANE('',#2766);
#2766 = AXIS2_PLACEMENT_3D('',#2767,#2768,#2769);
#2767 = CARTESIAN_POINT('',(-49.55960043842,40.160254037844,0.));
#2768 = DIRECTION('',(-0.866025403784,0.5,0.));
#2769 = DIRECTION('',(0.,0.,1.));
#2770 = DEFINITIONAL_REPRESENTATION('',(#2771),#2792);
#2771 = B_SPLINE_CURVE_WITH_KNOTS('',7,(#2772,#2773,#2774,#2775,#2776,
    #2777,#2778,#2779,#2780,#2781,#2782,#2783,#2784,#2785,#2786,#2787,
    #2788,#2789,#2790,#2791),.UNSPECIFIED.,.F.,.F.,(8,6,6,8),(0.,
    0.424818864301,0.879764369856,1.),.UNSPECIFIED.);
#2772 = CARTESIAN_POINT('',(0.37923553436,-19.6));
#2773 = CARTESIAN_POINT('',(0.439436675453,-18.43584334604));
#2774 = CARTESIAN_POINT('',(0.497382191247,-17.27149161456));
#2775 = CARTESIAN_POINT('',(0.550197251455,-16.10680505052));
#2776 = CARTESIAN_POINT('',(0.595346565034,-14.94171357988));
#2777 = CARTESIAN_POINT('',(0.630744970109,-13.77622155443));
#2778 = CARTESIAN_POINT('',(0.655025548867,-12.61041910286));
#2779 = CARTESIAN_POINT('',(0.681101809581,-10.19587025444));
#2780 = CARTESIAN_POINT('',(0.681181280832,-8.947036067278));
#2781 = CARTESIAN_POINT('',(0.66715249849,-7.69827395694));
#2782 = CARTESIAN_POINT('',(0.639355590606,-6.449789977633));
#2783 = CARTESIAN_POINT('',(0.599300032851,-5.201705283576));
#2784 = CARTESIAN_POINT('',(0.54935833866,-3.954066125596));
#2785 = CARTESIAN_POINT('',(0.477487503228,-2.377228947478));
#2786 = CARTESIAN_POINT('',(0.461981089199,-2.047634541203));
#2787 = CARTESIAN_POINT('',(0.446047427007,-1.718065615578));
#2788 = CARTESIAN_POINT('',(0.42974437304,-1.388520244035));
#2789 = CARTESIAN_POINT('',(0.413132324354,-1.058996087459));
#2790 = CARTESIAN_POINT('',(0.396274218665,-0.729490394185));
#2791 = CARTESIAN_POINT('',(0.37923553436,-0.4));
#2792 = ( GEOMETRIC_REPRESENTATION_CONTEXT(2) 
PARAMETRIC_REPRESENTATION_CONTEXT() REPRESENTATION_CONTEXT('2D SPACE',''
  ) );
#2793 = ORIENTED_EDGE('',*,*,#2794,.T.);
#2794 = EDGE_CURVE('',#2716,#2795,#2797,.T.);
#2795 = VERTEX_POINT('',#2796);
#2796 = CARTESIAN_POINT('',(-57.82754963085,21.839745962156,
    1.389349845382));
#2797 = SURFACE_CURVE('',#2798,(#2831,#2867),.PCURVE_S1.);
#2798 = B_SPLINE_CURVE_WITH_KNOTS('',7,(#2799,#2800,#2801,#2802,#2803,
    #2804,#2805,#2806,#2807,#2808,#2809,#2810,#2811,#2812,#2813,#2814,
    #2815,#2816,#2817,#2818,#2819,#2820,#2821,#2822,#2823,#2824,#2825,
    #2826,#2827,#2828,#2829,#2830),.UNSPECIFIED.,.F.,.F.,(8,6,6,6,6,8),(
    0.,0.361175337614,0.448778155052,0.558610266138,0.716532616109,1.),
  .UNSPECIFIED.);
#2799 = CARTESIAN_POINT('',(-58.55960043842,24.571796769724,
    0.459396716332));
#2800 = CARTESIAN_POINT('',(-58.64886848768,24.4171799729,0.450820473716
    ));
#2801 = CARTESIAN_POINT('',(-58.72239458949,24.252640892619,
    0.44912721298));
#2802 = CARTESIAN_POINT('',(-58.77838075995,24.080755709328,
    0.454259836216));
#2803 = CARTESIAN_POINT('',(-58.81589064639,23.90432322771,
    0.466188235094));
#2804 = CARTESIAN_POINT('',(-58.83462163154,23.72622645802,
    0.485078914155));
#2805 = CARTESIAN_POINT('',(-58.83493768284,23.549396912547,
    0.511180881363));
#2806 = CARTESIAN_POINT('',(-58.81390645435,23.334820272967,
    0.552606307727));
#2807 = CARTESIAN_POINT('',(-58.80878620342,23.293172851628,
    0.561119303833));
#2808 = CARTESIAN_POINT('',(-58.80266733138,23.251802764672,
    0.570060079204));
#2809 = CARTESIAN_POINT('',(-58.79556822795,23.210747267178,
    0.579429209561));
#2810 = CARTESIAN_POINT('',(-58.7875094005,23.170042105523,
    0.589226697962));
#2811 = CARTESIAN_POINT('',(-58.77851347406,23.129721517374,
    0.59945197481));
#2812 = CARTESIAN_POINT('',(-58.75618267295,23.039789451423,
    0.623458755931));
#2813 = CARTESIAN_POINT('',(-58.74232575452,22.990415948962,
    0.637484317045));
#2814 = CARTESIAN_POINT('',(-58.72708289145,22.941762339969,
    0.652177998533));
#2815 = CARTESIAN_POINT('',(-58.71050682715,22.893887630395,
    0.667535700575));
#2816 = CARTESIAN_POINT('',(-58.69265386326,22.846845279358,
    0.683551615666));
#2817 = CARTESIAN_POINT('',(-58.67358312992,22.800683262025,
    0.700218038106));
#2818 = CARTESIAN_POINT('',(-58.62427202424,22.690396947488,
    0.742410277307));
#2819 = CARTESIAN_POINT('',(-58.59279629648,22.627256093982,
    0.768620605163));
#2820 = CARTESIAN_POINT('',(-58.55911101958,22.566148341892,
    0.796127339522));
#2821 = CARTESIAN_POINT('',(-58.52340397904,22.507170974711,
    0.824894940009));
#2822 = CARTESIAN_POINT('',(-58.48586404422,22.450394802458,
    0.854881907147));
#2823 = CARTESIAN_POINT('',(-58.4466768134,22.395867174643,
    0.886041546124));
#2824 = CARTESIAN_POINT('',(-58.33304257643,22.249823397705,
    0.976266795446));
#2825 = CARTESIAN_POINT('',(-58.25533911933,22.163373747247,
    1.037818022439));
#2826 = CARTESIAN_POINT('',(-58.17392381115,22.084391964027,
    1.102696777137));
#2827 = CARTESIAN_POINT('',(-58.08971796665,22.012793084543,
    1.170594044447));
#2828 = CARTESIAN_POINT('',(-58.00351248749,21.948356849249,
    1.24119386845));
#2829 = CARTESIAN_POINT('',(-57.91595324222,21.890785810981,
    1.314197584762));
#2830 = CARTESIAN_POINT('',(-57.82754963085,21.839745962156,
    1.389349845382));
#2831 = PCURVE('',#843,#2832);
#2832 = DEFINITIONAL_REPRESENTATION('',(#2833),#2866);
#2833 = B_SPLINE_CURVE_WITH_KNOTS('',7,(#2834,#2835,#2836,#2837,#2838,
    #2839,#2840,#2841,#2842,#2843,#2844,#2845,#2846,#2847,#2848,#2849,
    #2850,#2851,#2852,#2853,#2854,#2855,#2856,#2857,#2858,#2859,#2860,
    #2861,#2862,#2863,#2864,#2865),.UNSPECIFIED.,.F.,.F.,(8,6,6,6,6,8),(
    0.,0.361175337614,0.448778155052,0.558610266138,0.716532616109,1.),
  .UNSPECIFIED.);
#2834 = CARTESIAN_POINT('',(2.744301995055,4.348084772878));
#2835 = CARTESIAN_POINT('',(2.747090929894,4.35152339227));
#2836 = CARTESIAN_POINT('',(2.749925721831,4.35223852656));
#2837 = CARTESIAN_POINT('',(2.752761257564,4.350149631822));
#2838 = CARTESIAN_POINT('',(2.755554907417,4.345283942525));
#2839 = CARTESIAN_POINT('',(2.758266289694,4.337735630018));
#2840 = CARTESIAN_POINT('',(2.760857268948,4.327670409429));
#2841 = CARTESIAN_POINT('',(2.763885038029,4.312366214326));
#2842 = CARTESIAN_POINT('',(2.764467062583,4.309245977474));
#2843 = CARTESIAN_POINT('',(2.765039629438,4.305996507021));
#2844 = CARTESIAN_POINT('',(2.765602315883,4.302621572247));
#2845 = CARTESIAN_POINT('',(2.7661547293,4.29912513241));
#2846 = CARTESIAN_POINT('',(2.766696507172,4.295511336749));
#2847 = CARTESIAN_POINT('',(2.767892820473,4.287112030248));
#2848 = CARTESIAN_POINT('',(2.768541091767,4.282261817383));
#2849 = CARTESIAN_POINT('',(2.769171472529,4.277242428318));
#2850 = CARTESIAN_POINT('',(2.76978340083,4.272062678478));
#2851 = CARTESIAN_POINT('',(2.770376407013,4.266731591522));
#2852 = CARTESIAN_POINT('',(2.770950109469,4.261258334591));
#2853 = CARTESIAN_POINT('',(2.772300925713,4.247591293421));
#2854 = CARTESIAN_POINT('',(2.773057136371,4.239255408178));
#2855 = CARTESIAN_POINT('',(2.77377195542,4.230672020274));
#2856 = CARTESIAN_POINT('',(2.774444928333,4.221868141742));
#2857 = CARTESIAN_POINT('',(2.77507597231,4.212869922782));
#2858 = CARTESIAN_POINT('',(2.775665315567,4.203702300365));
#2859 = CARTESIAN_POINT('',(2.777197302689,4.177670829471));
#2860 = CARTESIAN_POINT('',(2.778048242474,4.160484392186));
#2861 = CARTESIAN_POINT('',(2.778769375429,4.142960291729));
#2862 = CARTESIAN_POINT('',(2.779366325477,4.12521058737));
#2863 = CARTESIAN_POINT('',(2.779846023992,4.10732727626));
#2864 = CARTESIAN_POINT('',(2.780215832805,4.089382186324));
#2865 = CARTESIAN_POINT('',(2.780482987209,4.071427926673));
#2866 = ( GEOMETRIC_REPRESENTATION_CONTEXT(2) 
PARAMETRIC_REPRESENTATION_CONTEXT() REPRESENTATION_CONTEXT('2D SPACE',''
  ) );
#2867 = PCURVE('',#2868,#2873);
#2868 = CYLINDRICAL_SURFACE('',#2869,2.);
#2869 = AXIS2_PLACEMENT_3D('',#2870,#2871,#2872);
#2870 = CARTESIAN_POINT('',(-56.82754963085,23.571796769724,0.));
#2871 = DIRECTION('',(0.,0.,1.));
#2872 = DIRECTION('',(-0.866025403784,0.5,0.));
#2873 = DEFINITIONAL_REPRESENTATION('',(#2874),#2907);
#2874 = B_SPLINE_CURVE_WITH_KNOTS('',7,(#2875,#2876,#2877,#2878,#2879,
    #2880,#2881,#2882,#2883,#2884,#2885,#2886,#2887,#2888,#2889,#2890,
    #2891,#2892,#2893,#2894,#2895,#2896,#2897,#2898,#2899,#2900,#2901,
    #2902,#2903,#2904,#2905,#2906),.UNSPECIFIED.,.F.,.F.,(8,6,6,6,6,8),(
    0.,0.361175337614,0.448778155052,0.558610266138,0.716532616109,1.),
  .UNSPECIFIED.);
#2875 = CARTESIAN_POINT('',(0.,0.459396716332));
#2876 = CARTESIAN_POINT('',(8.926804926767E-02,0.450820473716));
#2877 = CARTESIAN_POINT('',(0.17889701966,0.44912721298));
#2878 = CARTESIAN_POINT('',(0.268484274897,0.454259836216));
#2879 = CARTESIAN_POINT('',(0.357786069117,0.466188235094));
#2880 = CARTESIAN_POINT('',(0.446562539635,0.485078914155));
#2881 = CARTESIAN_POINT('',(0.53454031593,0.511180881363));
#2882 = CARTESIAN_POINT('',(0.642342735691,0.552606307727));
#2883 = CARTESIAN_POINT('',(0.663316820009,0.561119303833));
#2884 = CARTESIAN_POINT('',(0.6842168921,0.570060079204));
#2885 = CARTESIAN_POINT('',(0.705038253358,0.579429209561));
#2886 = CARTESIAN_POINT('',(0.725776253319,0.589226697962));
#2887 = CARTESIAN_POINT('',(0.746426289661,0.59945197481));
#2888 = CARTESIAN_POINT('',(0.792757815549,0.623458755931));
#2889 = CARTESIAN_POINT('',(0.818386671319,0.637484317045));
#2890 = CARTESIAN_POINT('',(0.843861171523,0.652177998533));
#2891 = CARTESIAN_POINT('',(0.869172843881,0.667535700575));
#2892 = CARTESIAN_POINT('',(0.894313810888,0.683551615666));
#2893 = CARTESIAN_POINT('',(0.919276652874,0.700218038106));
#2894 = CARTESIAN_POINT('',(0.979680825573,0.742410277307));
#2895 = CARTESIAN_POINT('',(1.014925328801,0.768620605163));
#2896 = CARTESIAN_POINT('',(1.049766798011,0.796127339522));
#2897 = CARTESIAN_POINT('',(1.084188922391,0.824894940009));
#2898 = CARTESIAN_POINT('',(1.118179402984,0.854881907147));
#2899 = CARTESIAN_POINT('',(1.15172929262,0.886041546124));
#2900 = CARTESIAN_POINT('',(1.244251620457,0.976266795446));
#2901 = CARTESIAN_POINT('',(1.302224583325,1.037818022439));
#2902 = CARTESIAN_POINT('',(1.358733372799,1.102696777137));
#2903 = CARTESIAN_POINT('',(1.413794924459,1.170594044447));
#2904 = CARTESIAN_POINT('',(1.467449550931,1.24119386845));
#2905 = CARTESIAN_POINT('',(1.51975647797,1.314197584762));
#2906 = CARTESIAN_POINT('',(1.570796326795,1.389349845382));
#2907 = ( GEOMETRIC_REPRESENTATION_CONTEXT(2) 
PARAMETRIC_REPRESENTATION_CONTEXT() REPRESENTATION_CONTEXT('2D SPACE',''
  ) );
#2908 = ORIENTED_EDGE('',*,*,#2909,.F.);
#2909 = EDGE_CURVE('',#2910,#2795,#2912,.T.);
#2910 = VERTEX_POINT('',#2911);
#2911 = CARTESIAN_POINT('',(-55.35623099478,20.412929482369,7.));
#2912 = SURFACE_CURVE('',#2913,(#2934,#2958),.PCURVE_S1.);
#2913 = B_SPLINE_CURVE_WITH_KNOTS('',7,(#2914,#2915,#2916,#2917,#2918,
    #2919,#2920,#2921,#2922,#2923,#2924,#2925,#2926,#2927,#2928,#2929,
    #2930,#2931,#2932,#2933),.UNSPECIFIED.,.F.,.F.,(8,6,6,8),(0.,
    0.345040034368,0.522523104112,1.),.UNSPECIFIED.);
#2914 = CARTESIAN_POINT('',(-55.35623099478,20.412929482369,7.));
#2915 = CARTESIAN_POINT('',(-55.35623099478,20.412929482369,
    6.546205026183));
#2916 = CARTESIAN_POINT('',(-55.38639088707,20.430342304299,
    6.092359713119));
#2917 = CARTESIAN_POINT('',(-55.44672198603,20.465174480529,
    5.641762873167));
#2918 = CARTESIAN_POINT('',(-55.53685152872,20.517210796259,
    5.197596577416));
#2919 = CARTESIAN_POINT('',(-55.65609108284,20.586053784932,
    4.762939241703));
#2920 = CARTESIAN_POINT('',(-55.80344775149,20.671130197243,
    4.340763963064));
#2921 = CARTESIAN_POINT('',(-56.06714807605,20.823377650614,
    3.724649169015));
#2922 = CARTESIAN_POINT('',(-56.16380835695,20.879184489811,
    3.51941881463));
#2923 = CARTESIAN_POINT('',(-56.26738169496,20.938982584393,
    3.318610593612));
#2924 = CARTESIAN_POINT('',(-56.37767273709,21.002659147252,
    3.122587347731));
#2925 = CARTESIAN_POINT('',(-56.49446875612,21.070091360279,
    2.931695568333));
#2926 = CARTESIAN_POINT('',(-56.61754030738,21.141146753531,
    2.746265754296));
#2927 = CARTESIAN_POINT('',(-57.09395963733,21.416207581925,
    2.083298223941));
#2928 = CARTESIAN_POINT('',(-57.48499291847,21.641970752052,
    1.64169200919));
#2929 = CARTESIAN_POINT('',(-57.91487797044,21.89016500253,1.24810294745
    ));
#2930 = CARTESIAN_POINT('',(-58.37808905478,22.157600046765,
    0.907547517613));
#2931 = CARTESIAN_POINT('',(-58.86867615082,22.440840638726,
    0.624082045534));
#2932 = CARTESIAN_POINT('',(-59.38027076371,22.736209926191,
    0.400820900575));
#2933 = CARTESIAN_POINT('',(-59.90601059993,23.039745962156,
    0.239718023816));
#2934 = PCURVE('',#843,#2935);
#2935 = DEFINITIONAL_REPRESENTATION('',(#2936),#2957);
#2936 = B_SPLINE_CURVE_WITH_KNOTS('',7,(#2937,#2938,#2939,#2940,#2941,
    #2942,#2943,#2944,#2945,#2946,#2947,#2948,#2949,#2950,#2951,#2952,
    #2953,#2954,#2955,#2956),.UNSPECIFIED.,.F.,.F.,(8,6,6,8),(0.,
    0.345040034368,0.522523104112,1.),.UNSPECIFIED.);
#2937 = CARTESIAN_POINT('',(2.788307584835,3.14159265359));
#2938 = CARTESIAN_POINT('',(2.788307584835,3.206420506992));
#2939 = CARTESIAN_POINT('',(2.788207540343,3.27125547118));
#2940 = CARTESIAN_POINT('',(2.788007411323,3.336071733678));
#2941 = CARTESIAN_POINT('',(2.787709173665,3.400859081263));
#2942 = CARTESIAN_POINT('',(2.787316570706,3.465612997028));
#2943 = CARTESIAN_POINT('',(2.786834908331,3.530325644699));
#2944 = CARTESIAN_POINT('',(2.785980773503,3.628233743072));
#2945 = CARTESIAN_POINT('',(2.785668843456,3.661476010909));
#2946 = CARTESIAN_POINT('',(2.785335999016,3.694703352951));
#2947 = CARTESIAN_POINT('',(2.784983213936,3.727915200471));
#2948 = CARTESIAN_POINT('',(2.784611528113,3.76111132813));
#2949 = CARTESIAN_POINT('',(2.784222035484,3.794291575318));
#2950 = CARTESIAN_POINT('',(2.78272318344,3.916675570693));
#2951 = CARTESIAN_POINT('',(2.781509609241,4.005796708843));
#2952 = CARTESIAN_POINT('',(2.780197539328,4.094783673934));
#2953 = CARTESIAN_POINT('',(2.77881099133,4.183663591027));
#2954 = CARTESIAN_POINT('',(2.777373502443,4.272466740018));
#2955 = CARTESIAN_POINT('',(2.775907392468,4.361225517054));
#2956 = CARTESIAN_POINT('',(2.774433759187,4.449928716422));
#2957 = ( GEOMETRIC_REPRESENTATION_CONTEXT(2) 
PARAMETRIC_REPRESENTATION_CONTEXT() REPRESENTATION_CONTEXT('2D SPACE',''
  ) );
#2958 = PCURVE('',#2959,#2964);
#2959 = PLANE('',#2960);
#2960 = AXIS2_PLACEMENT_3D('',#2961,#2962,#2963);
#2961 = CARTESIAN_POINT('',(-35.31088913245,8.839745962156,0.));
#2962 = DIRECTION('',(-0.5,-0.866025403784,0.));
#2963 = DIRECTION('',(0.,0.,1.));
#2964 = DEFINITIONAL_REPRESENTATION('',(#2965),#2986);
#2965 = B_SPLINE_CURVE_WITH_KNOTS('',7,(#2966,#2967,#2968,#2969,#2970,
    #2971,#2972,#2973,#2974,#2975,#2976,#2977,#2978,#2979,#2980,#2981,
    #2982,#2983,#2984,#2985),.UNSPECIFIED.,.F.,.F.,(8,6,6,8),(0.,
    0.345040034368,0.522523104112,1.),.UNSPECIFIED.);
#2966 = CARTESIAN_POINT('',(7.,23.146367040426));
#2967 = CARTESIAN_POINT('',(6.546205026183,23.146367040426));
#2968 = CARTESIAN_POINT('',(6.092359713119,23.181192684287));
#2969 = CARTESIAN_POINT('',(5.641762873167,23.250857036747));
#2970 = CARTESIAN_POINT('',(5.197596577416,23.354929668206));
#2971 = CARTESIAN_POINT('',(4.762939241703,23.492615645553));
#2972 = CARTESIAN_POINT('',(4.340763963064,23.662768470174));
#2973 = CARTESIAN_POINT('',(3.724649169015,23.967263376917));
#2974 = CARTESIAN_POINT('',(3.51941881463,24.078877055311));
#2975 = CARTESIAN_POINT('',(3.318610593612,24.198473244474));
#2976 = CARTESIAN_POINT('',(3.122587347731,24.325826370193));
#2977 = CARTESIAN_POINT('',(2.931695568333,24.460690796247));
#2978 = CARTESIAN_POINT('',(2.746265754296,24.602801582751));
#2979 = CARTESIAN_POINT('',(2.083298223941,25.152923239538));
#2980 = CARTESIAN_POINT('',(1.64169200919,25.604449579792));
#2981 = CARTESIAN_POINT('',(1.24810294745,26.100838080749));
#2982 = CARTESIAN_POINT('',(0.907547517613,26.63570816922));
#2983 = CARTESIAN_POINT('',(0.624082045534,27.20218935314));
#2984 = CARTESIAN_POINT('',(0.400820900575,27.792927928071));
#2985 = CARTESIAN_POINT('',(0.239718023816,28.4));
#2986 = ( GEOMETRIC_REPRESENTATION_CONTEXT(2) 
PARAMETRIC_REPRESENTATION_CONTEXT() REPRESENTATION_CONTEXT('2D SPACE',''
  ) );
#2987 = ORIENTED_EDGE('',*,*,#2988,.T.);
#2988 = EDGE_CURVE('',#2910,#2989,#2991,.T.);
#2989 = VERTEX_POINT('',#2990);
#2990 = CARTESIAN_POINT('',(-10.,-58.14636704042,7.));
#2991 = SURFACE_CURVE('',#2992,(#2997,#3004),.PCURVE_S1.);
#2992 = CIRCLE('',#2993,59.);
#2993 = AXIS2_PLACEMENT_3D('',#2994,#2995,#2996);
#2994 = CARTESIAN_POINT('',(4.374471799288E-13,1.235726496974E-15,7.));
#2995 = DIRECTION('',(0.,0.,1.));
#2996 = DIRECTION('',(1.,0.,-0.));
#2997 = PCURVE('',#843,#2998);
#2998 = DEFINITIONAL_REPRESENTATION('',(#2999),#3003);
#2999 = LINE('',#3000,#3001);
#3000 = CARTESIAN_POINT('',(0.,3.14159265359));
#3001 = VECTOR('',#3002,1.);
#3002 = DIRECTION('',(1.,0.));
#3003 = ( GEOMETRIC_REPRESENTATION_CONTEXT(2) 
PARAMETRIC_REPRESENTATION_CONTEXT() REPRESENTATION_CONTEXT('2D SPACE',''
  ) );
#3004 = PCURVE('',#3005,#3010);
#3005 = CYLINDRICAL_SURFACE('',#3006,59.);
#3006 = AXIS2_PLACEMENT_3D('',#3007,#3008,#3009);
#3007 = CARTESIAN_POINT('',(4.374471799288E-13,1.235726496974E-15,0.));
#3008 = DIRECTION('',(-0.,-0.,-1.));
#3009 = DIRECTION('',(1.,0.,0.));
#3010 = DEFINITIONAL_REPRESENTATION('',(#3011),#3015);
#3011 = LINE('',#3012,#3013);
#3012 = CARTESIAN_POINT('',(-0.,-7.));
#3013 = VECTOR('',#3014,1.);
#3014 = DIRECTION('',(-1.,0.));
#3015 = ( GEOMETRIC_REPRESENTATION_CONTEXT(2) 
PARAMETRIC_REPRESENTATION_CONTEXT() REPRESENTATION_CONTEXT('2D SPACE',''
  ) );
#3016 = ORIENTED_EDGE('',*,*,#3017,.T.);
#3017 = EDGE_CURVE('',#2989,#3018,#3020,.T.);
#3018 = VERTEX_POINT('',#3019);
#3019 = CARTESIAN_POINT('',(-10.,-61.,1.389349845382));
#3020 = SURFACE_CURVE('',#3021,(#3042,#3066),.PCURVE_S1.);
#3021 = B_SPLINE_CURVE_WITH_KNOTS('',7,(#3022,#3023,#3024,#3025,#3026,
    #3027,#3028,#3029,#3030,#3031,#3032,#3033,#3034,#3035,#3036,#3037,
    #3038,#3039,#3040,#3041),.UNSPECIFIED.,.F.,.F.,(8,6,6,8),(0.,
    0.345040034429,0.522523104173,1.),.UNSPECIFIED.);
#3022 = CARTESIAN_POINT('',(-10.,-58.14636704042,7.));
#3023 = CARTESIAN_POINT('',(-10.,-58.14636704042,6.546205026102));
#3024 = CARTESIAN_POINT('',(-10.,-58.1811926843,6.092359712959));
#3025 = CARTESIAN_POINT('',(-10.,-58.25085703678,5.641762872928));
#3026 = CARTESIAN_POINT('',(-10.,-58.35492966828,5.197596577102));
#3027 = CARTESIAN_POINT('',(-10.,-58.49261564567,4.762939241319));
#3028 = CARTESIAN_POINT('',(-10.,-58.66276847035,4.340763962616));
#3029 = CARTESIAN_POINT('',(-10.,-58.96726337718,3.72464916852));
#3030 = CARTESIAN_POINT('',(-10.,-59.07887705559,3.519418814143));
#3031 = CARTESIAN_POINT('',(-10.,-59.19847324477,3.318610593135));
#3032 = CARTESIAN_POINT('',(-10.,-59.3258263705,3.122587347265));
#3033 = CARTESIAN_POINT('',(-10.,-59.46069079657,2.931695567877));
#3034 = CARTESIAN_POINT('',(-10.,-59.60280158309,2.746265753851));
#3035 = CARTESIAN_POINT('',(-10.,-60.15292323988,2.083298223601));
#3036 = CARTESIAN_POINT('',(-10.,-60.6044495801,1.64169200894));
#3037 = CARTESIAN_POINT('',(-10.,-61.10083808102,1.248102947272));
#3038 = CARTESIAN_POINT('',(-10.,-61.63570816943,0.907547517507));
#3039 = CARTESIAN_POINT('',(-10.,-62.20218935329,0.624082045475));
#3040 = CARTESIAN_POINT('',(-10.,-62.79292792814,0.400820900555));
#3041 = CARTESIAN_POINT('',(-10.,-63.4,0.239718023816));
#3042 = PCURVE('',#843,#3043);
#3043 = DEFINITIONAL_REPRESENTATION('',(#3044),#3065);
#3044 = B_SPLINE_CURVE_WITH_KNOTS('',7,(#3045,#3046,#3047,#3048,#3049,
    #3050,#3051,#3052,#3053,#3054,#3055,#3056,#3057,#3058,#3059,#3060,
    #3061,#3062,#3063,#3064),.UNSPECIFIED.,.F.,.F.,(8,6,6,8),(0.,
    0.345040034429,0.522523104173,1.),.UNSPECIFIED.);
#3045 = CARTESIAN_POINT('',(4.542075273541,3.14159265359));
#3046 = CARTESIAN_POINT('',(4.542075273541,3.206420507004));
#3047 = CARTESIAN_POINT('',(4.542175318033,3.271255471203));
#3048 = CARTESIAN_POINT('',(4.542375447053,3.336071733712));
#3049 = CARTESIAN_POINT('',(4.542673684712,3.400859081309));
#3050 = CARTESIAN_POINT('',(4.54306628767,3.465612997086));
#3051 = CARTESIAN_POINT('',(4.543547950046,3.530325644767));
#3052 = CARTESIAN_POINT('',(4.544402084874,3.628233743152));
#3053 = CARTESIAN_POINT('',(4.544714014921,3.661476010989));
#3054 = CARTESIAN_POINT('',(4.545046859361,3.694703353031));
#3055 = CARTESIAN_POINT('',(4.545399644441,3.727915200551));
#3056 = CARTESIAN_POINT('',(4.545771330264,3.76111132821));
#3057 = CARTESIAN_POINT('',(4.546160822893,3.794291575398));
#3058 = CARTESIAN_POINT('',(4.547659674937,3.916675570761));
#3059 = CARTESIAN_POINT('',(4.548873249136,4.0057967089));
#3060 = CARTESIAN_POINT('',(4.550185319049,4.094783673981));
#3061 = CARTESIAN_POINT('',(4.551571867047,4.18366359106));
#3062 = CARTESIAN_POINT('',(4.553009355934,4.272466740041));
#3063 = CARTESIAN_POINT('',(4.554475465908,4.361225517065));
#3064 = CARTESIAN_POINT('',(4.555949099189,4.449928716422));
#3065 = ( GEOMETRIC_REPRESENTATION_CONTEXT(2) 
PARAMETRIC_REPRESENTATION_CONTEXT() REPRESENTATION_CONTEXT('2D SPACE',''
  ) );
#3066 = PCURVE('',#3067,#3072);
#3067 = PLANE('',#3068);
#3068 = AXIS2_PLACEMENT_3D('',#3069,#3070,#3071);
#3069 = CARTESIAN_POINT('',(-10.,-35.,0.));
#3070 = DIRECTION('',(1.,1.110223024625E-16,0.));
#3071 = DIRECTION('',(0.,0.,1.));
#3072 = DEFINITIONAL_REPRESENTATION('',(#3073),#3094);
#3073 = B_SPLINE_CURVE_WITH_KNOTS('',7,(#3074,#3075,#3076,#3077,#3078,
    #3079,#3080,#3081,#3082,#3083,#3084,#3085,#3086,#3087,#3088,#3089,
    #3090,#3091,#3092,#3093),.UNSPECIFIED.,.F.,.F.,(8,6,6,8),(0.,
    0.345040034429,0.522523104173,1.),.UNSPECIFIED.);
#3074 = CARTESIAN_POINT('',(7.,23.146367040426));
#3075 = CARTESIAN_POINT('',(6.546205026102,23.146367040426));
#3076 = CARTESIAN_POINT('',(6.092359712959,23.1811926843));
#3077 = CARTESIAN_POINT('',(5.641762872928,23.250857036785));
#3078 = CARTESIAN_POINT('',(5.197596577102,23.35492966828));
#3079 = CARTESIAN_POINT('',(4.762939241319,23.492615645675));
#3080 = CARTESIAN_POINT('',(4.340763962616,23.662768470355));
#3081 = CARTESIAN_POINT('',(3.72464916852,23.967263377183));
#3082 = CARTESIAN_POINT('',(3.519418814143,24.078877055594));
#3083 = CARTESIAN_POINT('',(3.318610593135,24.198473244773));
#3084 = CARTESIAN_POINT('',(3.122587347265,24.325826370508));
#3085 = CARTESIAN_POINT('',(2.931695567877,24.460690796577));
#3086 = CARTESIAN_POINT('',(2.746265753851,24.602801583096));
#3087 = CARTESIAN_POINT('',(2.083298223601,25.152923239886));
#3088 = CARTESIAN_POINT('',(1.64169200894,25.604449580108));
#3089 = CARTESIAN_POINT('',(1.248102947272,26.100838081029));
#3090 = CARTESIAN_POINT('',(0.907547517507,26.635708169431));
#3091 = CARTESIAN_POINT('',(0.624082045475,27.202189353295));
#3092 = CARTESIAN_POINT('',(0.400820900555,27.792927928147));
#3093 = CARTESIAN_POINT('',(0.239718023816,28.4));
#3094 = ( GEOMETRIC_REPRESENTATION_CONTEXT(2) 
PARAMETRIC_REPRESENTATION_CONTEXT() REPRESENTATION_CONTEXT('2D SPACE',''
  ) );
#3095 = ORIENTED_EDGE('',*,*,#3096,.T.);
#3096 = EDGE_CURVE('',#3018,#1680,#3097,.T.);
#3097 = SURFACE_CURVE('',#3098,(#3131,#3167),.PCURVE_S1.);
#3098 = B_SPLINE_CURVE_WITH_KNOTS('',7,(#3099,#3100,#3101,#3102,#3103,
    #3104,#3105,#3106,#3107,#3108,#3109,#3110,#3111,#3112,#3113,#3114,
    #3115,#3116,#3117,#3118,#3119,#3120,#3121,#3122,#3123,#3124,#3125,
    #3126,#3127,#3128,#3129,#3130),.UNSPECIFIED.,.F.,.F.,(8,6,6,6,6,8),(
    0.,0.286101453567,0.444421858378,0.554838184836,0.643287811598,1.),
  .UNSPECIFIED.);
#3099 = CARTESIAN_POINT('',(-10.,-61.,1.389349845382));
#3100 = CARTESIAN_POINT('',(-10.,-61.10302841966,1.31349912458));
#3101 = CARTESIAN_POINT('',(-9.99380813817,-61.20863877737,
    1.239836886938));
#3102 = CARTESIAN_POINT('',(-9.98086506707,-61.31654911749,
    1.168625738797));
#3103 = CARTESIAN_POINT('',(-9.960573570059,-61.42633584849,
    1.100173314445));
#3104 = CARTESIAN_POINT('',(-9.932330881102,-61.53740462132,
    1.034804900892));
#3105 = CARTESIAN_POINT('',(-9.895589316737,-61.64897337521,
    0.972838035101));
#3106 = CARTESIAN_POINT('',(-9.824687075741,-61.82154390745,
    0.882309154519));
#3107 = CARTESIAN_POINT('',(-9.79670442218,-61.8828709304,0.85119059674)
  );
#3108 = CARTESIAN_POINT('',(-9.765932078204,-61.9438785073,
    0.821254750949));
#3109 = CARTESIAN_POINT('',(-9.732319130642,-62.00437965691,
    0.792548361832));
#3110 = CARTESIAN_POINT('',(-9.695833759022,-62.06417287284,
    0.765112826898));
#3111 = CARTESIAN_POINT('',(-9.656468060146,-62.12304446693,
    0.738983455176));
#3112 = CARTESIAN_POINT('',(-9.584794046444,-62.22103067622,
    0.696896306015));
#3113 = CARTESIAN_POINT('',(-9.553953847475,-62.26073422565,
    0.680252753336));
#3114 = CARTESIAN_POINT('',(-9.521729312029,-62.29980588822,
    0.664267828869));
#3115 = CARTESIAN_POINT('',(-9.488133364022,-62.33816916967,
    0.64894914711));
#3116 = CARTESIAN_POINT('',(-9.453185232378,-62.37574737103,
    0.634302380621));
#3117 = CARTESIAN_POINT('',(-9.416910868408,-62.41246420551,
    0.620331464567));
#3118 = CARTESIAN_POINT('',(-9.349249699314,-62.47690635598,
    0.59639063768));
#3119 = CARTESIAN_POINT('',(-9.318325937685,-62.50496765378,
    0.586177663754));
#3120 = CARTESIAN_POINT('',(-9.286588957574,-62.53238951602,
    0.576400935122));
#3121 = CARTESIAN_POINT('',(-9.254058076876,-62.55913431261,
    0.567060924744));
#3122 = CARTESIAN_POINT('',(-9.220755052113,-62.58516557603,
    0.558157522906));
#3123 = CARTESIAN_POINT('',(-9.186704078433,-62.61044800136,
    0.549690037226));
#3124 = CARTESIAN_POINT('',(-9.011697175883,-62.73375227937,
    0.509261198761));
#3125 = CARTESIAN_POINT('',(-8.859670362801,-62.81986603042,
    0.483921791288));
#3126 = CARTESIAN_POINT('',(-8.697704797573,-62.89095699017,
    0.465604299702));
#3127 = CARTESIAN_POINT('',(-8.528079448142,-62.94533167935,
    0.454072091634));
#3128 = CARTESIAN_POINT('',(-8.353351030127,-62.98186566996,
    0.449169561498));
#3129 = CARTESIAN_POINT('',(-8.176315467068,-63.,0.450927144996));
#3130 = CARTESIAN_POINT('',(-8.,-63.,0.459396716332));
#3131 = PCURVE('',#843,#3132);
#3132 = DEFINITIONAL_REPRESENTATION('',(#3133),#3166);
#3133 = B_SPLINE_CURVE_WITH_KNOTS('',7,(#3134,#3135,#3136,#3137,#3138,
    #3139,#3140,#3141,#3142,#3143,#3144,#3145,#3146,#3147,#3148,#3149,
    #3150,#3151,#3152,#3153,#3154,#3155,#3156,#3157,#3158,#3159,#3160,
    #3161,#3162,#3163,#3164,#3165),.UNSPECIFIED.,.F.,.F.,(8,6,6,6,6,8),(
    0.,0.286101453567,0.444421858378,0.554838184836,0.643287811598,1.),
  .UNSPECIFIED.);
#3134 = CARTESIAN_POINT('',(4.549899871167,4.071427926673));
#3135 = CARTESIAN_POINT('',(4.550169508487,4.089549052036));
#3136 = CARTESIAN_POINT('',(4.550543717796,4.107660881666));
#3137 = CARTESIAN_POINT('',(4.551029939016,4.125709307108));
#3138 = CARTESIAN_POINT('',(4.551635742048,4.143620270956));
#3139 = CARTESIAN_POINT('',(4.552368243863,4.16129876748));
#3140 = CARTESIAN_POINT('',(4.553233187023,4.178628980788));
#3141 = CARTESIAN_POINT('',(4.554787323743,4.204797978436));
#3142 = CARTESIAN_POINT('',(4.555382440077,4.213971693505));
#3143 = CARTESIAN_POINT('',(4.556019492491,4.222973027145));
#3144 = CARTESIAN_POINT('',(4.55669868916,4.231776745599));
#3145 = CARTESIAN_POINT('',(4.557419921541,4.240356419583));
#3146 = CARTESIAN_POINT('',(4.55818270338,4.248684783945));
#3147 = CARTESIAN_POINT('',(4.559546423927,4.262347875375));
#3148 = CARTESIAN_POINT('',(4.560126507973,4.267826031349));
#3149 = CARTESIAN_POINT('',(4.560726048825,4.273159168583));
#3150 = CARTESIAN_POINT('',(4.56134464786,4.278337982516));
#3151 = CARTESIAN_POINT('',(4.561981816695,4.283353326646));
#3152 = CARTESIAN_POINT('',(4.562636973023,4.288196278489));
#3153 = CARTESIAN_POINT('',(4.563848117113,4.296592668731));
#3154 = CARTESIAN_POINT('',(4.564397909163,4.300211015265));
#3155 = CARTESIAN_POINT('',(4.564958464586,4.303708803398));
#3156 = CARTESIAN_POINT('',(4.56552940448,4.307081792872));
#3157 = CARTESIAN_POINT('',(4.566110319065,4.31032594491));
#3158 = CARTESIAN_POINT('',(4.56670076768,4.313437422217));
#3159 = CARTESIAN_POINT('',(4.569718072102,4.328411263093));
#3160 = CARTESIAN_POINT('',(4.572284305456,4.338198145329));
#3161 = CARTESIAN_POINT('',(4.574966157965,4.345522099127));
#3162 = CARTESIAN_POINT('',(4.577726842325,4.350226060627));
#3163 = CARTESIAN_POINT('',(4.58052739834,4.352220638685));
#3164 = CARTESIAN_POINT('',(4.583326617245,4.351480622732));
#3165 = CARTESIAN_POINT('',(4.586080863321,4.348084772878));
#3166 = ( GEOMETRIC_REPRESENTATION_CONTEXT(2) 
PARAMETRIC_REPRESENTATION_CONTEXT() REPRESENTATION_CONTEXT('2D SPACE',''
  ) );
#3167 = PCURVE('',#3168,#3173);
#3168 = CYLINDRICAL_SURFACE('',#3169,2.);
#3169 = AXIS2_PLACEMENT_3D('',#3170,#3171,#3172);
#3170 = CARTESIAN_POINT('',(-8.,-61.,0.));
#3171 = DIRECTION('',(0.,0.,1.));
#3172 = DIRECTION('',(1.110223024625E-16,-1.,0.));
#3173 = DEFINITIONAL_REPRESENTATION('',(#3174),#3207);
#3174 = B_SPLINE_CURVE_WITH_KNOTS('',7,(#3175,#3176,#3177,#3178,#3179,
    #3180,#3181,#3182,#3183,#3184,#3185,#3186,#3187,#3188,#3189,#3190,
    #3191,#3192,#3193,#3194,#3195,#3196,#3197,#3198,#3199,#3200,#3201,
    #3202,#3203,#3204,#3205,#3206),.UNSPECIFIED.,.F.,.F.,(8,6,6,6,6,8),(
    0.,0.286101453567,0.444421858378,0.554838184836,0.643287811598,1.),
  .UNSPECIFIED.);
#3175 = CARTESIAN_POINT('',(-1.570796326795,1.389349845382));
#3176 = CARTESIAN_POINT('',(-1.519282116962,1.31349912458));
#3177 = CARTESIAN_POINT('',(-1.466477043159,1.239836886938));
#3178 = CARTESIAN_POINT('',(-1.412298237391,1.168625738797));
#3179 = CARTESIAN_POINT('',(-1.356685100682,1.100173314445));
#3180 = CARTESIAN_POINT('',(-1.299596643363,1.034804900892));
#3181 = CARTESIAN_POINT('',(-1.241016199489,0.972838035101));
#3182 = CARTESIAN_POINT('',(-1.147732068506,0.882309154519));
#3183 = CARTESIAN_POINT('',(-1.114051918139,0.85119059674));
#3184 = CARTESIAN_POINT('',(-1.079929659687,0.821254750949));
#3185 = CARTESIAN_POINT('',(-1.045374586767,0.792548361832));
#3186 = CARTESIAN_POINT('',(-1.0103993631,0.765112826898));
#3187 = CARTESIAN_POINT('',(-0.975020694391,0.738983455176));
#3188 = CARTESIAN_POINT('',(-0.914319661756,0.696896306015));
#3189 = CARTESIAN_POINT('',(-0.889193059761,0.680252753336));
#3190 = CARTESIAN_POINT('',(-0.863887496412,0.664267828869));
#3191 = CARTESIAN_POINT('',(-0.838410585549,0.64894914711));
#3192 = CARTESIAN_POINT('',(-0.812770394182,0.634302380621));
#3193 = CARTESIAN_POINT('',(-0.786975583997,0.620331464567));
#3194 = CARTESIAN_POINT('',(-0.740256143286,0.59639063768));
#3195 = CARTESIAN_POINT('',(-0.71938336357,0.586177663754));
#3196 = CARTESIAN_POINT('',(-0.698421921594,0.576400935122));
#3197 = CARTESIAN_POINT('',(-0.677376568922,0.567060924744));
#3198 = CARTESIAN_POINT('',(-0.656252100796,0.558157522906));
#3199 = CARTESIAN_POINT('',(-0.635053356147,0.549690037226));
#3200 = CARTESIAN_POINT('',(-0.528012054638,0.509261198761));
#3201 = CARTESIAN_POINT('',(-0.441073740501,0.483921791288));
#3202 = CARTESIAN_POINT('',(-0.353369092423,0.465604299702));
#3203 = CARTESIAN_POINT('',(-0.265159024803,0.454072091634));
#3204 = CARTESIAN_POINT('',(-0.176675471201,0.449169561498));
#3205 = CARTESIAN_POINT('',(-8.815773353413E-02,0.450927144996));
#3206 = CARTESIAN_POINT('',(0.,0.459396716332));
#3207 = ( GEOMETRIC_REPRESENTATION_CONTEXT(2) 
PARAMETRIC_REPRESENTATION_CONTEXT() REPRESENTATION_CONTEXT('2D SPACE',''
  ) );
#3208 = ADVANCED_FACE('',(#3209,#3217),#898,.F.);
#3209 = FACE_BOUND('',#3210,.F.);
#3210 = EDGE_LOOP('',(#3211,#3212,#3213,#3214,#3215,#3216));
#3211 = ORIENTED_EDGE('',*,*,#1011,.T.);
#3212 = ORIENTED_EDGE('',*,*,#1359,.T.);
#3213 = ORIENTED_EDGE('',*,*,#1408,.T.);
#3214 = ORIENTED_EDGE('',*,*,#1492,.T.);
#3215 = ORIENTED_EDGE('',*,*,#882,.T.);
#3216 = ORIENTED_EDGE('',*,*,#937,.T.);
#3217 = FACE_BOUND('',#3218,.F.);
#3218 = EDGE_LOOP('',(#3219));
#3219 = ORIENTED_EDGE('',*,*,#3220,.F.);
#3220 = EDGE_CURVE('',#3221,#3221,#3223,.T.);
#3221 = VERTEX_POINT('',#3222);
#3222 = CARTESIAN_POINT('',(72.399723756379,41.8,11.));
#3223 = SURFACE_CURVE('',#3224,(#3229,#3236),.PCURVE_S1.);
#3224 = CIRCLE('',#3225,8.);
#3225 = AXIS2_PLACEMENT_3D('',#3226,#3227,#3228);
#3226 = CARTESIAN_POINT('',(65.471520526104,37.8,11.));
#3227 = DIRECTION('',(0.,-0.,1.));
#3228 = DIRECTION('',(0.866025403784,0.5,0.));
#3229 = PCURVE('',#898,#3230);
#3230 = DEFINITIONAL_REPRESENTATION('',(#3231),#3235);
#3231 = CIRCLE('',#3232,8.);
#3232 = AXIS2_PLACEMENT_2D('',#3233,#3234);
#3233 = CARTESIAN_POINT('',(0.,0.));
#3234 = DIRECTION('',(0.866025403784,-0.5));
#3235 = ( GEOMETRIC_REPRESENTATION_CONTEXT(2) 
PARAMETRIC_REPRESENTATION_CONTEXT() REPRESENTATION_CONTEXT('2D SPACE',''
  ) );
#3236 = PCURVE('',#1342,#3237);
#3237 = DEFINITIONAL_REPRESENTATION('',(#3238),#3242);
#3238 = LINE('',#3239,#3240);
#3239 = CARTESIAN_POINT('',(-0.,0.));
#3240 = VECTOR('',#3241,1.);
#3241 = DIRECTION('',(-1.,0.));
#3242 = ( GEOMETRIC_REPRESENTATION_CONTEXT(2) 
PARAMETRIC_REPRESENTATION_CONTEXT() REPRESENTATION_CONTEXT('2D SPACE',''
  ) );
#3243 = ADVANCED_FACE('',(#3244,#3252),#1099,.F.);
#3244 = FACE_BOUND('',#3245,.F.);
#3245 = EDGE_LOOP('',(#3246,#3247,#3248,#3249,#3250,#3251));
#3246 = ORIENTED_EDGE('',*,*,#1568,.T.);
#3247 = ORIENTED_EDGE('',*,*,#1652,.T.);
#3248 = ORIENTED_EDGE('',*,*,#1083,.T.);
#3249 = ORIENTED_EDGE('',*,*,#1138,.T.);
#3250 = ORIENTED_EDGE('',*,*,#1212,.T.);
#3251 = ORIENTED_EDGE('',*,*,#1519,.T.);
#3252 = FACE_BOUND('',#3253,.F.);
#3253 = EDGE_LOOP('',(#3254));
#3254 = ORIENTED_EDGE('',*,*,#3255,.F.);
#3255 = EDGE_CURVE('',#3256,#3256,#3258,.T.);
#3256 = VERTEX_POINT('',#3257);
#3257 = CARTESIAN_POINT('',(-72.39972375637,41.8,11.));
#3258 = SURFACE_CURVE('',#3259,(#3264,#3271),.PCURVE_S1.);
#3259 = CIRCLE('',#3260,8.);
#3260 = AXIS2_PLACEMENT_3D('',#3261,#3262,#3263);
#3261 = CARTESIAN_POINT('',(-65.4715205261,37.8,11.));
#3262 = DIRECTION('',(0.,0.,1.));
#3263 = DIRECTION('',(-0.866025403784,0.5,0.));
#3264 = PCURVE('',#1099,#3265);
#3265 = DEFINITIONAL_REPRESENTATION('',(#3266),#3270);
#3266 = CIRCLE('',#3267,8.);
#3267 = AXIS2_PLACEMENT_2D('',#3268,#3269);
#3268 = CARTESIAN_POINT('',(0.,0.));
#3269 = DIRECTION('',(-0.866025403784,-0.5));
#3270 = ( GEOMETRIC_REPRESENTATION_CONTEXT(2) 
PARAMETRIC_REPRESENTATION_CONTEXT() REPRESENTATION_CONTEXT('2D SPACE',''
  ) );
#3271 = PCURVE('',#1280,#3272);
#3272 = DEFINITIONAL_REPRESENTATION('',(#3273),#3277);
#3273 = LINE('',#3274,#3275);
#3274 = CARTESIAN_POINT('',(-0.,0.));
#3275 = VECTOR('',#3276,1.);
#3276 = DIRECTION('',(-1.,0.));
#3277 = ( GEOMETRIC_REPRESENTATION_CONTEXT(2) 
PARAMETRIC_REPRESENTATION_CONTEXT() REPRESENTATION_CONTEXT('2D SPACE',''
  ) );
#3278 = ADVANCED_FACE('',(#3279),#1280,.F.);
#3279 = FACE_BOUND('',#3280,.T.);
#3280 = EDGE_LOOP('',(#3281,#3302,#3303,#3304));
#3281 = ORIENTED_EDGE('',*,*,#3282,.T.);
#3282 = EDGE_CURVE('',#3256,#1264,#3283,.T.);
#3283 = SEAM_CURVE('',#3284,(#3288,#3295),.PCURVE_S1.);
#3284 = LINE('',#3285,#3286);
#3285 = CARTESIAN_POINT('',(-72.39972375637,41.8,11.));
#3286 = VECTOR('',#3287,1.);
#3287 = DIRECTION('',(0.,0.,1.));
#3288 = PCURVE('',#1280,#3289);
#3289 = DEFINITIONAL_REPRESENTATION('',(#3290),#3294);
#3290 = LINE('',#3291,#3292);
#3291 = CARTESIAN_POINT('',(-0.,0.));
#3292 = VECTOR('',#3293,1.);
#3293 = DIRECTION('',(-0.,-1.));
#3294 = ( GEOMETRIC_REPRESENTATION_CONTEXT(2) 
PARAMETRIC_REPRESENTATION_CONTEXT() REPRESENTATION_CONTEXT('2D SPACE',''
  ) );
#3295 = PCURVE('',#1280,#3296);
#3296 = DEFINITIONAL_REPRESENTATION('',(#3297),#3301);
#3297 = LINE('',#3298,#3299);
#3298 = CARTESIAN_POINT('',(-6.28318530718,0.));
#3299 = VECTOR('',#3300,1.);
#3300 = DIRECTION('',(-0.,-1.));
#3301 = ( GEOMETRIC_REPRESENTATION_CONTEXT(2) 
PARAMETRIC_REPRESENTATION_CONTEXT() REPRESENTATION_CONTEXT('2D SPACE',''
  ) );
#3302 = ORIENTED_EDGE('',*,*,#1263,.T.);
#3303 = ORIENTED_EDGE('',*,*,#3282,.F.);
#3304 = ORIENTED_EDGE('',*,*,#3255,.F.);
#3305 = ADVANCED_FACE('',(#3306),#1311,.T.);
#3306 = FACE_BOUND('',#3307,.F.);
#3307 = EDGE_LOOP('',(#3308,#3375,#3398,#3418,#3419,#3420,#3443,#3508,
    #3541,#3606,#3630,#3695,#3728,#3793,#3817,#3882));
#3308 = ORIENTED_EDGE('',*,*,#3309,.F.);
#3309 = EDGE_CURVE('',#3310,#3312,#3314,.T.);
#3310 = VERTEX_POINT('',#3311);
#3311 = CARTESIAN_POINT('',(10.,-58.14636704042,9.));
#3312 = VERTEX_POINT('',#3313);
#3313 = CARTESIAN_POINT('',(10.,-60.27714913551,14.));
#3314 = SURFACE_CURVE('',#3315,(#3333,#3354),.PCURVE_S1.);
#3315 = B_SPLINE_CURVE_WITH_KNOTS('',6,(#3316,#3317,#3318,#3319,#3320,
    #3321,#3322,#3323,#3324,#3325,#3326,#3327,#3328,#3329,#3330,#3331,
    #3332),.UNSPECIFIED.,.F.,.F.,(7,5,5,7),(0.,0.376617628412,
    0.565728426477,1.),.UNSPECIFIED.);
#3316 = CARTESIAN_POINT('',(10.,-58.14636704042,9.));
#3317 = CARTESIAN_POINT('',(10.,-58.14636704042,9.509219176898));
#3318 = CARTESIAN_POINT('',(10.,-58.19147190994,10.018496888175));
#3319 = CARTESIAN_POINT('',(10.,-58.28169999772,10.522706691089));
#3320 = CARTESIAN_POINT('',(10.,-58.41618917327,11.016946142804));
#3321 = CARTESIAN_POINT('',(10.,-58.59341739736,11.49650190425));
#3322 = CARTESIAN_POINT('',(10.,-58.92033682264,12.188070543286));
#3323 = CARTESIAN_POINT('',(10.,-59.03981510931,12.41443126052));
#3324 = CARTESIAN_POINT('',(10.,-59.16920290789,12.635420767257));
#3325 = CARTESIAN_POINT('',(10.,-59.30817487616,12.850513066953));
#3326 = CARTESIAN_POINT('',(10.,-59.45636894646,13.059210750245));
#3327 = CARTESIAN_POINT('',(10.,-59.97396540888,13.724531624915));
#3328 = CARTESIAN_POINT('',(10.,-60.38112422298,14.151875716244));
#3329 = CARTESIAN_POINT('',(10.,-60.83000429194,14.537288359592));
#3330 = CARTESIAN_POINT('',(10.,-61.31496256051,14.876136262709));
#3331 = CARTESIAN_POINT('',(10.,-61.82985478694,15.164626395749));
#3332 = CARTESIAN_POINT('',(10.,-62.36790362358,15.4));
#3333 = PCURVE('',#1311,#3334);
#3334 = DEFINITIONAL_REPRESENTATION('',(#3335),#3353);
#3335 = B_SPLINE_CURVE_WITH_KNOTS('',6,(#3336,#3337,#3338,#3339,#3340,
    #3341,#3342,#3343,#3344,#3345,#3346,#3347,#3348,#3349,#3350,#3351,
    #3352),.UNSPECIFIED.,.F.,.F.,(7,5,5,7),(0.,0.376617628412,
    0.565728426477,1.),.UNSPECIFIED.);
#3336 = CARTESIAN_POINT('',(-4.882702687229,3.14159265359));
#3337 = CARTESIAN_POINT('',(-4.882702687229,3.214338250289));
#3338 = CARTESIAN_POINT('',(-4.882573113233,3.287092122656));
#3339 = CARTESIAN_POINT('',(-4.882313909289,3.35981545572));
#3340 = CARTESIAN_POINT('',(-4.88192902801,3.43249951225));
#3341 = CARTESIAN_POINT('',(-4.881425741198,3.5051371186));
#3342 = CARTESIAN_POINT('',(-4.88050710311,3.614134430565));
#3343 = CARTESIAN_POINT('',(-4.880172702154,3.650553291458));
#3344 = CARTESIAN_POINT('',(-4.879812241488,3.686953800377));
#3345 = CARTESIAN_POINT('',(-4.87942712994,3.723335287508));
#3346 = CARTESIAN_POINT('',(-4.879018893854,3.75969745352));
#3347 = CARTESIAN_POINT('',(-4.877602279132,3.87949538002));
#3348 = CARTESIAN_POINT('',(-4.876501856287,3.962855505095));
#3349 = CARTESIAN_POINT('',(-4.875307563818,4.04609737755));
#3350 = CARTESIAN_POINT('',(-4.874040983317,4.129244814862));
#3351 = CARTESIAN_POINT('',(-4.872723225197,4.212323816175));
#3352 = CARTESIAN_POINT('',(-4.871374649201,4.295333686099));
#3353 = ( GEOMETRIC_REPRESENTATION_CONTEXT(2) 
PARAMETRIC_REPRESENTATION_CONTEXT() REPRESENTATION_CONTEXT('2D SPACE',''
  ) );
#3354 = PCURVE('',#1923,#3355);
#3355 = DEFINITIONAL_REPRESENTATION('',(#3356),#3374);
#3356 = B_SPLINE_CURVE_WITH_KNOTS('',6,(#3357,#3358,#3359,#3360,#3361,
    #3362,#3363,#3364,#3365,#3366,#3367,#3368,#3369,#3370,#3371,#3372,
    #3373),.UNSPECIFIED.,.F.,.F.,(7,5,5,7),(0.,0.376617628412,
    0.565728426477,1.),.UNSPECIFIED.);
#3357 = CARTESIAN_POINT('',(9.,23.146367040427));
#3358 = CARTESIAN_POINT('',(9.509219176898,23.146367040427));
#3359 = CARTESIAN_POINT('',(10.018496888175,23.191471909946));
#3360 = CARTESIAN_POINT('',(10.522706691089,23.281699997722));
#3361 = CARTESIAN_POINT('',(11.016946142804,23.416189173278));
#3362 = CARTESIAN_POINT('',(11.49650190425,23.593417397361));
#3363 = CARTESIAN_POINT('',(12.188070543286,23.920336822643));
#3364 = CARTESIAN_POINT('',(12.41443126052,24.039815109316));
#3365 = CARTESIAN_POINT('',(12.635420767257,24.169202907893));
#3366 = CARTESIAN_POINT('',(12.850513066953,24.308174876162));
#3367 = CARTESIAN_POINT('',(13.059210750245,24.456368946463));
#3368 = CARTESIAN_POINT('',(13.724531624915,24.97396540888));
#3369 = CARTESIAN_POINT('',(14.151875716244,25.381124222986));
#3370 = CARTESIAN_POINT('',(14.537288359592,25.830004291949));
#3371 = CARTESIAN_POINT('',(14.876136262709,26.314962560511));
#3372 = CARTESIAN_POINT('',(15.164626395749,26.829854786942));
#3373 = CARTESIAN_POINT('',(15.4,27.367903623585));
#3374 = ( GEOMETRIC_REPRESENTATION_CONTEXT(2) 
PARAMETRIC_REPRESENTATION_CONTEXT() REPRESENTATION_CONTEXT('2D SPACE',''
  ) );
#3375 = ORIENTED_EDGE('',*,*,#3376,.T.);
#3376 = EDGE_CURVE('',#3310,#3377,#3379,.T.);
#3377 = VERTEX_POINT('',#3378);
#3378 = CARTESIAN_POINT('',(59.,1.235726496974E-15,9.));
#3379 = SURFACE_CURVE('',#3380,(#3385,#3392),.PCURVE_S1.);
#3380 = CIRCLE('',#3381,59.);
#3381 = AXIS2_PLACEMENT_3D('',#3382,#3383,#3384);
#3382 = CARTESIAN_POINT('',(4.374471799288E-13,1.235726496974E-15,9.));
#3383 = DIRECTION('',(0.,0.,1.));
#3384 = DIRECTION('',(1.,0.,-0.));
#3385 = PCURVE('',#1311,#3386);
#3386 = DEFINITIONAL_REPRESENTATION('',(#3387),#3391);
#3387 = LINE('',#3388,#3389);
#3388 = CARTESIAN_POINT('',(-0.,3.14159265359));
#3389 = VECTOR('',#3390,1.);
#3390 = DIRECTION('',(-1.,0.));
#3391 = ( GEOMETRIC_REPRESENTATION_CONTEXT(2) 
PARAMETRIC_REPRESENTATION_CONTEXT() REPRESENTATION_CONTEXT('2D SPACE',''
  ) );
#3392 = PCURVE('',#1969,#3393);
#3393 = DEFINITIONAL_REPRESENTATION('',(#3394),#3397);
#3394 = B_SPLINE_CURVE_WITH_KNOTS('',1,(#3395,#3396),.UNSPECIFIED.,.F.,
  .F.,(2,2),(4.882702687229,6.28318530718),.PIECEWISE_BEZIER_KNOTS.);
#3395 = CARTESIAN_POINT('',(-4.882702687229,-9.));
#3396 = CARTESIAN_POINT('',(-6.28318530718,-9.));
#3397 = ( GEOMETRIC_REPRESENTATION_CONTEXT(2) 
PARAMETRIC_REPRESENTATION_CONTEXT() REPRESENTATION_CONTEXT('2D SPACE',''
  ) );
#3398 = ORIENTED_EDGE('',*,*,#3399,.T.);
#3399 = EDGE_CURVE('',#3377,#1295,#3400,.T.);
#3400 = SEAM_CURVE('',#3401,(#3406,#3412),.PCURVE_S1.);
#3401 = CIRCLE('',#3402,7.);
#3402 = AXIS2_PLACEMENT_3D('',#3403,#3404,#3405);
#3403 = CARTESIAN_POINT('',(66.,1.235726496974E-15,9.));
#3404 = DIRECTION('',(-0.,1.,0.));
#3405 = DIRECTION('',(1.,0.,0.));
#3406 = PCURVE('',#1311,#3407);
#3407 = DEFINITIONAL_REPRESENTATION('',(#3408),#3411);
#3408 = B_SPLINE_CURVE_WITH_KNOTS('',1,(#3409,#3410),.UNSPECIFIED.,.F.,
  .F.,(2,2),(3.14159265359,4.712388980385),.PIECEWISE_BEZIER_KNOTS.);
#3409 = CARTESIAN_POINT('',(0.,3.14159265359));
#3410 = CARTESIAN_POINT('',(0.,4.712388980385));
#3411 = ( GEOMETRIC_REPRESENTATION_CONTEXT(2) 
PARAMETRIC_REPRESENTATION_CONTEXT() REPRESENTATION_CONTEXT('2D SPACE',''
  ) );
#3412 = PCURVE('',#1311,#3413);
#3413 = DEFINITIONAL_REPRESENTATION('',(#3414),#3417);
#3414 = B_SPLINE_CURVE_WITH_KNOTS('',1,(#3415,#3416),.UNSPECIFIED.,.F.,
  .F.,(2,2),(3.14159265359,4.712388980385),.PIECEWISE_BEZIER_KNOTS.);
#3415 = CARTESIAN_POINT('',(-6.28318530718,3.14159265359));
#3416 = CARTESIAN_POINT('',(-6.28318530718,4.712388980385));
#3417 = ( GEOMETRIC_REPRESENTATION_CONTEXT(2) 
PARAMETRIC_REPRESENTATION_CONTEXT() REPRESENTATION_CONTEXT('2D SPACE',''
  ) );
#3418 = ORIENTED_EDGE('',*,*,#1294,.F.);
#3419 = ORIENTED_EDGE('',*,*,#3399,.F.);
#3420 = ORIENTED_EDGE('',*,*,#3421,.T.);
#3421 = EDGE_CURVE('',#3377,#3422,#3424,.T.);
#3422 = VERTEX_POINT('',#3423);
#3423 = CARTESIAN_POINT('',(55.356230994784,20.412929482369,9.));
#3424 = SURFACE_CURVE('',#3425,(#3430,#3437),.PCURVE_S1.);
#3425 = CIRCLE('',#3426,59.);
#3426 = AXIS2_PLACEMENT_3D('',#3427,#3428,#3429);
#3427 = CARTESIAN_POINT('',(4.374471799288E-13,1.235726496974E-15,9.));
#3428 = DIRECTION('',(0.,0.,1.));
#3429 = DIRECTION('',(1.,0.,-0.));
#3430 = PCURVE('',#1311,#3431);
#3431 = DEFINITIONAL_REPRESENTATION('',(#3432),#3436);
#3432 = LINE('',#3433,#3434);
#3433 = CARTESIAN_POINT('',(-0.,3.14159265359));
#3434 = VECTOR('',#3435,1.);
#3435 = DIRECTION('',(-1.,0.));
#3436 = ( GEOMETRIC_REPRESENTATION_CONTEXT(2) 
PARAMETRIC_REPRESENTATION_CONTEXT() REPRESENTATION_CONTEXT('2D SPACE',''
  ) );
#3437 = PCURVE('',#1969,#3438);
#3438 = DEFINITIONAL_REPRESENTATION('',(#3439),#3442);
#3439 = B_SPLINE_CURVE_WITH_KNOTS('',1,(#3440,#3441),.UNSPECIFIED.,.F.,
  .F.,(2,2),(0.,0.353285068754),.PIECEWISE_BEZIER_KNOTS.);
#3440 = CARTESIAN_POINT('',(-6.28318530718,-9.));
#3441 = CARTESIAN_POINT('',(-6.636470375934,-9.));
#3442 = ( GEOMETRIC_REPRESENTATION_CONTEXT(2) 
PARAMETRIC_REPRESENTATION_CONTEXT() REPRESENTATION_CONTEXT('2D SPACE',''
  ) );
#3443 = ORIENTED_EDGE('',*,*,#3444,.T.);
#3444 = EDGE_CURVE('',#3422,#3445,#3447,.T.);
#3445 = VERTEX_POINT('',#3446);
#3446 = CARTESIAN_POINT('',(57.20154241906,21.478320529914,14.));
#3447 = SURFACE_CURVE('',#3448,(#3466,#3487),.PCURVE_S1.);
#3448 = B_SPLINE_CURVE_WITH_KNOTS('',6,(#3449,#3450,#3451,#3452,#3453,
    #3454,#3455,#3456,#3457,#3458,#3459,#3460,#3461,#3462,#3463,#3464,
    #3465),.UNSPECIFIED.,.F.,.F.,(7,5,5,7),(0.,0.376617628459,
    0.565728426524,1.),.UNSPECIFIED.);
#3449 = CARTESIAN_POINT('',(55.356230994784,20.412929482369,9.));
#3450 = CARTESIAN_POINT('',(55.356230994784,20.412929482369,
    9.509219176962));
#3451 = CARTESIAN_POINT('',(55.395292957632,20.435481917134,
    10.018496888302));
#3452 = CARTESIAN_POINT('',(55.4734327738,20.480595961034,
    10.522706691278));
#3453 = CARTESIAN_POINT('',(55.589903816395,20.547840548828,
    11.016946143051));
#3454 = CARTESIAN_POINT('',(55.743387960756,20.636454660892,
    11.496501904549));
#3455 = CARTESIAN_POINT('',(56.026508488098,20.799914373565,
    12.188070543625));
#3456 = CARTESIAN_POINT('',(56.129979719568,20.859653516908,
    12.414431260853));
#3457 = CARTESIAN_POINT('',(56.242032840085,20.924347416202,
    12.635420767583));
#3458 = CARTESIAN_POINT('',(56.362386095031,20.993833400343,
    12.850513067272));
#3459 = CARTESIAN_POINT('',(56.490725924611,21.067930435499,
    13.059210750556));
#3460 = CARTESIAN_POINT('',(56.938977609971,21.326728666706,
    13.724531625147));
#3461 = CARTESIAN_POINT('',(57.291587486339,21.530308073746,
    14.151875716412));
#3462 = CARTESIAN_POINT('',(57.680329029282,21.75474810821,
    14.537288359702));
#3463 = CARTESIAN_POINT('',(58.100315209591,21.997227242467,
    14.876136262772));
#3464 = CARTESIAN_POINT('',(58.546224957846,22.254673355656,
    15.164626395775));
#3465 = CARTESIAN_POINT('',(59.012188918805,22.523697773948,15.4));
#3466 = PCURVE('',#1311,#3467);
#3467 = DEFINITIONAL_REPRESENTATION('',(#3468),#3486);
#3468 = B_SPLINE_CURVE_WITH_KNOTS('',6,(#3469,#3470,#3471,#3472,#3473,
    #3474,#3475,#3476,#3477,#3478,#3479,#3480,#3481,#3482,#3483,#3484,
    #3485),.UNSPECIFIED.,.F.,.F.,(7,5,5,7),(0.,0.376617628459,
    0.565728426524,1.),.UNSPECIFIED.);
#3469 = CARTESIAN_POINT('',(-0.353285068754,3.14159265359));
#3470 = CARTESIAN_POINT('',(-0.353285068754,3.214338250299));
#3471 = CARTESIAN_POINT('',(-0.35341464275,3.287092122674));
#3472 = CARTESIAN_POINT('',(-0.353673846694,3.359815455747));
#3473 = CARTESIAN_POINT('',(-0.354058727973,3.432499512286));
#3474 = CARTESIAN_POINT('',(-0.354562014785,3.505137118645));
#3475 = CARTESIAN_POINT('',(-0.355480652873,3.61413443062));
#3476 = CARTESIAN_POINT('',(-0.355815053829,3.650553291513));
#3477 = CARTESIAN_POINT('',(-0.356175514495,3.686953800431));
#3478 = CARTESIAN_POINT('',(-0.356560626044,3.723335287563));
#3479 = CARTESIAN_POINT('',(-0.35696886213,3.759697453574));
#3480 = CARTESIAN_POINT('',(-0.358385476851,3.879495380065));
#3481 = CARTESIAN_POINT('',(-0.359485899697,3.962855505131));
#3482 = CARTESIAN_POINT('',(-0.360680192165,4.046097377577));
#3483 = CARTESIAN_POINT('',(-0.361946772667,4.12924481488));
#3484 = CARTESIAN_POINT('',(-0.363264530786,4.212323816184));
#3485 = CARTESIAN_POINT('',(-0.364613106782,4.295333686099));
#3486 = ( GEOMETRIC_REPRESENTATION_CONTEXT(2) 
PARAMETRIC_REPRESENTATION_CONTEXT() REPRESENTATION_CONTEXT('2D SPACE',''
  ) );
#3487 = PCURVE('',#2075,#3488);
#3488 = DEFINITIONAL_REPRESENTATION('',(#3489),#3507);
#3489 = B_SPLINE_CURVE_WITH_KNOTS('',6,(#3490,#3491,#3492,#3493,#3494,
    #3495,#3496,#3497,#3498,#3499,#3500,#3501,#3502,#3503,#3504,#3505,
    #3506),.UNSPECIFIED.,.F.,.F.,(7,5,5,7),(0.,0.376617628459,
    0.565728426524,1.),.UNSPECIFIED.);
#3490 = CARTESIAN_POINT('',(9.,23.146367040427));
#3491 = CARTESIAN_POINT('',(9.509219176962,23.146367040427));
#3492 = CARTESIAN_POINT('',(10.018496888302,23.191471909958));
#3493 = CARTESIAN_POINT('',(10.522706691278,23.281699997756));
#3494 = CARTESIAN_POINT('',(11.016946143051,23.416189173346));
#3495 = CARTESIAN_POINT('',(11.496501904549,23.593417397472));
#3496 = CARTESIAN_POINT('',(12.188070543625,23.92033682282));
#3497 = CARTESIAN_POINT('',(12.414431260853,24.039815109505));
#3498 = CARTESIAN_POINT('',(12.635420767583,24.169202908094));
#3499 = CARTESIAN_POINT('',(12.850513067272,24.308174876375));
#3500 = CARTESIAN_POINT('',(13.059210750556,24.456368946687));
#3501 = CARTESIAN_POINT('',(13.724531625147,24.973965409101));
#3502 = CARTESIAN_POINT('',(14.151875716412,25.381124223181));
#3503 = CARTESIAN_POINT('',(14.537288359702,25.830004292108));
#3504 = CARTESIAN_POINT('',(14.876136262772,26.314962560623));
#3505 = CARTESIAN_POINT('',(15.164626395775,26.829854787001));
#3506 = CARTESIAN_POINT('',(15.4,27.367903623585));
#3507 = ( GEOMETRIC_REPRESENTATION_CONTEXT(2) 
PARAMETRIC_REPRESENTATION_CONTEXT() REPRESENTATION_CONTEXT('2D SPACE',''
  ) );
#3508 = ORIENTED_EDGE('',*,*,#3509,.F.);
#3509 = EDGE_CURVE('',#3510,#3445,#3512,.T.);
#3510 = VERTEX_POINT('',#3511);
#3511 = CARTESIAN_POINT('',(47.20154241906,38.798828605603,14.));
#3512 = SURFACE_CURVE('',#3513,(#3518,#3525),.PCURVE_S1.);
#3513 = CIRCLE('',#3514,61.101020514434);
#3514 = AXIS2_PLACEMENT_3D('',#3515,#3516,#3517);
#3515 = CARTESIAN_POINT('',(4.374471799288E-13,1.235726496974E-15,14.));
#3516 = DIRECTION('',(0.,0.,-1.));
#3517 = DIRECTION('',(1.,0.,0.));
#3518 = PCURVE('',#1311,#3519);
#3519 = DEFINITIONAL_REPRESENTATION('',(#3520),#3524);
#3520 = LINE('',#3521,#3522);
#3521 = CARTESIAN_POINT('',(-6.28318530718,3.937195607074));
#3522 = VECTOR('',#3523,1.);
#3523 = DIRECTION('',(1.,-0.));
#3524 = ( GEOMETRIC_REPRESENTATION_CONTEXT(2) 
PARAMETRIC_REPRESENTATION_CONTEXT() REPRESENTATION_CONTEXT('2D SPACE',''
  ) );
#3525 = PCURVE('',#3526,#3531);
#3526 = PLANE('',#3527);
#3527 = AXIS2_PLACEMENT_3D('',#3528,#3529,#3530);
#3528 = CARTESIAN_POINT('',(35.310889132455,8.839745962156,14.));
#3529 = DIRECTION('',(0.,0.,1.));
#3530 = DIRECTION('',(0.866025403784,0.5,0.));
#3531 = DEFINITIONAL_REPRESENTATION('',(#3532),#3540);
#3532 = ( BOUNDED_CURVE() B_SPLINE_CURVE(2,(#3533,#3534,#3535,#3536,
#3537,#3538,#3539),.UNSPECIFIED.,.T.,.F.) B_SPLINE_CURVE_WITH_KNOTS((1,2
    ,2,2,2,1),(-2.094395102393,0.,2.094395102393,4.188790204786,
6.28318530718,8.377580409573),.UNSPECIFIED.) CURVE() 
GEOMETRIC_REPRESENTATION_ITEM() RATIONAL_B_SPLINE_CURVE((1.,0.5,1.,0.5,
1.,0.5,1.)) REPRESENTATION_ITEM('') );
#3533 = CARTESIAN_POINT('',(17.915035962654,-20.55051025721));
#3534 = CARTESIAN_POINT('',(-35.,-112.2020410288));
#3535 = CARTESIAN_POINT('',(-87.91503596265,-20.55051025721));
#3536 = CARTESIAN_POINT('',(-140.8300719253,71.101020514433));
#3537 = CARTESIAN_POINT('',(-35.,71.101020514433));
#3538 = CARTESIAN_POINT('',(70.830071925308,71.101020514433));
#3539 = CARTESIAN_POINT('',(17.915035962654,-20.55051025721));
#3540 = ( GEOMETRIC_REPRESENTATION_CONTEXT(2) 
PARAMETRIC_REPRESENTATION_CONTEXT() REPRESENTATION_CONTEXT('2D SPACE',''
  ) );
#3541 = ORIENTED_EDGE('',*,*,#3542,.F.);
#3542 = EDGE_CURVE('',#3543,#3510,#3545,.T.);
#3543 = VERTEX_POINT('',#3544);
#3544 = CARTESIAN_POINT('',(45.356230994784,37.733437558058,9.));
#3545 = SURFACE_CURVE('',#3546,(#3564,#3585),.PCURVE_S1.);
#3546 = B_SPLINE_CURVE_WITH_KNOTS('',6,(#3547,#3548,#3549,#3550,#3551,
    #3552,#3553,#3554,#3555,#3556,#3557,#3558,#3559,#3560,#3561,#3562,
    #3563),.UNSPECIFIED.,.F.,.F.,(7,5,5,7),(0.,0.376617628459,
    0.565728426524,1.),.UNSPECIFIED.);
#3547 = CARTESIAN_POINT('',(45.356230994784,37.733437558058,9.));
#3548 = CARTESIAN_POINT('',(45.356230994784,37.733437558058,
    9.509219176962));
#3549 = CARTESIAN_POINT('',(45.395292957632,37.755989992823,
    10.018496888301));
#3550 = CARTESIAN_POINT('',(45.4734327738,37.801104036722,
    10.522706691279));
#3551 = CARTESIAN_POINT('',(45.589903816395,37.868348624517,
    11.016946143051));
#3552 = CARTESIAN_POINT('',(45.743387960756,37.956962736581,
    11.49650190455));
#3553 = CARTESIAN_POINT('',(46.026508488097,38.120422449254,
    12.188070543625));
#3554 = CARTESIAN_POINT('',(46.129979719568,38.180161592597,
    12.414431260853));
#3555 = CARTESIAN_POINT('',(46.242032840085,38.244855491891,
    12.635420767583));
#3556 = CARTESIAN_POINT('',(46.362386095031,38.314341476032,
    12.850513067272));
#3557 = CARTESIAN_POINT('',(46.490725924611,38.388438511188,
    13.059210750556));
#3558 = CARTESIAN_POINT('',(46.938977609971,38.647236742395,
    13.724531625147));
#3559 = CARTESIAN_POINT('',(47.291587486338,38.850816149435,
    14.151875716411));
#3560 = CARTESIAN_POINT('',(47.680329029283,39.075256183899,
    14.537288359703));
#3561 = CARTESIAN_POINT('',(48.10031520959,39.317735318155,
    14.876136262771));
#3562 = CARTESIAN_POINT('',(48.546224957846,39.575181431345,
    15.164626395775));
#3563 = CARTESIAN_POINT('',(49.012188918804,39.844205849637,15.4));
#3564 = PCURVE('',#1311,#3565);
#3565 = DEFINITIONAL_REPRESENTATION('',(#3566),#3584);
#3566 = B_SPLINE_CURVE_WITH_KNOTS('',6,(#3567,#3568,#3569,#3570,#3571,
    #3572,#3573,#3574,#3575,#3576,#3577,#3578,#3579,#3580,#3581,#3582,
    #3583),.UNSPECIFIED.,.F.,.F.,(7,5,5,7),(0.,0.376617628459,
    0.565728426524,1.),.UNSPECIFIED.);
#3567 = CARTESIAN_POINT('',(-0.693912482442,3.14159265359));
#3568 = CARTESIAN_POINT('',(-0.693912482442,3.214338250299));
#3569 = CARTESIAN_POINT('',(-0.693782908447,3.287092122674));
#3570 = CARTESIAN_POINT('',(-0.693523704502,3.359815455747));
#3571 = CARTESIAN_POINT('',(-0.693138823223,3.432499512286));
#3572 = CARTESIAN_POINT('',(-0.692635536412,3.505137118645));
#3573 = CARTESIAN_POINT('',(-0.691716898324,3.61413443062));
#3574 = CARTESIAN_POINT('',(-0.691382497367,3.650553291513));
#3575 = CARTESIAN_POINT('',(-0.691022036702,3.686953800431));
#3576 = CARTESIAN_POINT('',(-0.690636925153,3.723335287563));
#3577 = CARTESIAN_POINT('',(-0.690228689067,3.759697453574));
#3578 = CARTESIAN_POINT('',(-0.688812074345,3.879495380065));
#3579 = CARTESIAN_POINT('',(-0.6877116515,3.962855505131));
#3580 = CARTESIAN_POINT('',(-0.686517359031,4.046097377577));
#3581 = CARTESIAN_POINT('',(-0.68525077853,4.12924481488));
#3582 = CARTESIAN_POINT('',(-0.683933020411,4.212323816184));
#3583 = CARTESIAN_POINT('',(-0.682584444415,4.295333686099));
#3584 = ( GEOMETRIC_REPRESENTATION_CONTEXT(2) 
PARAMETRIC_REPRESENTATION_CONTEXT() REPRESENTATION_CONTEXT('2D SPACE',''
  ) );
#3585 = PCURVE('',#2463,#3586);
#3586 = DEFINITIONAL_REPRESENTATION('',(#3587),#3605);
#3587 = B_SPLINE_CURVE_WITH_KNOTS('',6,(#3588,#3589,#3590,#3591,#3592,
    #3593,#3594,#3595,#3596,#3597,#3598,#3599,#3600,#3601,#3602,#3603,
    #3604),.UNSPECIFIED.,.F.,.F.,(7,5,5,7),(0.,0.376617628459,
    0.565728426524,1.),.UNSPECIFIED.);
#3588 = CARTESIAN_POINT('',(9.,23.146367040427));
#3589 = CARTESIAN_POINT('',(9.509219176962,23.146367040427));
#3590 = CARTESIAN_POINT('',(10.018496888301,23.191471909958));
#3591 = CARTESIAN_POINT('',(10.522706691279,23.281699997756));
#3592 = CARTESIAN_POINT('',(11.016946143051,23.416189173345));
#3593 = CARTESIAN_POINT('',(11.49650190455,23.593417397472));
#3594 = CARTESIAN_POINT('',(12.188070543625,23.92033682282));
#3595 = CARTESIAN_POINT('',(12.414431260853,24.039815109505));
#3596 = CARTESIAN_POINT('',(12.635420767583,24.169202908094));
#3597 = CARTESIAN_POINT('',(12.850513067272,24.308174876375));
#3598 = CARTESIAN_POINT('',(13.059210750556,24.456368946687));
#3599 = CARTESIAN_POINT('',(13.724531625147,24.973965409101));
#3600 = CARTESIAN_POINT('',(14.151875716411,25.38112422318));
#3601 = CARTESIAN_POINT('',(14.537288359703,25.830004292109));
#3602 = CARTESIAN_POINT('',(14.876136262771,26.314962560622));
#3603 = CARTESIAN_POINT('',(15.164626395775,26.829854787001));
#3604 = CARTESIAN_POINT('',(15.4,27.367903623585));
#3605 = ( GEOMETRIC_REPRESENTATION_CONTEXT(2) 
PARAMETRIC_REPRESENTATION_CONTEXT() REPRESENTATION_CONTEXT('2D SPACE',''
  ) );
#3606 = ORIENTED_EDGE('',*,*,#3607,.T.);
#3607 = EDGE_CURVE('',#3543,#3608,#3610,.T.);
#3608 = VERTEX_POINT('',#3609);
#3609 = CARTESIAN_POINT('',(-45.35623099478,37.733437558057,9.));
#3610 = SURFACE_CURVE('',#3611,(#3616,#3623),.PCURVE_S1.);
#3611 = CIRCLE('',#3612,59.);
#3612 = AXIS2_PLACEMENT_3D('',#3613,#3614,#3615);
#3613 = CARTESIAN_POINT('',(4.374471799288E-13,1.235726496974E-15,9.));
#3614 = DIRECTION('',(0.,0.,1.));
#3615 = DIRECTION('',(1.,0.,-0.));
#3616 = PCURVE('',#1311,#3617);
#3617 = DEFINITIONAL_REPRESENTATION('',(#3618),#3622);
#3618 = LINE('',#3619,#3620);
#3619 = CARTESIAN_POINT('',(-0.,3.14159265359));
#3620 = VECTOR('',#3621,1.);
#3621 = DIRECTION('',(-1.,0.));
#3622 = ( GEOMETRIC_REPRESENTATION_CONTEXT(2) 
PARAMETRIC_REPRESENTATION_CONTEXT() REPRESENTATION_CONTEXT('2D SPACE',''
  ) );
#3623 = PCURVE('',#2509,#3624);
#3624 = DEFINITIONAL_REPRESENTATION('',(#3625),#3629);
#3625 = LINE('',#3626,#3627);
#3626 = CARTESIAN_POINT('',(-0.,-9.));
#3627 = VECTOR('',#3628,1.);
#3628 = DIRECTION('',(-1.,0.));
#3629 = ( GEOMETRIC_REPRESENTATION_CONTEXT(2) 
PARAMETRIC_REPRESENTATION_CONTEXT() REPRESENTATION_CONTEXT('2D SPACE',''
  ) );
#3630 = ORIENTED_EDGE('',*,*,#3631,.T.);
#3631 = EDGE_CURVE('',#3608,#3632,#3634,.T.);
#3632 = VERTEX_POINT('',#3633);
#3633 = CARTESIAN_POINT('',(-47.20154241906,38.798828605602,14.));
#3634 = SURFACE_CURVE('',#3635,(#3653,#3674),.PCURVE_S1.);
#3635 = B_SPLINE_CURVE_WITH_KNOTS('',6,(#3636,#3637,#3638,#3639,#3640,
    #3641,#3642,#3643,#3644,#3645,#3646,#3647,#3648,#3649,#3650,#3651,
    #3652),.UNSPECIFIED.,.F.,.F.,(7,5,5,7),(0.,0.376617628492,
    0.565728426556,1.),.UNSPECIFIED.);
#3636 = CARTESIAN_POINT('',(-45.35623099478,37.733437558057,9.));
#3637 = CARTESIAN_POINT('',(-45.35623099478,37.733437558057,
    9.509219177005));
#3638 = CARTESIAN_POINT('',(-45.39529295763,37.755989992827,
    10.018496888389));
#3639 = CARTESIAN_POINT('',(-45.47343277382,37.801104036734,
    10.522706691409));
#3640 = CARTESIAN_POINT('',(-45.58990381643,37.86834862454,
    11.016946143221));
#3641 = CARTESIAN_POINT('',(-45.74338796082,37.956962736618,
    11.496501904756));
#3642 = CARTESIAN_POINT('',(-46.0265084882,38.120422449314,
    12.188070543859));
#3643 = CARTESIAN_POINT('',(-46.12997971967,38.180161592661,
    12.414431261082));
#3644 = CARTESIAN_POINT('',(-46.2420328402,38.24485549196,
    12.635420767807));
#3645 = CARTESIAN_POINT('',(-46.36238609515,38.314341476105,
    12.850513067491));
#3646 = CARTESIAN_POINT('',(-46.49072592474,38.388438511265,
    13.05921075077));
#3647 = CARTESIAN_POINT('',(-46.9389776101,38.647236742471,
    13.724531625307));
#3648 = CARTESIAN_POINT('',(-47.29158748645,38.850816149501,
    14.151875716526));
#3649 = CARTESIAN_POINT('',(-47.68032902937,39.075256183953,
    14.537288359779));
#3650 = CARTESIAN_POINT('',(-48.10031520965,39.317735318194,
    14.876136262814));
#3651 = CARTESIAN_POINT('',(-48.54622495788,39.575181431365,
    15.164626395792));
#3652 = CARTESIAN_POINT('',(-49.0121889188,39.844205849637,15.4));
#3653 = PCURVE('',#1311,#3654);
#3654 = DEFINITIONAL_REPRESENTATION('',(#3655),#3673);
#3655 = B_SPLINE_CURVE_WITH_KNOTS('',6,(#3656,#3657,#3658,#3659,#3660,
    #3661,#3662,#3663,#3664,#3665,#3666,#3667,#3668,#3669,#3670,#3671,
    #3672),.UNSPECIFIED.,.F.,.F.,(7,5,5,7),(0.,0.376617628492,
    0.565728426556,1.),.UNSPECIFIED.);
#3656 = CARTESIAN_POINT('',(-2.447680171148,3.14159265359));
#3657 = CARTESIAN_POINT('',(-2.447680171148,3.214338250305));
#3658 = CARTESIAN_POINT('',(-2.447809745143,3.287092122687));
#3659 = CARTESIAN_POINT('',(-2.448068949088,3.359815455766));
#3660 = CARTESIAN_POINT('',(-2.448453830367,3.432499512311));
#3661 = CARTESIAN_POINT('',(-2.448957117178,3.505137118677));
#3662 = CARTESIAN_POINT('',(-2.449875755267,3.614134430657));
#3663 = CARTESIAN_POINT('',(-2.450210156223,3.65055329155));
#3664 = CARTESIAN_POINT('',(-2.450570616889,3.686953800469));
#3665 = CARTESIAN_POINT('',(-2.450955728437,3.7233352876));
#3666 = CARTESIAN_POINT('',(-2.451363964524,3.759697453611));
#3667 = CARTESIAN_POINT('',(-2.452780579245,3.879495380096));
#3668 = CARTESIAN_POINT('',(-2.453881002091,3.962855505156));
#3669 = CARTESIAN_POINT('',(-2.455075294559,4.046097377596));
#3670 = CARTESIAN_POINT('',(-2.45634187506,4.129244814892));
#3671 = CARTESIAN_POINT('',(-2.457659633179,4.212323816191));
#3672 = CARTESIAN_POINT('',(-2.459008209175,4.295333686099));
#3673 = ( GEOMETRIC_REPRESENTATION_CONTEXT(2) 
PARAMETRIC_REPRESENTATION_CONTEXT() REPRESENTATION_CONTEXT('2D SPACE',''
  ) );
#3674 = PCURVE('',#2571,#3675);
#3675 = DEFINITIONAL_REPRESENTATION('',(#3676),#3694);
#3676 = B_SPLINE_CURVE_WITH_KNOTS('',6,(#3677,#3678,#3679,#3680,#3681,
    #3682,#3683,#3684,#3685,#3686,#3687,#3688,#3689,#3690,#3691,#3692,
    #3693),.UNSPECIFIED.,.F.,.F.,(7,5,5,7),(0.,0.376617628492,
    0.565728426556,1.),.UNSPECIFIED.);
#3677 = CARTESIAN_POINT('',(9.,23.146367040426));
#3678 = CARTESIAN_POINT('',(9.509219177005,23.146367040426));
#3679 = CARTESIAN_POINT('',(10.018496888389,23.191471909965));
#3680 = CARTESIAN_POINT('',(10.522706691409,23.281699997779));
#3681 = CARTESIAN_POINT('',(11.016946143221,23.416189173391));
#3682 = CARTESIAN_POINT('',(11.496501904756,23.593417397548));
#3683 = CARTESIAN_POINT('',(12.188070543859,23.92033682294));
#3684 = CARTESIAN_POINT('',(12.414431261082,24.039815109634));
#3685 = CARTESIAN_POINT('',(12.635420767807,24.169202908231));
#3686 = CARTESIAN_POINT('',(12.850513067491,24.30817487652));
#3687 = CARTESIAN_POINT('',(13.05921075077,24.456368946841));
#3688 = CARTESIAN_POINT('',(13.724531625307,24.973965409253));
#3689 = CARTESIAN_POINT('',(14.151875716526,25.381124223314));
#3690 = CARTESIAN_POINT('',(14.537288359779,25.830004292217));
#3691 = CARTESIAN_POINT('',(14.876136262814,26.314962560699));
#3692 = CARTESIAN_POINT('',(15.164626395792,26.82985478704));
#3693 = CARTESIAN_POINT('',(15.4,27.367903623585));
#3694 = ( GEOMETRIC_REPRESENTATION_CONTEXT(2) 
PARAMETRIC_REPRESENTATION_CONTEXT() REPRESENTATION_CONTEXT('2D SPACE',''
  ) );
#3695 = ORIENTED_EDGE('',*,*,#3696,.F.);
#3696 = EDGE_CURVE('',#3697,#3632,#3699,.T.);
#3697 = VERTEX_POINT('',#3698);
#3698 = CARTESIAN_POINT('',(-57.20154241906,21.478320529913,14.));
#3699 = SURFACE_CURVE('',#3700,(#3705,#3712),.PCURVE_S1.);
#3700 = CIRCLE('',#3701,61.101020514434);
#3701 = AXIS2_PLACEMENT_3D('',#3702,#3703,#3704);
#3702 = CARTESIAN_POINT('',(4.374471799288E-13,1.235726496974E-15,14.));
#3703 = DIRECTION('',(0.,0.,-1.));
#3704 = DIRECTION('',(1.,0.,0.));
#3705 = PCURVE('',#1311,#3706);
#3706 = DEFINITIONAL_REPRESENTATION('',(#3707),#3711);
#3707 = LINE('',#3708,#3709);
#3708 = CARTESIAN_POINT('',(-6.28318530718,3.937195607074));
#3709 = VECTOR('',#3710,1.);
#3710 = DIRECTION('',(1.,-0.));
#3711 = ( GEOMETRIC_REPRESENTATION_CONTEXT(2) 
PARAMETRIC_REPRESENTATION_CONTEXT() REPRESENTATION_CONTEXT('2D SPACE',''
  ) );
#3712 = PCURVE('',#3713,#3718);
#3713 = PLANE('',#3714);
#3714 = AXIS2_PLACEMENT_3D('',#3715,#3716,#3717);
#3715 = CARTESIAN_POINT('',(-25.31088913245,26.160254037844,14.));
#3716 = DIRECTION('',(0.,0.,1.));
#3717 = DIRECTION('',(-0.866025403784,0.5,0.));
#3718 = DEFINITIONAL_REPRESENTATION('',(#3719),#3727);
#3719 = ( BOUNDED_CURVE() B_SPLINE_CURVE(2,(#3720,#3721,#3722,#3723,
#3724,#3725,#3726),.UNSPECIFIED.,.T.,.F.) B_SPLINE_CURVE_WITH_KNOTS((1,2
    ,2,2,2,1),(-2.094395102393,0.,2.094395102393,4.188790204786,
6.28318530718,8.377580409573),.UNSPECIFIED.) CURVE() 
GEOMETRIC_REPRESENTATION_ITEM() RATIONAL_B_SPLINE_CURVE((1.,0.5,1.,0.5,
1.,0.5,1.)) REPRESENTATION_ITEM('') );
#3720 = CARTESIAN_POINT('',(-87.91503596265,-20.55051025721));
#3721 = CARTESIAN_POINT('',(-140.8300719253,71.101020514433));
#3722 = CARTESIAN_POINT('',(-35.,71.101020514433));
#3723 = CARTESIAN_POINT('',(70.830071925307,71.101020514433));
#3724 = CARTESIAN_POINT('',(17.915035962653,-20.55051025721));
#3725 = CARTESIAN_POINT('',(-35.,-112.2020410288));
#3726 = CARTESIAN_POINT('',(-87.91503596265,-20.55051025721));
#3727 = ( GEOMETRIC_REPRESENTATION_CONTEXT(2) 
PARAMETRIC_REPRESENTATION_CONTEXT() REPRESENTATION_CONTEXT('2D SPACE',''
  ) );
#3728 = ORIENTED_EDGE('',*,*,#3729,.F.);
#3729 = EDGE_CURVE('',#3730,#3697,#3732,.T.);
#3730 = VERTEX_POINT('',#3731);
#3731 = CARTESIAN_POINT('',(-55.35623099478,20.412929482369,9.));
#3732 = SURFACE_CURVE('',#3733,(#3751,#3772),.PCURVE_S1.);
#3733 = B_SPLINE_CURVE_WITH_KNOTS('',6,(#3734,#3735,#3736,#3737,#3738,
    #3739,#3740,#3741,#3742,#3743,#3744,#3745,#3746,#3747,#3748,#3749,
    #3750),.UNSPECIFIED.,.F.,.F.,(7,5,5,7),(0.,0.376617628422,
    0.565728426487,1.),.UNSPECIFIED.);
#3734 = CARTESIAN_POINT('',(-55.35623099478,20.412929482369,9.));
#3735 = CARTESIAN_POINT('',(-55.35623099478,20.412929482369,
    9.509219176912));
#3736 = CARTESIAN_POINT('',(-55.39529295762,20.43548191713,
    10.018496888202));
#3737 = CARTESIAN_POINT('',(-55.47343277377,20.48059596102,
    10.522706691131));
#3738 = CARTESIAN_POINT('',(-55.58990381634,20.547840548802,
    11.016946142858));
#3739 = CARTESIAN_POINT('',(-55.74338796068,20.636454660848,
    11.496501904315));
#3740 = CARTESIAN_POINT('',(-56.02650848797,20.799914373496,
    12.18807054336));
#3741 = CARTESIAN_POINT('',(-56.12997971943,20.859653516834,
    12.414431260593));
#3742 = CARTESIAN_POINT('',(-56.24203283994,20.924347416124,
    12.635420767328));
#3743 = CARTESIAN_POINT('',(-56.36238609488,20.99383340026,
    12.850513067022));
#3744 = CARTESIAN_POINT('',(-56.49072592445,21.067930435411,
    13.059210750313));
#3745 = CARTESIAN_POINT('',(-56.93897760982,21.326728666619,
    13.724531624966));
#3746 = CARTESIAN_POINT('',(-57.2915874862,21.530308073669,
    14.15187571628));
#3747 = CARTESIAN_POINT('',(-57.68032902917,21.754748108148,
    14.537288359617));
#3748 = CARTESIAN_POINT('',(-58.10031520951,21.997227242422,
    14.876136262722));
#3749 = CARTESIAN_POINT('',(-58.5462249578,22.254673355633,
    15.164626395755));
#3750 = CARTESIAN_POINT('',(-59.0121889188,22.523697773948,15.4));
#3751 = PCURVE('',#1311,#3752);
#3752 = DEFINITIONAL_REPRESENTATION('',(#3753),#3771);
#3753 = B_SPLINE_CURVE_WITH_KNOTS('',6,(#3754,#3755,#3756,#3757,#3758,
    #3759,#3760,#3761,#3762,#3763,#3764,#3765,#3766,#3767,#3768,#3769,
    #3770),.UNSPECIFIED.,.F.,.F.,(7,5,5,7),(0.,0.376617628422,
    0.565728426487,1.),.UNSPECIFIED.);
#3754 = CARTESIAN_POINT('',(-2.788307584835,3.14159265359));
#3755 = CARTESIAN_POINT('',(-2.788307584835,3.214338250291));
#3756 = CARTESIAN_POINT('',(-2.78817801084,3.28709212266));
#3757 = CARTESIAN_POINT('',(-2.787918806895,3.359815455726));
#3758 = CARTESIAN_POINT('',(-2.787533925617,3.432499512258));
#3759 = CARTESIAN_POINT('',(-2.787030638805,3.50513711861));
#3760 = CARTESIAN_POINT('',(-2.786112000717,3.614134430577));
#3761 = CARTESIAN_POINT('',(-2.785777599761,3.65055329147));
#3762 = CARTESIAN_POINT('',(-2.785417139095,3.686953800389));
#3763 = CARTESIAN_POINT('',(-2.785032027546,3.72333528752));
#3764 = CARTESIAN_POINT('',(-2.78462379146,3.759697453531));
#3765 = CARTESIAN_POINT('',(-2.783207176739,3.87949538003));
#3766 = CARTESIAN_POINT('',(-2.782106753893,3.962855505103));
#3767 = CARTESIAN_POINT('',(-2.780912461425,4.046097377556));
#3768 = CARTESIAN_POINT('',(-2.779645880923,4.129244814866));
#3769 = CARTESIAN_POINT('',(-2.778328122804,4.212323816177));
#3770 = CARTESIAN_POINT('',(-2.776979546808,4.295333686099));
#3771 = ( GEOMETRIC_REPRESENTATION_CONTEXT(2) 
PARAMETRIC_REPRESENTATION_CONTEXT() REPRESENTATION_CONTEXT('2D SPACE',''
  ) );
#3772 = PCURVE('',#2959,#3773);
#3773 = DEFINITIONAL_REPRESENTATION('',(#3774),#3792);
#3774 = B_SPLINE_CURVE_WITH_KNOTS('',6,(#3775,#3776,#3777,#3778,#3779,
    #3780,#3781,#3782,#3783,#3784,#3785,#3786,#3787,#3788,#3789,#3790,
    #3791),.UNSPECIFIED.,.F.,.F.,(7,5,5,7),(0.,0.376617628422,
    0.565728426487,1.),.UNSPECIFIED.);
#3775 = CARTESIAN_POINT('',(9.,23.146367040426));
#3776 = CARTESIAN_POINT('',(9.509219176912,23.146367040426));
#3777 = CARTESIAN_POINT('',(10.018496888202,23.191471909948));
#3778 = CARTESIAN_POINT('',(10.522706691131,23.281699997729));
#3779 = CARTESIAN_POINT('',(11.016946142858,23.416189173292));
#3780 = CARTESIAN_POINT('',(11.496501904315,23.593417397385));
#3781 = CARTESIAN_POINT('',(12.18807054336,23.920336822681));
#3782 = CARTESIAN_POINT('',(12.414431260593,24.039815109357));
#3783 = CARTESIAN_POINT('',(12.635420767328,24.169202907936));
#3784 = CARTESIAN_POINT('',(12.850513067022,24.308174876208));
#3785 = CARTESIAN_POINT('',(13.059210750313,24.456368946511));
#3786 = CARTESIAN_POINT('',(13.724531624966,24.973965408928));
#3787 = CARTESIAN_POINT('',(14.15187571628,25.381124223027));
#3788 = CARTESIAN_POINT('',(14.537288359617,25.830004291985));
#3789 = CARTESIAN_POINT('',(14.876136262722,26.314962560534));
#3790 = CARTESIAN_POINT('',(15.164626395755,26.829854786955));
#3791 = CARTESIAN_POINT('',(15.4,27.367903623585));
#3792 = ( GEOMETRIC_REPRESENTATION_CONTEXT(2) 
PARAMETRIC_REPRESENTATION_CONTEXT() REPRESENTATION_CONTEXT('2D SPACE',''
  ) );
#3793 = ORIENTED_EDGE('',*,*,#3794,.T.);
#3794 = EDGE_CURVE('',#3730,#3795,#3797,.T.);
#3795 = VERTEX_POINT('',#3796);
#3796 = CARTESIAN_POINT('',(-10.,-58.14636704042,9.));
#3797 = SURFACE_CURVE('',#3798,(#3803,#3810),.PCURVE_S1.);
#3798 = CIRCLE('',#3799,59.);
#3799 = AXIS2_PLACEMENT_3D('',#3800,#3801,#3802);
#3800 = CARTESIAN_POINT('',(4.374471799288E-13,1.235726496974E-15,9.));
#3801 = DIRECTION('',(0.,0.,1.));
#3802 = DIRECTION('',(1.,0.,-0.));
#3803 = PCURVE('',#1311,#3804);
#3804 = DEFINITIONAL_REPRESENTATION('',(#3805),#3809);
#3805 = LINE('',#3806,#3807);
#3806 = CARTESIAN_POINT('',(-0.,3.14159265359));
#3807 = VECTOR('',#3808,1.);
#3808 = DIRECTION('',(-1.,0.));
#3809 = ( GEOMETRIC_REPRESENTATION_CONTEXT(2) 
PARAMETRIC_REPRESENTATION_CONTEXT() REPRESENTATION_CONTEXT('2D SPACE',''
  ) );
#3810 = PCURVE('',#3005,#3811);
#3811 = DEFINITIONAL_REPRESENTATION('',(#3812),#3816);
#3812 = LINE('',#3813,#3814);
#3813 = CARTESIAN_POINT('',(-0.,-9.));
#3814 = VECTOR('',#3815,1.);
#3815 = DIRECTION('',(-1.,0.));
#3816 = ( GEOMETRIC_REPRESENTATION_CONTEXT(2) 
PARAMETRIC_REPRESENTATION_CONTEXT() REPRESENTATION_CONTEXT('2D SPACE',''
  ) );
#3817 = ORIENTED_EDGE('',*,*,#3818,.T.);
#3818 = EDGE_CURVE('',#3795,#3819,#3821,.T.);
#3819 = VERTEX_POINT('',#3820);
#3820 = CARTESIAN_POINT('',(-10.,-60.27714913551,14.));
#3821 = SURFACE_CURVE('',#3822,(#3840,#3861),.PCURVE_S1.);
#3822 = B_SPLINE_CURVE_WITH_KNOTS('',6,(#3823,#3824,#3825,#3826,#3827,
    #3828,#3829,#3830,#3831,#3832,#3833,#3834,#3835,#3836,#3837,#3838,
    #3839),.UNSPECIFIED.,.F.,.F.,(7,5,5,7),(0.,0.376617628492,
    0.565728426556,1.),.UNSPECIFIED.);
#3823 = CARTESIAN_POINT('',(-10.,-58.14636704042,9.));
#3824 = CARTESIAN_POINT('',(-10.,-58.14636704042,9.509219177005));
#3825 = CARTESIAN_POINT('',(-10.,-58.19147190996,10.018496888389));
#3826 = CARTESIAN_POINT('',(-10.,-58.28169999777,10.522706691409));
#3827 = CARTESIAN_POINT('',(-10.,-58.41618917339,11.016946143221));
#3828 = CARTESIAN_POINT('',(-10.,-58.59341739754,11.496501904755));
#3829 = CARTESIAN_POINT('',(-10.,-58.92033682294,12.188070543859));
#3830 = CARTESIAN_POINT('',(-10.,-59.03981510963,12.414431261082));
#3831 = CARTESIAN_POINT('',(-10.,-59.16920290823,12.635420767807));
#3832 = CARTESIAN_POINT('',(-10.,-59.30817487652,12.850513067491));
#3833 = CARTESIAN_POINT('',(-10.,-59.45636894684,13.05921075077));
#3834 = CARTESIAN_POINT('',(-10.,-59.97396540925,13.724531625307));
#3835 = CARTESIAN_POINT('',(-10.,-60.38112422331,14.151875716526));
#3836 = CARTESIAN_POINT('',(-10.,-60.83000429221,14.53728835978));
#3837 = CARTESIAN_POINT('',(-10.,-61.31496256069,14.876136262814));
#3838 = CARTESIAN_POINT('',(-10.,-61.82985478704,15.164626395792));
#3839 = CARTESIAN_POINT('',(-10.,-62.36790362358,15.4));
#3840 = PCURVE('',#1311,#3841);
#3841 = DEFINITIONAL_REPRESENTATION('',(#3842),#3860);
#3842 = B_SPLINE_CURVE_WITH_KNOTS('',6,(#3843,#3844,#3845,#3846,#3847,
    #3848,#3849,#3850,#3851,#3852,#3853,#3854,#3855,#3856,#3857,#3858,
    #3859),.UNSPECIFIED.,.F.,.F.,(7,5,5,7),(0.,0.376617628492,
    0.565728426556,1.),.UNSPECIFIED.);
#3843 = CARTESIAN_POINT('',(-4.542075273541,3.14159265359));
#3844 = CARTESIAN_POINT('',(-4.542075273541,3.214338250305));
#3845 = CARTESIAN_POINT('',(-4.542204847536,3.287092122687));
#3846 = CARTESIAN_POINT('',(-4.542464051481,3.359815455766));
#3847 = CARTESIAN_POINT('',(-4.54284893276,3.432499512311));
#3848 = CARTESIAN_POINT('',(-4.543352219572,3.505137118677));
#3849 = CARTESIAN_POINT('',(-4.54427085766,3.614134430657));
#3850 = CARTESIAN_POINT('',(-4.544605258616,3.65055329155));
#3851 = CARTESIAN_POINT('',(-4.544965719282,3.686953800469));
#3852 = CARTESIAN_POINT('',(-4.545350830831,3.7233352876));
#3853 = CARTESIAN_POINT('',(-4.545759066917,3.759697453611));
#3854 = CARTESIAN_POINT('',(-4.547175681638,3.879495380096));
#3855 = CARTESIAN_POINT('',(-4.548276104484,3.962855505156));
#3856 = CARTESIAN_POINT('',(-4.549470396952,4.046097377596));
#3857 = CARTESIAN_POINT('',(-4.550736977453,4.129244814892));
#3858 = CARTESIAN_POINT('',(-4.552054735572,4.212323816191));
#3859 = CARTESIAN_POINT('',(-4.553403311568,4.295333686099));
#3860 = ( GEOMETRIC_REPRESENTATION_CONTEXT(2) 
PARAMETRIC_REPRESENTATION_CONTEXT() REPRESENTATION_CONTEXT('2D SPACE',''
  ) );
#3861 = PCURVE('',#3067,#3862);
#3862 = DEFINITIONAL_REPRESENTATION('',(#3863),#3881);
#3863 = B_SPLINE_CURVE_WITH_KNOTS('',6,(#3864,#3865,#3866,#3867,#3868,
    #3869,#3870,#3871,#3872,#3873,#3874,#3875,#3876,#3877,#3878,#3879,
    #3880),.UNSPECIFIED.,.F.,.F.,(7,5,5,7),(0.,0.376617628492,
    0.565728426556,1.),.UNSPECIFIED.);
#3864 = CARTESIAN_POINT('',(9.,23.146367040426));
#3865 = CARTESIAN_POINT('',(9.509219177005,23.146367040426));
#3866 = CARTESIAN_POINT('',(10.018496888389,23.191471909965));
#3867 = CARTESIAN_POINT('',(10.522706691409,23.281699997779));
#3868 = CARTESIAN_POINT('',(11.016946143221,23.416189173391));
#3869 = CARTESIAN_POINT('',(11.496501904755,23.593417397548));
#3870 = CARTESIAN_POINT('',(12.188070543859,23.92033682294));
#3871 = CARTESIAN_POINT('',(12.414431261082,24.039815109634));
#3872 = CARTESIAN_POINT('',(12.635420767807,24.169202908231));
#3873 = CARTESIAN_POINT('',(12.850513067491,24.308174876521));
#3874 = CARTESIAN_POINT('',(13.05921075077,24.456368946841));
#3875 = CARTESIAN_POINT('',(13.724531625307,24.973965409253));
#3876 = CARTESIAN_POINT('',(14.151875716526,25.381124223314));
#3877 = CARTESIAN_POINT('',(14.53728835978,25.830004292217));
#3878 = CARTESIAN_POINT('',(14.876136262814,26.314962560699));
#3879 = CARTESIAN_POINT('',(15.164626395792,26.829854787041));
#3880 = CARTESIAN_POINT('',(15.4,27.367903623585));
#3881 = ( GEOMETRIC_REPRESENTATION_CONTEXT(2) 
PARAMETRIC_REPRESENTATION_CONTEXT() REPRESENTATION_CONTEXT('2D SPACE',''
  ) );
#3882 = ORIENTED_EDGE('',*,*,#3883,.F.);
#3883 = EDGE_CURVE('',#3312,#3819,#3884,.T.);
#3884 = SURFACE_CURVE('',#3885,(#3890,#3897),.PCURVE_S1.);
#3885 = CIRCLE('',#3886,61.101020514434);
#3886 = AXIS2_PLACEMENT_3D('',#3887,#3888,#3889);
#3887 = CARTESIAN_POINT('',(4.374471799288E-13,1.235726496974E-15,14.));
#3888 = DIRECTION('',(0.,0.,-1.));
#3889 = DIRECTION('',(1.,0.,0.));
#3890 = PCURVE('',#1311,#3891);
#3891 = DEFINITIONAL_REPRESENTATION('',(#3892),#3896);
#3892 = LINE('',#3893,#3894);
#3893 = CARTESIAN_POINT('',(-6.28318530718,3.937195607074));
#3894 = VECTOR('',#3895,1.);
#3895 = DIRECTION('',(1.,-0.));
#3896 = ( GEOMETRIC_REPRESENTATION_CONTEXT(2) 
PARAMETRIC_REPRESENTATION_CONTEXT() REPRESENTATION_CONTEXT('2D SPACE',''
  ) );
#3897 = PCURVE('',#3898,#3903);
#3898 = PLANE('',#3899);
#3899 = AXIS2_PLACEMENT_3D('',#3900,#3901,#3902);
#3900 = CARTESIAN_POINT('',(-10.,-35.,14.));
#3901 = DIRECTION('',(0.,0.,1.));
#3902 = DIRECTION('',(1.110223024625E-16,-1.,0.));
#3903 = DEFINITIONAL_REPRESENTATION('',(#3904),#3912);
#3904 = ( BOUNDED_CURVE() B_SPLINE_CURVE(2,(#3905,#3906,#3907,#3908,
#3909,#3910,#3911),.UNSPECIFIED.,.T.,.F.) B_SPLINE_CURVE_WITH_KNOTS((1,2
    ,2,2,2,1),(-2.094395102393,0.,2.094395102393,4.188790204786,
6.28318530718,8.377580409573),.UNSPECIFIED.) CURVE() 
GEOMETRIC_REPRESENTATION_ITEM() RATIONAL_B_SPLINE_CURVE((1.,0.5,1.,0.5,
1.,0.5,1.)) REPRESENTATION_ITEM('') );
#3905 = CARTESIAN_POINT('',(-35.,71.101020514434));
#3906 = CARTESIAN_POINT('',(70.830071925307,71.101020514434));
#3907 = CARTESIAN_POINT('',(17.915035962654,-20.55051025721));
#3908 = CARTESIAN_POINT('',(-35.,-112.2020410288));
#3909 = CARTESIAN_POINT('',(-87.91503596265,-20.55051025721));
#3910 = CARTESIAN_POINT('',(-140.8300719253,71.101020514434));
#3911 = CARTESIAN_POINT('',(-35.,71.101020514434));
#3912 = ( GEOMETRIC_REPRESENTATION_CONTEXT(2) 
PARAMETRIC_REPRESENTATION_CONTEXT() REPRESENTATION_CONTEXT('2D SPACE',''
  ) );
#3913 = ADVANCED_FACE('',(#3914),#1342,.F.);
#3914 = FACE_BOUND('',#3915,.T.);
#3915 = EDGE_LOOP('',(#3916,#3937,#3938,#3939));
#3916 = ORIENTED_EDGE('',*,*,#3917,.T.);
#3917 = EDGE_CURVE('',#3221,#1326,#3918,.T.);
#3918 = SEAM_CURVE('',#3919,(#3923,#3930),.PCURVE_S1.);
#3919 = LINE('',#3920,#3921);
#3920 = CARTESIAN_POINT('',(72.399723756379,41.8,11.));
#3921 = VECTOR('',#3922,1.);
#3922 = DIRECTION('',(0.,0.,1.));
#3923 = PCURVE('',#1342,#3924);
#3924 = DEFINITIONAL_REPRESENTATION('',(#3925),#3929);
#3925 = LINE('',#3926,#3927);
#3926 = CARTESIAN_POINT('',(-0.,0.));
#3927 = VECTOR('',#3928,1.);
#3928 = DIRECTION('',(-0.,-1.));
#3929 = ( GEOMETRIC_REPRESENTATION_CONTEXT(2) 
PARAMETRIC_REPRESENTATION_CONTEXT() REPRESENTATION_CONTEXT('2D SPACE',''
  ) );
#3930 = PCURVE('',#1342,#3931);
#3931 = DEFINITIONAL_REPRESENTATION('',(#3932),#3936);
#3932 = LINE('',#3933,#3934);
#3933 = CARTESIAN_POINT('',(-6.28318530718,0.));
#3934 = VECTOR('',#3935,1.);
#3935 = DIRECTION('',(-0.,-1.));
#3936 = ( GEOMETRIC_REPRESENTATION_CONTEXT(2) 
PARAMETRIC_REPRESENTATION_CONTEXT() REPRESENTATION_CONTEXT('2D SPACE',''
  ) );
#3937 = ORIENTED_EDGE('',*,*,#1325,.T.);
#3938 = ORIENTED_EDGE('',*,*,#3917,.F.);
#3939 = ORIENTED_EDGE('',*,*,#3220,.F.);
#3940 = ADVANCED_FACE('',(#3941),#1475,.F.);
#3941 = FACE_BOUND('',#3942,.T.);
#3942 = EDGE_LOOP('',(#3943,#4024,#4050,#4180,#4201,#4202,#4203,#4241));
#3943 = ORIENTED_EDGE('',*,*,#3944,.F.);
#3944 = EDGE_CURVE('',#3945,#3947,#3949,.T.);
#3945 = VERTEX_POINT('',#3946);
#3946 = CARTESIAN_POINT('',(25.658707871801,11.208510621379,3.));
#3947 = VERTEX_POINT('',#3948);
#3948 = CARTESIAN_POINT('',(22.536208872602,16.616837534575,3.));
#3949 = SURFACE_CURVE('',#3950,(#3971,#3995),.PCURVE_S1.);
#3950 = B_SPLINE_CURVE_WITH_KNOTS('',7,(#3951,#3952,#3953,#3954,#3955,
    #3956,#3957,#3958,#3959,#3960,#3961,#3962,#3963,#3964,#3965,#3966,
    #3967,#3968,#3969,#3970),.UNSPECIFIED.,.F.,.F.,(8,6,6,8),(0.,
    0.250816866402,0.496022881713,1.),.UNSPECIFIED.);
#3951 = CARTESIAN_POINT('',(25.689832060029,11.136989212866,3.1000006));
#3952 = CARTESIAN_POINT('',(25.633864749499,11.266089706806,
    2.913616576982));
#3953 = CARTESIAN_POINT('',(25.570993386694,11.409041943769,
    2.733021661134));
#3954 = CARTESIAN_POINT('',(25.50077246221,11.566052511846,
    2.559568605984));
#3955 = CARTESIAN_POINT('',(25.422715979894,11.737256686265,
    2.394816015424));
#3956 = CARTESIAN_POINT('',(25.336311121457,11.922667095759,
    2.240569070179));
#3957 = CARTESIAN_POINT('',(25.241046981903,12.122124795489,
    2.098923805858));
#3958 = CARTESIAN_POINT('',(25.034209449281,12.54361295922,
    1.848538358894));
#3959 = CARTESIAN_POINT('',(24.922455095678,12.766247418019,
    1.738414699702));
#3960 = CARTESIAN_POINT('',(24.80165885724,13.00087218412,1.64583457434)
  );
#3961 = CARTESIAN_POINT('',(24.672595220656,13.244701777734,
    1.573878305326));
#3962 = CARTESIAN_POINT('',(24.536388419978,13.494643792791,
    1.524799319457));
#3963 = CARTESIAN_POINT('',(24.394506595123,13.747475151673,1.5));
#3964 = CARTESIAN_POINT('',(23.949055159287,14.519019670846,1.5));
#3965 = CARTESIAN_POINT('',(23.648798488809,15.009147018277,
    1.60475922555));
#3966 = CARTESIAN_POINT('',(23.3592328816,15.455278174374,1.798723543784
    ));
#3967 = CARTESIAN_POINT('',(23.091160304932,15.848350311635,
    2.064928332523));
#3968 = CARTESIAN_POINT('',(22.853927498949,16.183366972008,
    2.384485887909));
#3969 = CARTESIAN_POINT('',(22.653143048892,16.459352019979,
    2.736860464397));
#3970 = CARTESIAN_POINT('',(22.48983161003,16.679552576509,3.1000006));
#3971 = PCURVE('',#1475,#3972);
#3972 = DEFINITIONAL_REPRESENTATION('',(#3973),#3994);
#3973 = B_SPLINE_CURVE_WITH_KNOTS('',7,(#3974,#3975,#3976,#3977,#3978,
    #3979,#3980,#3981,#3982,#3983,#3984,#3985,#3986,#3987,#3988,#3989,
    #3990,#3991,#3992,#3993),.UNSPECIFIED.,.F.,.F.,(8,6,6,8),(0.,
    0.250816866402,0.496022881713,1.),.UNSPECIFIED.);
#3974 = CARTESIAN_POINT('',(-3.785093574883,-27.81654178937));
#3975 = CARTESIAN_POINT('',(-3.843338573885,-27.83262292364));
#3976 = CARTESIAN_POINT('',(-3.902743033359,-27.84965084476));
#3977 = CARTESIAN_POINT('',(-3.963418947433,-27.86734302432));
#3978 = CARTESIAN_POINT('',(-4.02549010947,-27.88534621491));
#3979 = CARTESIAN_POINT('',(-4.089089976797,-27.90322261724));
#3980 = CARTESIAN_POINT('',(-4.154369530212,-27.92045030218));
#3981 = CARTESIAN_POINT('',(-4.287158658457,-27.95206782634));
#3982 = CARTESIAN_POINT('',(-4.3549665942,-27.96660294654));
#3983 = CARTESIAN_POINT('',(-4.424455387115,-27.97930271842));
#3984 = CARTESIAN_POINT('',(-4.495243788236,-27.98944512724));
#3985 = CARTESIAN_POINT('',(-4.567016543178,-27.99645758521));
#3986 = CARTESIAN_POINT('',(-4.639491335805,-28.));
#3987 = CARTESIAN_POINT('',(-4.862217053723,-28.));
#3988 = CARTESIAN_POINT('',(-5.005865342922,-27.98503376942));
#3989 = CARTESIAN_POINT('',(-5.144141567004,-27.95732817556));
#3990 = CARTESIAN_POINT('',(-5.277206405339,-27.92170658274));
#3991 = CARTESIAN_POINT('',(-5.404818061841,-27.88376527634));
#3992 = CARTESIAN_POINT('',(-5.526203109469,-27.84787336589));
#3993 = CARTESIAN_POINT('',(-5.639684385886,-27.81654178937));
#3994 = ( GEOMETRIC_REPRESENTATION_CONTEXT(2) 
PARAMETRIC_REPRESENTATION_CONTEXT() REPRESENTATION_CONTEXT('2D SPACE',''
  ) );
#3995 = PCURVE('',#3996,#4001);
#3996 = CYLINDRICAL_SURFACE('',#3997,28.);
#3997 = AXIS2_PLACEMENT_3D('',#3998,#3999,#4000);
#3998 = CARTESIAN_POINT('',(0.,0.,-0.1));
#3999 = DIRECTION('',(-0.,-0.,-1.));
#4000 = DIRECTION('',(1.,0.,0.));
#4001 = DEFINITIONAL_REPRESENTATION('',(#4002),#4023);
#4002 = B_SPLINE_CURVE_WITH_KNOTS('',7,(#4003,#4004,#4005,#4006,#4007,
    #4008,#4009,#4010,#4011,#4012,#4013,#4014,#4015,#4016,#4017,#4018,
    #4019,#4020,#4021,#4022),.UNSPECIFIED.,.F.,.F.,(8,6,6,8),(0.,
    0.250816866402,0.496022881713,1.),.UNSPECIFIED.);
#4003 = CARTESIAN_POINT('',(-0.409062786189,-3.2000006));
#4004 = CARTESIAN_POINT('',(-0.414088139941,-3.013616576982));
#4005 = CARTESIAN_POINT('',(-0.419665456605,-2.833021661134));
#4006 = CARTESIAN_POINT('',(-0.425808044094,-2.659568605984));
#4007 = CARTESIAN_POINT('',(-0.432527645378,-2.494816015424));
#4008 = CARTESIAN_POINT('',(-0.439832707692,-2.340569070179));
#4009 = CARTESIAN_POINT('',(-0.447726543166,-2.198923805858));
#4010 = CARTESIAN_POINT('',(-0.464494544347,-1.948538358894));
#4011 = CARTESIAN_POINT('',(-0.473390923924,-1.838414699702));
#4012 = CARTESIAN_POINT('',(-0.482814919034,-1.74583457434));
#4013 = CARTESIAN_POINT('',(-0.49266660078,-1.673878305326));
#4014 = CARTESIAN_POINT('',(-0.502831278236,-1.624799319457));
#4015 = CARTESIAN_POINT('',(-0.513184826373,-1.6));
#4016 = CARTESIAN_POINT('',(-0.545002786075,-1.6));
#4017 = CARTESIAN_POINT('',(-0.565523906303,-1.70475922555));
#4018 = CARTESIAN_POINT('',(-0.584509279555,-1.898723543784));
#4019 = CARTESIAN_POINT('',(-0.601496103625,-2.164928332523));
#4020 = CARTESIAN_POINT('',(-0.61615506743,-2.484485887909));
#4021 = CARTESIAN_POINT('',(-0.628343648723,-2.836860464397));
#4022 = CARTESIAN_POINT('',(-0.638134765008,-3.2000006));
#4023 = ( GEOMETRIC_REPRESENTATION_CONTEXT(2) 
PARAMETRIC_REPRESENTATION_CONTEXT() REPRESENTATION_CONTEXT('2D SPACE',''
  ) );
#4024 = ORIENTED_EDGE('',*,*,#4025,.F.);
#4025 = EDGE_CURVE('',#4026,#3945,#4028,.T.);
#4026 = VERTEX_POINT('',#4027);
#4027 = CARTESIAN_POINT('',(28.445585087447,12.81751493203,3.));
#4028 = SURFACE_CURVE('',#4029,(#4033,#4039),.PCURVE_S1.);
#4029 = LINE('',#4030,#4031);
#4030 = CARTESIAN_POINT('',(1.5612494996,-2.704163456598,3.));
#4031 = VECTOR('',#4032,1.);
#4032 = DIRECTION('',(-0.866025403784,-0.5,-0.));
#4033 = PCURVE('',#1475,#4034);
#4034 = DEFINITIONAL_REPRESENTATION('',(#4035),#4038);
#4035 = B_SPLINE_CURVE_WITH_KNOTS('',1,(#4036,#4037),.UNSPECIFIED.,.F.,
  .F.,(2,2),(-41.42921251918,6.000000002715E-07),
  .PIECEWISE_BEZIER_KNOTS.);
#4036 = CARTESIAN_POINT('',(-3.816724186527,-41.42921251918));
#4037 = CARTESIAN_POINT('',(-3.816724186527,6.000000002715E-07));
#4038 = ( GEOMETRIC_REPRESENTATION_CONTEXT(2) 
PARAMETRIC_REPRESENTATION_CONTEXT() REPRESENTATION_CONTEXT('2D SPACE',''
  ) );
#4039 = PCURVE('',#4040,#4045);
#4040 = PLANE('',#4041);
#4041 = AXIS2_PLACEMENT_3D('',#4042,#4043,#4044);
#4042 = CARTESIAN_POINT('',(2.805005400081E-15,1.273632671113E-15,3.));
#4043 = DIRECTION('',(0.,0.,1.));
#4044 = DIRECTION('',(-1.,-1.224646799147E-16,0.));
#4045 = DEFINITIONAL_REPRESENTATION('',(#4046),#4049);
#4046 = B_SPLINE_CURVE_WITH_KNOTS('',1,(#4047,#4048),.UNSPECIFIED.,.F.,
  .F.,(2,2),(-41.42921251918,6.000000002715E-07),
  .PIECEWISE_BEZIER_KNOTS.);
#4047 = CARTESIAN_POINT('',(-37.44,-18.01044280299));
#4048 = CARTESIAN_POINT('',(-1.561248979984,2.704163756598));
#4049 = ( GEOMETRIC_REPRESENTATION_CONTEXT(2) 
PARAMETRIC_REPRESENTATION_CONTEXT() REPRESENTATION_CONTEXT('2D SPACE',''
  ) );
#4050 = ORIENTED_EDGE('',*,*,#4051,.F.);
#4051 = EDGE_CURVE('',#4052,#4026,#4054,.T.);
#4052 = VERTEX_POINT('',#4053);
#4053 = CARTESIAN_POINT('',(24.797014759111,18.935365299789,5.5));
#4054 = SURFACE_CURVE('',#4055,(#4093,#4134),.PCURVE_S1.);
#4055 = B_SPLINE_CURVE_WITH_KNOTS('',8,(#4056,#4057,#4058,#4059,#4060,
    #4061,#4062,#4063,#4064,#4065,#4066,#4067,#4068,#4069,#4070,#4071,
    #4072,#4073,#4074,#4075,#4076,#4077,#4078,#4079,#4080,#4081,#4082,
    #4083,#4084,#4085,#4086,#4087,#4088,#4089,#4090,#4091,#4092),
  .UNSPECIFIED.,.F.,.F.,(9,7,7,7,7,9),(0.,0.275528187129,0.482363209134,
    0.703813444943,0.948250439406,1.),.UNSPECIFIED.);
#4056 = CARTESIAN_POINT('',(24.797014759111,18.935365299789,5.5));
#4057 = CARTESIAN_POINT('',(24.797014759111,18.935365299789,
    5.958770203771));
#4058 = CARTESIAN_POINT('',(24.833814759732,18.887173903163,
    6.416191394905));
#4059 = CARTESIAN_POINT('',(24.907031356026,18.791289653003,
    6.868764501645));
#4060 = CARTESIAN_POINT('',(25.017253153734,18.645868251816,
    7.312443032411));
#4061 = CARTESIAN_POINT('',(25.165480041777,18.447445047535,
    7.741210995604));
#4062 = CARTESIAN_POINT('',(25.352572986255,18.191332439818,
    8.146178435446));
#4063 = CARTESIAN_POINT('',(25.578309671352,17.872003239882,
    8.514391572619));
#4064 = CARTESIAN_POINT('',(26.036841049757,17.194359458042,
    9.059707138917));
#4065 = CARTESIAN_POINT('',(26.261280818626,16.854624286861,
    9.270412213842));
#4066 = CARTESIAN_POINT('',(26.506079282148,16.472235894359,
    9.434448427041));
#4067 = CARTESIAN_POINT('',(26.761199102495,16.057722123028,
    9.535785778795));
#4068 = CARTESIAN_POINT('',(27.015365708353,15.625416371883,
    9.565737827098));
#4069 = CARTESIAN_POINT('',(27.258829454406,15.191810945453,
    9.523014490987));
#4070 = CARTESIAN_POINT('',(27.483972386496,14.773710150196,
    9.413942696998));
#4071 = CARTESIAN_POINT('',(27.901499180515,13.970167358086,
    9.080199002887));
#4072 = CARTESIAN_POINT('',(28.08769439571,13.594412154424,
    8.850100839884));
#4073 = CARTESIAN_POINT('',(28.24581856328,13.261636899022,
    8.577178633714));
#4074 = CARTESIAN_POINT('',(28.378479992022,12.972676091222,
    8.272586991224));
#4075 = CARTESIAN_POINT('',(28.488200925344,12.727034091493,
    7.945047035557));
#4076 = CARTESIAN_POINT('',(28.577232731357,12.523487585817,
    7.601314756382));
#4077 = CARTESIAN_POINT('',(28.647440580031,12.360511677894,
    7.246504333183));
#4078 = CARTESIAN_POINT('',(28.758451122622,12.100146384643,
    6.484852409256));
#4079 = CARTESIAN_POINT('',(28.795601501015,12.01095418239,6.0753611826)
  );
#4080 = CARTESIAN_POINT('',(28.813387174533,11.96763743786,
    5.660620877616));
#4081 = CARTESIAN_POINT('',(28.812628440062,11.969401878008,
    5.24412063009));
#4082 = CARTESIAN_POINT('',(28.793388954119,12.016194436716,
    4.829074583461));
#4083 = CARTESIAN_POINT('',(28.75501509638,12.108675347816,
    4.418918708262));
#4084 = CARTESIAN_POINT('',(28.696081797991,12.248143614685,
    4.017842046043));
#4085 = CARTESIAN_POINT('',(28.596942180517,12.476248888937,
    3.550013408012));
#4086 = CARTESIAN_POINT('',(28.578594318815,12.518291010555,
    3.46894378748));
#4087 = CARTESIAN_POINT('',(28.559197641998,12.562538991317,
    3.388597896029));
#4088 = CARTESIAN_POINT('',(28.538728093491,12.609011225798,
    3.30903550281));
#4089 = CARTESIAN_POINT('',(28.517160076366,12.657726277317,
    3.230321594999));
#4090 = CARTESIAN_POINT('',(28.494466393836,12.708702824305,
    3.152526400358));
#4091 = CARTESIAN_POINT('',(28.470618189753,12.76195960668,
    3.075725409808));
#4092 = CARTESIAN_POINT('',(28.445584889101,12.817515372215,2.9999994));
#4093 = PCURVE('',#1475,#4094);
#4094 = DEFINITIONAL_REPRESENTATION('',(#4095),#4133);
#4095 = B_SPLINE_CURVE_WITH_KNOTS('',8,(#4096,#4097,#4098,#4099,#4100,
    #4101,#4102,#4103,#4104,#4105,#4106,#4107,#4108,#4109,#4110,#4111,
    #4112,#4113,#4114,#4115,#4116,#4117,#4118,#4119,#4120,#4121,#4122,
    #4123,#4124,#4125,#4126,#4127,#4128,#4129,#4130,#4131,#4132),
  .UNSPECIFIED.,.F.,.F.,(9,7,7,7,7,9),(0.,0.275528187129,0.482363209134,
    0.703813444943,0.948250439406,1.),.UNSPECIFIED.);
#4096 = CARTESIAN_POINT('',(0.,-30.9425273693));
#4097 = CARTESIAN_POINT('',(-0.114692550943,-30.9425273693));
#4098 = CARTESIAN_POINT('',(-0.229048355592,-30.95030140638));
#4099 = CARTESIAN_POINT('',(-0.344487793691,-30.96576671367));
#4100 = CARTESIAN_POINT('',(-0.462255388349,-30.98851088994));
#4101 = CARTESIAN_POINT('',(-0.583502680762,-31.01766753837));
#4102 = CARTESIAN_POINT('',(-0.709492988325,-31.0516384773));
#4103 = CARTESIAN_POINT('',(-0.841582312871,-31.08746758119));
#4104 = CARTESIAN_POINT('',(-1.086967834758,-31.1457455124));
#4105 = CARTESIAN_POINT('',(-1.200719183512,-31.17024846827));
#4106 = CARTESIAN_POINT('',(-1.319554257746,-31.19105596024));
#4107 = CARTESIAN_POINT('',(-1.441309908067,-31.20473932));
#4108 = CARTESIAN_POINT('',(-1.564312736737,-31.2087011819));
#4109 = CARTESIAN_POINT('',(-1.687039055899,-31.20274425767));
#4110 = CARTESIAN_POINT('',(-1.807807261167,-31.18867335871));
#4111 = CARTESIAN_POINT('',(-2.04886999362,-31.14849077304));
#4112 = CARTESIAN_POINT('',(-2.1669412666,-31.12186295763));
#4113 = CARTESIAN_POINT('',(-2.279645411918,-31.09241487599));
#4114 = CARTESIAN_POINT('',(-2.387803717539,-31.06282263949));
#4115 = CARTESIAN_POINT('',(-2.492127284417,-31.0350227552));
#4116 = CARTESIAN_POINT('',(-2.593221094411,-31.01035330812));
#4117 = CARTESIAN_POINT('',(-2.691691659492,-30.98966713465));
#4118 = CARTESIAN_POINT('',(-2.894649173265,-30.955622438));
#4119 = CARTESIAN_POINT('',(-2.998985472766,-30.94319950832));
#4120 = CARTESIAN_POINT('',(-3.102117258857,-30.93694398115));
#4121 = CARTESIAN_POINT('',(-3.204850303645,-30.9371691179));
#4122 = CARTESIAN_POINT('',(-3.307951625824,-30.94390351367));
#4123 = CARTESIAN_POINT('',(-3.41219259719,-30.95691123357));
#4124 = CARTESIAN_POINT('',(-3.51839719161,-30.97560763347));
#4125 = CARTESIAN_POINT('',(-3.65066806534,-31.00380284335));
#4126 = CARTESIAN_POINT('',(-3.673911575893,-31.00893418982));
#4127 = CARTESIAN_POINT('',(-3.697298212041,-31.01426016532));
#4128 = CARTESIAN_POINT('',(-3.720837737107,-31.01976913355));
#4129 = CARTESIAN_POINT('',(-3.744539936527,-31.02544820857));
#4130 = CARTESIAN_POINT('',(-3.768414789837,-31.03128317649));
#4131 = CARTESIAN_POINT('',(-3.792472642658,-31.03725841711));
#4132 = CARTESIAN_POINT('',(-3.816724378681,-31.04335682557));
#4133 = ( GEOMETRIC_REPRESENTATION_CONTEXT(2) 
PARAMETRIC_REPRESENTATION_CONTEXT() REPRESENTATION_CONTEXT('2D SPACE',''
  ) );
#4134 = PCURVE('',#4135,#4140);
#4135 = CYLINDRICAL_SURFACE('',#4136,31.2);
#4136 = AXIS2_PLACEMENT_3D('',#4137,#4138,#4139);
#4137 = CARTESIAN_POINT('',(0.,0.,3.));
#4138 = DIRECTION('',(0.,0.,-1.));
#4139 = DIRECTION('',(-1.,-1.224646799147E-16,0.));
#4140 = DEFINITIONAL_REPRESENTATION('',(#4141),#4179);
#4141 = B_SPLINE_CURVE_WITH_KNOTS('',8,(#4142,#4143,#4144,#4145,#4146,
    #4147,#4148,#4149,#4150,#4151,#4152,#4153,#4154,#4155,#4156,#4157,
    #4158,#4159,#4160,#4161,#4162,#4163,#4164,#4165,#4166,#4167,#4168,
    #4169,#4170,#4171,#4172,#4173,#4174,#4175,#4176,#4177,#4178),
  .UNSPECIFIED.,.F.,.F.,(9,7,7,7,7,9),(0.,0.275528187129,0.482363209134,
    0.703813444943,0.948250439406,1.),.UNSPECIFIED.);
#4142 = CARTESIAN_POINT('',(-3.79375038923,-2.5));
#4143 = CARTESIAN_POINT('',(-3.79375038923,-2.958770203771));
#4144 = CARTESIAN_POINT('',(-3.791806949316,-3.416191394906));
#4145 = CARTESIAN_POINT('',(-3.787940210731,-3.868764501643));
#4146 = CARTESIAN_POINT('',(-3.782091804145,-4.312443032414));
#4147 = CARTESIAN_POINT('',(-3.774153872369,-4.741210995603));
#4148 = CARTESIAN_POINT('',(-3.763989594884,-5.146178435447));
#4149 = CARTESIAN_POINT('',(-3.751458235683,-5.514391572619));
#4150 = CARTESIAN_POINT('',(-3.725233859472,-6.059707138917));
#4151 = CARTESIAN_POINT('',(-3.712184119185,-6.270412213841));
#4152 = CARTESIAN_POINT('',(-3.697634234881,-6.434448427042));
#4153 = CARTESIAN_POINT('',(-3.682039101975,-6.535785778793));
#4154 = CARTESIAN_POINT('',(-3.665972340082,-6.565737827099));
#4155 = CARTESIAN_POINT('',(-3.650037969362,-6.523014490987));
#4156 = CARTESIAN_POINT('',(-3.634819574052,-6.413942696998));
#4157 = CARTESIAN_POINT('',(-3.605795733092,-6.080199002887));
#4158 = CARTESIAN_POINT('',(-3.592357256666,-5.850100839884));
#4159 = CARTESIAN_POINT('',(-3.580550852087,-5.577178633714));
#4160 = CARTESIAN_POINT('',(-3.57036112273,-5.272586991225));
#4161 = CARTESIAN_POINT('',(-3.561738857023,-4.945047035556));
#4162 = CARTESIAN_POINT('',(-3.554618322301,-4.601314756382));
#4163 = CARTESIAN_POINT('',(-3.548930701999,-4.246504333183));
#4164 = CARTESIAN_POINT('',(-3.539858806067,-3.484852409256));
#4165 = CARTESIAN_POINT('',(-3.536762119415,-3.075361182601));
#4166 = CARTESIAN_POINT('',(-3.535261273425,-2.660620877615));
#4167 = CARTESIAN_POINT('',(-3.535322797536,-2.24412063009));
#4168 = CARTESIAN_POINT('',(-3.536944428737,-1.829074583462));
#4169 = CARTESIAN_POINT('',(-3.540153582361,-1.418918708262));
#4170 = CARTESIAN_POINT('',(-3.545006168609,-1.017842046043));
#4171 = CARTESIAN_POINT('',(-3.552977901721,-0.550013408012));
#4172 = CARTESIAN_POINT('',(-3.55444813674,-0.46894378748));
#4173 = CARTESIAN_POINT('',(-3.555996616522,-0.388597896029));
#4174 = CARTESIAN_POINT('',(-3.557624195087,-0.30903550281));
#4175 = CARTESIAN_POINT('',(-3.559331753556,-0.230321594999));
#4176 = CARTESIAN_POINT('',(-3.56112020003,-0.152526400358));
#4177 = CARTESIAN_POINT('',(-3.562990469461,-7.572540980807E-02));
#4178 = CARTESIAN_POINT('',(-3.564943523538,5.999999999062E-07));
#4179 = ( GEOMETRIC_REPRESENTATION_CONTEXT(2) 
PARAMETRIC_REPRESENTATION_CONTEXT() REPRESENTATION_CONTEXT('2D SPACE',''
  ) );
#4180 = ORIENTED_EDGE('',*,*,#4181,.T.);
#4181 = EDGE_CURVE('',#4052,#1455,#4182,.T.);
#4182 = SEAM_CURVE('',#4183,(#4187,#4194),.PCURVE_S1.);
#4183 = LINE('',#4184,#4185);
#4184 = CARTESIAN_POINT('',(-2.,3.464101615138,5.5));
#4185 = VECTOR('',#4186,1.);
#4186 = DIRECTION('',(0.866025403784,0.5,0.));
#4187 = PCURVE('',#1475,#4188);
#4188 = DEFINITIONAL_REPRESENTATION('',(#4189),#4193);
#4189 = LINE('',#4190,#4191);
#4190 = CARTESIAN_POINT('',(-6.28318530718,0.));
#4191 = VECTOR('',#4192,1.);
#4192 = DIRECTION('',(-0.,-1.));
#4193 = ( GEOMETRIC_REPRESENTATION_CONTEXT(2) 
PARAMETRIC_REPRESENTATION_CONTEXT() REPRESENTATION_CONTEXT('2D SPACE',''
  ) );
#4194 = PCURVE('',#1475,#4195);
#4195 = DEFINITIONAL_REPRESENTATION('',(#4196),#4200);
#4196 = LINE('',#4197,#4198);
#4197 = CARTESIAN_POINT('',(-0.,0.));
#4198 = VECTOR('',#4199,1.);
#4199 = DIRECTION('',(-0.,-1.));
#4200 = ( GEOMETRIC_REPRESENTATION_CONTEXT(2) 
PARAMETRIC_REPRESENTATION_CONTEXT() REPRESENTATION_CONTEXT('2D SPACE',''
  ) );
#4201 = ORIENTED_EDGE('',*,*,#1454,.F.);
#4202 = ORIENTED_EDGE('',*,*,#4181,.F.);
#4203 = ORIENTED_EDGE('',*,*,#4204,.F.);
#4204 = EDGE_CURVE('',#4205,#4052,#4207,.T.);
#4205 = VERTEX_POINT('',#4206);
#4206 = CARTESIAN_POINT('',(25.323086088248,18.225841845226,3.));
#4207 = SURFACE_CURVE('',#4208,(#4217,#4229),.PCURVE_S1.);
#4208 = B_SPLINE_CURVE_WITH_KNOTS('',7,(#4209,#4210,#4211,#4212,#4213,
    #4214,#4215,#4216),.UNSPECIFIED.,.F.,.F.,(8,8),(0.,1.),
  .PIECEWISE_BEZIER_KNOTS.);
#4209 = CARTESIAN_POINT('',(25.323086370286,18.22584145336,2.9999994));
#4210 = CARTESIAN_POINT('',(25.171580944494,18.436343941968,
    3.322307636029));
#4211 = CARTESIAN_POINT('',(25.045873693874,18.606696492312,
    3.664629235049));
#4212 = CARTESIAN_POINT('',(24.945944640797,18.739775562112,
    4.020269709501));
#4213 = CARTESIAN_POINT('',(24.871408962115,18.83794167866,
    4.384650512178));
#4214 = CARTESIAN_POINT('',(24.821840796376,18.902854062192,
    4.754456317415));
#4215 = CARTESIAN_POINT('',(24.797014759111,18.935365299789,
    5.127045683791));
#4216 = CARTESIAN_POINT('',(24.797014759111,18.935365299789,5.5));
#4217 = PCURVE('',#1475,#4218);
#4218 = DEFINITIONAL_REPRESENTATION('',(#4219),#4228);
#4219 = B_SPLINE_CURVE_WITH_KNOTS('',7,(#4220,#4221,#4222,#4223,#4224,
    #4225,#4226,#4227),.UNSPECIFIED.,.F.,.F.,(8,8),(0.,1.),
  .PIECEWISE_BEZIER_KNOTS.);
#4220 = CARTESIAN_POINT('',(-5.608053582089,-31.04335682557));
#4221 = CARTESIAN_POINT('',(-5.711274843552,-31.01740052233));
#4222 = CARTESIAN_POINT('',(-5.810953487387,-30.99371112502));
#4223 = CARTESIAN_POINT('',(-5.907969414671,-30.97370956138));
#4224 = CARTESIAN_POINT('',(-6.003023552345,-30.95824282843));
#4225 = CARTESIAN_POINT('',(-6.096799514088,-30.94777172945));
#4226 = CARTESIAN_POINT('',(-6.189946728127,-30.9425273693));
#4227 = CARTESIAN_POINT('',(-6.28318530718,-30.9425273693));
#4228 = ( GEOMETRIC_REPRESENTATION_CONTEXT(2) 
PARAMETRIC_REPRESENTATION_CONTEXT() REPRESENTATION_CONTEXT('2D SPACE',''
  ) );
#4229 = PCURVE('',#4135,#4230);
#4230 = DEFINITIONAL_REPRESENTATION('',(#4231),#4240);
#4231 = B_SPLINE_CURVE_WITH_KNOTS('',7,(#4232,#4233,#4234,#4235,#4236,
    #4237,#4238,#4239),.UNSPECIFIED.,.F.,.F.,(8,8),(0.,1.),
  .PIECEWISE_BEZIER_KNOTS.);
#4232 = CARTESIAN_POINT('',(-3.765439334838,5.999999999062E-07));
#4233 = CARTESIAN_POINT('',(-3.773752005953,-0.322307636029));
#4234 = CARTESIAN_POINT('',(-3.780537193703,-0.664629235049));
#4235 = CARTESIAN_POINT('',(-3.785871035583,-1.020269709501));
#4236 = CARTESIAN_POINT('',(-3.789821540616,-1.384650512178));
#4237 = CARTESIAN_POINT('',(-3.792439295294,-1.754456317415));
#4238 = CARTESIAN_POINT('',(-3.79375038923,-2.127045683791));
#4239 = CARTESIAN_POINT('',(-3.79375038923,-2.5));
#4240 = ( GEOMETRIC_REPRESENTATION_CONTEXT(2) 
PARAMETRIC_REPRESENTATION_CONTEXT() REPRESENTATION_CONTEXT('2D SPACE',''
  ) );
#4241 = ORIENTED_EDGE('',*,*,#4242,.T.);
#4242 = EDGE_CURVE('',#4205,#3947,#4243,.T.);
#4243 = SURFACE_CURVE('',#4244,(#4248,#4254),.PCURVE_S1.);
#4244 = LINE('',#4245,#4246);
#4245 = CARTESIAN_POINT('',(-1.5612494996,2.704163456598,3.));
#4246 = VECTOR('',#4247,1.);
#4247 = DIRECTION('',(-0.866025403784,-0.5,-0.));
#4248 = PCURVE('',#1475,#4249);
#4249 = DEFINITIONAL_REPRESENTATION('',(#4250),#4253);
#4250 = B_SPLINE_CURVE_WITH_KNOTS('',1,(#4251,#4252),.UNSPECIFIED.,.F.,
  .F.,(2,2),(-45.03476379465,6.00000000331E-07),
  .PIECEWISE_BEZIER_KNOTS.);
#4251 = CARTESIAN_POINT('',(-5.608053774243,-45.03476379465));
#4252 = CARTESIAN_POINT('',(-5.608053774243,6.00000000331E-07));
#4253 = ( GEOMETRIC_REPRESENTATION_CONTEXT(2) 
PARAMETRIC_REPRESENTATION_CONTEXT() REPRESENTATION_CONTEXT('2D SPACE',''
  ) );
#4254 = PCURVE('',#4255,#4260);
#4255 = PLANE('',#4256);
#4256 = AXIS2_PLACEMENT_3D('',#4257,#4258,#4259);
#4257 = CARTESIAN_POINT('',(2.805005400081E-15,1.273632671113E-15,3.));
#4258 = DIRECTION('',(0.,0.,1.));
#4259 = DIRECTION('',(-1.,-1.224646799147E-16,0.));
#4260 = DEFINITIONAL_REPRESENTATION('',(#4261),#4264);
#4261 = B_SPLINE_CURVE_WITH_KNOTS('',1,(#4262,#4263),.UNSPECIFIED.,.F.,
  .F.,(2,2),(-45.03476379465,6.00000000331E-07),
  .PIECEWISE_BEZIER_KNOTS.);
#4262 = CARTESIAN_POINT('',(-37.44,-25.22154535392));
#4263 = CARTESIAN_POINT('',(1.561250019215,-2.704163156598));
#4264 = ( GEOMETRIC_REPRESENTATION_CONTEXT(2) 
PARAMETRIC_REPRESENTATION_CONTEXT() REPRESENTATION_CONTEXT('2D SPACE',''
  ) );
#4265 = ADVANCED_FACE('',(#4266),#1635,.F.);
#4266 = FACE_BOUND('',#4267,.T.);
#4267 = EDGE_LOOP('',(#4268,#4291,#4329,#4355,#4429,#4450,#4573,#4574));
#4268 = ORIENTED_EDGE('',*,*,#4269,.F.);
#4269 = EDGE_CURVE('',#4270,#1615,#4272,.T.);
#4270 = VERTEX_POINT('',#4271);
#4271 = CARTESIAN_POINT('',(-28.79701475911,12.007162069513,5.5));
#4272 = SEAM_CURVE('',#4273,(#4277,#4284),.PCURVE_S1.);
#4273 = LINE('',#4274,#4275);
#4274 = CARTESIAN_POINT('',(-2.,-3.464101615138,5.5));
#4275 = VECTOR('',#4276,1.);
#4276 = DIRECTION('',(-0.866025403784,0.5,0.));
#4277 = PCURVE('',#1635,#4278);
#4278 = DEFINITIONAL_REPRESENTATION('',(#4279),#4283);
#4279 = LINE('',#4280,#4281);
#4280 = CARTESIAN_POINT('',(-6.28318530718,0.));
#4281 = VECTOR('',#4282,1.);
#4282 = DIRECTION('',(-0.,-1.));
#4283 = ( GEOMETRIC_REPRESENTATION_CONTEXT(2) 
PARAMETRIC_REPRESENTATION_CONTEXT() REPRESENTATION_CONTEXT('2D SPACE',''
  ) );
#4284 = PCURVE('',#1635,#4285);
#4285 = DEFINITIONAL_REPRESENTATION('',(#4286),#4290);
#4286 = LINE('',#4287,#4288);
#4287 = CARTESIAN_POINT('',(-0.,0.));
#4288 = VECTOR('',#4289,1.);
#4289 = DIRECTION('',(-0.,-1.));
#4290 = ( GEOMETRIC_REPRESENTATION_CONTEXT(2) 
PARAMETRIC_REPRESENTATION_CONTEXT() REPRESENTATION_CONTEXT('2D SPACE',''
  ) );
#4291 = ORIENTED_EDGE('',*,*,#4292,.F.);
#4292 = EDGE_CURVE('',#4293,#4270,#4295,.T.);
#4293 = VERTEX_POINT('',#4294);
#4294 = CARTESIAN_POINT('',(-28.44558508744,12.81751493203,3.));
#4295 = SURFACE_CURVE('',#4296,(#4305,#4317),.PCURVE_S1.);
#4296 = B_SPLINE_CURVE_WITH_KNOTS('',7,(#4297,#4298,#4299,#4300,#4301,
    #4302,#4303,#4304),.UNSPECIFIED.,.F.,.F.,(8,8),(0.,1.),
  .PIECEWISE_BEZIER_KNOTS.);
#4297 = CARTESIAN_POINT('',(-28.4455848891,12.817515372215,2.9999994));
#4298 = CARTESIAN_POINT('',(-28.55213267889,12.581056580363,
    3.322307636029));
#4299 = CARTESIAN_POINT('',(-28.63680868978,12.387014632715,
    3.664629235048));
#4300 = CARTESIAN_POINT('',(-28.7020940184,12.233933999274,
    4.020269709502));
#4301 = CARTESIAN_POINT('',(-28.74984052978,12.120301149774,
    4.384650512177));
#4302 = CARTESIAN_POINT('',(-28.78127222007,12.044917667258,
    4.754456317416));
#4303 = CARTESIAN_POINT('',(-28.79701475911,12.007162069513,
    5.127045683791));
#4304 = CARTESIAN_POINT('',(-28.79701475911,12.007162069513,5.5));
#4305 = PCURVE('',#1635,#4306);
#4306 = DEFINITIONAL_REPRESENTATION('',(#4307),#4316);
#4307 = B_SPLINE_CURVE_WITH_KNOTS('',7,(#4308,#4309,#4310,#4311,#4312,
    #4313,#4314,#4315),.UNSPECIFIED.,.F.,.F.,(8,8),(0.,1.),
  .PIECEWISE_BEZIER_KNOTS.);
#4308 = CARTESIAN_POINT('',(-5.608053582089,-31.04335682557));
#4309 = CARTESIAN_POINT('',(-5.711274843552,-31.01740052233));
#4310 = CARTESIAN_POINT('',(-5.810953487387,-30.99371112502));
#4311 = CARTESIAN_POINT('',(-5.907969414671,-30.97370956138));
#4312 = CARTESIAN_POINT('',(-6.003023552345,-30.95824282843));
#4313 = CARTESIAN_POINT('',(-6.096799514088,-30.94777172945));
#4314 = CARTESIAN_POINT('',(-6.189946728127,-30.9425273693));
#4315 = CARTESIAN_POINT('',(-6.28318530718,-30.9425273693));
#4316 = ( GEOMETRIC_REPRESENTATION_CONTEXT(2) 
PARAMETRIC_REPRESENTATION_CONTEXT() REPRESENTATION_CONTEXT('2D SPACE',''
  ) );
#4317 = PCURVE('',#4135,#4318);
#4318 = DEFINITIONAL_REPRESENTATION('',(#4319),#4328);
#4319 = B_SPLINE_CURVE_WITH_KNOTS('',7,(#4320,#4321,#4322,#4323,#4324,
    #4325,#4326,#4327),.UNSPECIFIED.,.F.,.F.,(8,8),(0.,1.),
  .PIECEWISE_BEZIER_KNOTS.);
#4320 = CARTESIAN_POINT('',(-5.859834437232,5.999999999062E-07));
#4321 = CARTESIAN_POINT('',(-5.868147108346,-0.322307636029));
#4322 = CARTESIAN_POINT('',(-5.874932296096,-0.664629235048));
#4323 = CARTESIAN_POINT('',(-5.880266137976,-1.020269709502));
#4324 = CARTESIAN_POINT('',(-5.884216643009,-1.384650512177));
#4325 = CARTESIAN_POINT('',(-5.886834397687,-1.754456317416));
#4326 = CARTESIAN_POINT('',(-5.888145491623,-2.127045683791));
#4327 = CARTESIAN_POINT('',(-5.888145491623,-2.5));
#4328 = ( GEOMETRIC_REPRESENTATION_CONTEXT(2) 
PARAMETRIC_REPRESENTATION_CONTEXT() REPRESENTATION_CONTEXT('2D SPACE',''
  ) );
#4329 = ORIENTED_EDGE('',*,*,#4330,.T.);
#4330 = EDGE_CURVE('',#4293,#4331,#4333,.T.);
#4331 = VERTEX_POINT('',#4332);
#4332 = CARTESIAN_POINT('',(-25.6587078718,11.208510621379,3.));
#4333 = SURFACE_CURVE('',#4334,(#4338,#4344),.PCURVE_S1.);
#4334 = LINE('',#4335,#4336);
#4335 = CARTESIAN_POINT('',(-1.5612494996,-2.704163456598,3.));
#4336 = VECTOR('',#4337,1.);
#4337 = DIRECTION('',(0.866025403784,-0.5,-0.));
#4338 = PCURVE('',#1635,#4339);
#4339 = DEFINITIONAL_REPRESENTATION('',(#4340),#4343);
#4340 = B_SPLINE_CURVE_WITH_KNOTS('',1,(#4341,#4342),.UNSPECIFIED.,.F.,
  .F.,(2,2),(-41.42921251918,6.00000000212E-07),
  .PIECEWISE_BEZIER_KNOTS.);
#4341 = CARTESIAN_POINT('',(-5.608053774243,-41.42921251918));
#4342 = CARTESIAN_POINT('',(-5.608053774243,6.00000000212E-07));
#4343 = ( GEOMETRIC_REPRESENTATION_CONTEXT(2) 
PARAMETRIC_REPRESENTATION_CONTEXT() REPRESENTATION_CONTEXT('2D SPACE',''
  ) );
#4344 = PCURVE('',#4345,#4350);
#4345 = PLANE('',#4346);
#4346 = AXIS2_PLACEMENT_3D('',#4347,#4348,#4349);
#4347 = CARTESIAN_POINT('',(2.805005400081E-15,1.273632671113E-15,3.));
#4348 = DIRECTION('',(0.,0.,1.));
#4349 = DIRECTION('',(-1.,-1.224646799147E-16,0.));
#4350 = DEFINITIONAL_REPRESENTATION('',(#4351),#4354);
#4351 = B_SPLINE_CURVE_WITH_KNOTS('',1,(#4352,#4353),.UNSPECIFIED.,.F.,
  .F.,(2,2),(-41.42921251918,6.00000000212E-07),
  .PIECEWISE_BEZIER_KNOTS.);
#4352 = CARTESIAN_POINT('',(37.44,-18.01044280299));
#4353 = CARTESIAN_POINT('',(1.561248979984,2.704163756598));
#4354 = ( GEOMETRIC_REPRESENTATION_CONTEXT(2) 
PARAMETRIC_REPRESENTATION_CONTEXT() REPRESENTATION_CONTEXT('2D SPACE',''
  ) );
#4355 = ORIENTED_EDGE('',*,*,#4356,.F.);
#4356 = EDGE_CURVE('',#4357,#4331,#4359,.T.);
#4357 = VERTEX_POINT('',#4358);
#4358 = CARTESIAN_POINT('',(-22.5362088726,16.616837534575,3.));
#4359 = SURFACE_CURVE('',#4360,(#4381,#4405),.PCURVE_S1.);
#4360 = B_SPLINE_CURVE_WITH_KNOTS('',7,(#4361,#4362,#4363,#4364,#4365,
    #4366,#4367,#4368,#4369,#4370,#4371,#4372,#4373,#4374,#4375,#4376,
    #4377,#4378,#4379,#4380),.UNSPECIFIED.,.F.,.F.,(8,6,6,8),(0.,
    0.250816865495,0.496022879652,1.),.UNSPECIFIED.);
#4361 = CARTESIAN_POINT('',(-22.48983161003,16.679552576509,3.1000006));
#4362 = CARTESIAN_POINT('',(-22.57365226215,16.566533216837,
    2.913616576982));
#4363 = CARTESIAN_POINT('',(-22.66601684949,16.440608900997,
    2.733021661134));
#4364 = CARTESIAN_POINT('',(-22.76688152786,16.301290512477,
    2.559568605984));
#4365 = CARTESIAN_POINT('',(-22.87612045099,16.148089528653,
    2.394816015424));
#4366 = CARTESIAN_POINT('',(-22.99348814652,15.980555521489,
    2.240569070179));
#4367 = CARTESIAN_POINT('',(-23.11859151169,15.7983255067,2.098923805858
    ));
#4368 = CARTESIAN_POINT('',(-23.38019220242,15.408454867337,
    1.848538359028));
#4369 = CARTESIAN_POINT('',(-23.51712212289,15.200355528448,
    1.738414699599));
#4370 = CARTESIAN_POINT('',(-23.65991501154,14.978430534109,
    1.645834574291));
#4371 = CARTESIAN_POINT('',(-23.8065458154,14.744743349491,
    1.573878305368));
#4372 = CARTESIAN_POINT('',(-23.95489854948,14.501813792577,
    1.524799319462));
#4373 = CARTESIAN_POINT('',(-24.1029160168,14.252524848331,1.5));
#4374 = CARTESIAN_POINT('',(-24.54836745528,13.480980324583,1.5));
#4375 = CARTESIAN_POINT('',(-24.82270184049,12.975886770897,
    1.604759221365));
#4376 = CARTESIAN_POINT('',(-25.06427997978,12.502049968504,
    1.798723555962));
#4377 = CARTESIAN_POINT('',(-25.27065411629,12.073356298584,
    2.064928316903));
#4378 = CARTESIAN_POINT('',(-25.44217067214,11.700398291667,
    2.384485899133));
#4379 = CARTESIAN_POINT('',(-25.58078850234,11.388521348757,
    2.736860460293));
#4380 = CARTESIAN_POINT('',(-25.68983206002,11.136989212866,3.1000006));
#4381 = PCURVE('',#1635,#4382);
#4382 = DEFINITIONAL_REPRESENTATION('',(#4383),#4404);
#4383 = B_SPLINE_CURVE_WITH_KNOTS('',7,(#4384,#4385,#4386,#4387,#4388,
    #4389,#4390,#4391,#4392,#4393,#4394,#4395,#4396,#4397,#4398,#4399,
    #4400,#4401,#4402,#4403),.UNSPECIFIED.,.F.,.F.,(8,6,6,8),(0.,
    0.250816865495,0.496022879652,1.),.UNSPECIFIED.);
#4384 = CARTESIAN_POINT('',(-3.785093574883,-27.81654178937));
#4385 = CARTESIAN_POINT('',(-3.843338573885,-27.83262292364));
#4386 = CARTESIAN_POINT('',(-3.902743033359,-27.84965084476));
#4387 = CARTESIAN_POINT('',(-3.963418947433,-27.86734302432));
#4388 = CARTESIAN_POINT('',(-4.02549010947,-27.88534621491));
#4389 = CARTESIAN_POINT('',(-4.089089976797,-27.90322261724));
#4390 = CARTESIAN_POINT('',(-4.154369530212,-27.92045030218));
#4391 = CARTESIAN_POINT('',(-4.287158658386,-27.95206782633));
#4392 = CARTESIAN_POINT('',(-4.354966594231,-27.96660294655));
#4393 = CARTESIAN_POINT('',(-4.424455387174,-27.97930271843));
#4394 = CARTESIAN_POINT('',(-4.495243788237,-27.98944512724));
#4395 = CARTESIAN_POINT('',(-4.567016543136,-27.99645758521));
#4396 = CARTESIAN_POINT('',(-4.639491335804,-28.));
#4397 = CARTESIAN_POINT('',(-4.862217055043,-28.));
#4398 = CARTESIAN_POINT('',(-5.005865336928,-27.98503376988));
#4399 = CARTESIAN_POINT('',(-5.144141577435,-27.95732817431));
#4400 = CARTESIAN_POINT('',(-5.277206395931,-27.92170658425));
#4401 = CARTESIAN_POINT('',(-5.40481806668,-27.88376527532));
#4402 = CARTESIAN_POINT('',(-5.526203108186,-27.84787336624));
#4403 = CARTESIAN_POINT('',(-5.639684385886,-27.81654178937));
#4404 = ( GEOMETRIC_REPRESENTATION_CONTEXT(2) 
PARAMETRIC_REPRESENTATION_CONTEXT() REPRESENTATION_CONTEXT('2D SPACE',''
  ) );
#4405 = PCURVE('',#3996,#4406);
#4406 = DEFINITIONAL_REPRESENTATION('',(#4407),#4428);
#4407 = B_SPLINE_CURVE_WITH_KNOTS('',7,(#4408,#4409,#4410,#4411,#4412,
    #4413,#4414,#4415,#4416,#4417,#4418,#4419,#4420,#4421,#4422,#4423,
    #4424,#4425,#4426,#4427),.UNSPECIFIED.,.F.,.F.,(8,6,6,8),(0.,
    0.250816865495,0.496022879652,1.),.UNSPECIFIED.);
#4408 = CARTESIAN_POINT('',(-2.503457888582,-3.2000006));
#4409 = CARTESIAN_POINT('',(-2.508483242334,-3.013616576982));
#4410 = CARTESIAN_POINT('',(-2.514060558998,-2.833021661134));
#4411 = CARTESIAN_POINT('',(-2.520203146487,-2.659568605984));
#4412 = CARTESIAN_POINT('',(-2.526922747771,-2.494816015424));
#4413 = CARTESIAN_POINT('',(-2.534227810085,-2.340569070179));
#4414 = CARTESIAN_POINT('',(-2.54212164556,-2.198923805858));
#4415 = CARTESIAN_POINT('',(-2.558889646732,-1.948538359028));
#4416 = CARTESIAN_POINT('',(-2.567786026321,-1.838414699599));
#4417 = CARTESIAN_POINT('',(-2.577210021436,-1.745834574291));
#4418 = CARTESIAN_POINT('',(-2.587061703174,-1.673878305368));
#4419 = CARTESIAN_POINT('',(-2.597226380623,-1.624799319462));
#4420 = CARTESIAN_POINT('',(-2.607579928766,-1.6));
#4421 = CARTESIAN_POINT('',(-2.639397888657,-1.6));
#4422 = CARTESIAN_POINT('',(-2.659919007891,-1.704759221365));
#4423 = CARTESIAN_POINT('',(-2.678904383273,-1.898723555962));
#4424 = CARTESIAN_POINT('',(-2.695891204914,-2.164928316903));
#4425 = CARTESIAN_POINT('',(-2.710550170326,-2.484485899133));
#4426 = CARTESIAN_POINT('',(-2.722738751005,-2.836860460293));
#4427 = CARTESIAN_POINT('',(-2.732529867401,-3.2000006));
#4428 = ( GEOMETRIC_REPRESENTATION_CONTEXT(2) 
PARAMETRIC_REPRESENTATION_CONTEXT() REPRESENTATION_CONTEXT('2D SPACE',''
  ) );
#4429 = ORIENTED_EDGE('',*,*,#4430,.F.);
#4430 = EDGE_CURVE('',#4431,#4357,#4433,.T.);
#4431 = VERTEX_POINT('',#4432);
#4432 = CARTESIAN_POINT('',(-25.32308608824,18.225841845226,3.));
#4433 = SURFACE_CURVE('',#4434,(#4438,#4444),.PCURVE_S1.);
#4434 = LINE('',#4435,#4436);
#4435 = CARTESIAN_POINT('',(1.5612494996,2.704163456598,3.));
#4436 = VECTOR('',#4437,1.);
#4437 = DIRECTION('',(0.866025403784,-0.5,-0.));
#4438 = PCURVE('',#1635,#4439);
#4439 = DEFINITIONAL_REPRESENTATION('',(#4440),#4443);
#4440 = B_SPLINE_CURVE_WITH_KNOTS('',1,(#4441,#4442),.UNSPECIFIED.,.F.,
  .F.,(2,2),(-45.03476379465,6.000000002715E-07),
  .PIECEWISE_BEZIER_KNOTS.);
#4441 = CARTESIAN_POINT('',(-3.816724186527,-45.03476379465));
#4442 = CARTESIAN_POINT('',(-3.816724186527,6.000000002715E-07));
#4443 = ( GEOMETRIC_REPRESENTATION_CONTEXT(2) 
PARAMETRIC_REPRESENTATION_CONTEXT() REPRESENTATION_CONTEXT('2D SPACE',''
  ) );
#4444 = PCURVE('',#4255,#4445);
#4445 = DEFINITIONAL_REPRESENTATION('',(#4446),#4449);
#4446 = B_SPLINE_CURVE_WITH_KNOTS('',1,(#4447,#4448),.UNSPECIFIED.,.F.,
  .F.,(2,2),(-45.03476379465,6.000000002715E-07),
  .PIECEWISE_BEZIER_KNOTS.);
#4447 = CARTESIAN_POINT('',(37.44,-25.22154535392));
#4448 = CARTESIAN_POINT('',(-1.561250019215,-2.704163156598));
#4449 = ( GEOMETRIC_REPRESENTATION_CONTEXT(2) 
PARAMETRIC_REPRESENTATION_CONTEXT() REPRESENTATION_CONTEXT('2D SPACE',''
  ) );
#4450 = ORIENTED_EDGE('',*,*,#4451,.F.);
#4451 = EDGE_CURVE('',#4270,#4431,#4452,.T.);
#4452 = SURFACE_CURVE('',#4453,(#4491,#4532),.PCURVE_S1.);
#4453 = B_SPLINE_CURVE_WITH_KNOTS('',8,(#4454,#4455,#4456,#4457,#4458,
    #4459,#4460,#4461,#4462,#4463,#4464,#4465,#4466,#4467,#4468,#4469,
    #4470,#4471,#4472,#4473,#4474,#4475,#4476,#4477,#4478,#4479,#4480,
    #4481,#4482,#4483,#4484,#4485,#4486,#4487,#4488,#4489,#4490),
  .UNSPECIFIED.,.F.,.F.,(9,7,7,7,7,9),(0.,0.275528185523,0.482363207301,
    0.703813443895,0.948250439223,1.),.UNSPECIFIED.);
#4454 = CARTESIAN_POINT('',(-28.79701475911,12.007162069513,5.5));
#4455 = CARTESIAN_POINT('',(-28.79701475911,12.007162069513,
    5.95877020377));
#4456 = CARTESIAN_POINT('',(-28.7736797857,12.063127503223,
    6.416191394907));
#4457 = CARTESIAN_POINT('',(-28.72724988738,12.174477060673,
    6.868764501639));
#4458 = CARTESIAN_POINT('',(-28.65642215855,12.342642638132,
    7.312443032418));
#4459 = CARTESIAN_POINT('',(-28.55869606697,12.570222490842,
    7.741210995599));
#4460 = CARTESIAN_POINT('',(-28.43044251469,12.860306037487,
    8.146178435448));
#4461 = CARTESIAN_POINT('',(-28.26676365793,13.215464341315,
    8.514391572619));
#4462 = CARTESIAN_POINT('',(-27.90917261661,13.951386055861,
    9.059707140025));
#4463 = CARTESIAN_POINT('',(-27.72717321701,14.315624173658,
    9.270412210301));
#4464 = CARTESIAN_POINT('',(-27.51841437285,14.718820084013,
    9.434448431956));
#4465 = CARTESIAN_POINT('',(-27.2869948502,15.147017173042,
    9.535785775966));
#4466 = CARTESIAN_POINT('',(-27.03969036597,15.583284828792,
    9.565737826518));
#4467 = CARTESIAN_POINT('',(-26.78590894053,16.010933303847,
    9.523014492665));
#4468 = CARTESIAN_POINT('',(-26.53639449037,16.414963210229,
    9.41394269625));
#4469 = CARTESIAN_POINT('',(-26.04926941748,17.178323414953,
    9.080199002887));
#4470 = CARTESIAN_POINT('',(-25.8169534731,17.527450803209,
    8.850100839883));
#4471 = CARTESIAN_POINT('',(-25.60782373196,17.830777976972,
    8.577178633718));
#4472 = CARTESIAN_POINT('',(-25.42390704607,18.090146548274,
    8.272586991219));
#4473 = CARTESIAN_POINT('',(-25.26603530073,18.307988663713,
    7.945047035561));
#4474 = CARTESIAN_POINT('',(-25.13427475897,18.486865722308,
    7.60131475638));
#4475 = CARTESIAN_POINT('',(-25.02823740684,18.629155456765,
    7.246504333184));
#4476 = CARTESIAN_POINT('',(-24.85825971992,18.855476053361,
    6.484852409259));
#4477 = CARTESIAN_POINT('',(-24.79959219614,18.932245325941,
    6.075361182596));
#4478 = CARTESIAN_POINT('',(-24.77097163173,18.969306543289,
    5.660620877616));
#4479 = CARTESIAN_POINT('',(-24.77212031449,18.967767239891,
    5.244120630093));
#4480 = CARTESIAN_POINT('',(-24.80302411606,18.927709076959,
    4.82907458346));
#4481 = CARTESIAN_POINT('',(-24.86392800557,18.84823588576,4.41891870826
    ));
#4482 = CARTESIAN_POINT('',(-24.95524441851,18.727464018795,
    4.017842046044));
#4483 = CARTESIAN_POINT('',(-25.10321957201,18.527553954414,
    3.550013408012));
#4484 = CARTESIAN_POINT('',(-25.13045518651,18.490643179266,
    3.46894378748));
#4485 = CARTESIAN_POINT('',(-25.15907672351,18.451721174013,
    3.388597896029));
#4486 = CARTESIAN_POINT('',(-25.18908808489,18.410757907761,
    3.30903550281));
#4487 = CARTESIAN_POINT('',(-25.22049254848,18.367721931262,
    3.230321594999));
#4488 = CARTESIAN_POINT('',(-25.25329269191,18.322580352191,
    3.152526400358));
#4489 = CARTESIAN_POINT('',(-25.28749031633,18.275298810434,
    3.075725409808));
#4490 = CARTESIAN_POINT('',(-25.32308637028,18.22584145336,2.9999994));
#4491 = PCURVE('',#1635,#4492);
#4492 = DEFINITIONAL_REPRESENTATION('',(#4493),#4531);
#4493 = B_SPLINE_CURVE_WITH_KNOTS('',8,(#4494,#4495,#4496,#4497,#4498,
    #4499,#4500,#4501,#4502,#4503,#4504,#4505,#4506,#4507,#4508,#4509,
    #4510,#4511,#4512,#4513,#4514,#4515,#4516,#4517,#4518,#4519,#4520,
    #4521,#4522,#4523,#4524,#4525,#4526,#4527,#4528,#4529,#4530),
  .UNSPECIFIED.,.F.,.F.,(9,7,7,7,7,9),(0.,0.275528185523,0.482363207301,
    0.703813443895,0.948250439223,1.),.UNSPECIFIED.);
#4494 = CARTESIAN_POINT('',(0.,-30.9425273693));
#4495 = CARTESIAN_POINT('',(-0.114692550943,-30.9425273693));
#4496 = CARTESIAN_POINT('',(-0.229048355593,-30.95030140638));
#4497 = CARTESIAN_POINT('',(-0.34448779369,-30.96576671367));
#4498 = CARTESIAN_POINT('',(-0.46225538835,-30.98851088995));
#4499 = CARTESIAN_POINT('',(-0.583502680761,-31.01766753837));
#4500 = CARTESIAN_POINT('',(-0.709492988325,-31.0516384773));
#4501 = CARTESIAN_POINT('',(-0.841582312871,-31.08746758119));
#4502 = CARTESIAN_POINT('',(-1.086967835257,-31.14574551252));
#4503 = CARTESIAN_POINT('',(-1.200719181019,-31.17024846789));
#4504 = CARTESIAN_POINT('',(-1.319554263458,-31.19105596076));
#4505 = CARTESIAN_POINT('',(-1.441309900602,-31.20473931973));
#4506 = CARTESIAN_POINT('',(-1.564312742573,-31.20870118179));
#4507 = CARTESIAN_POINT('',(-1.687039053288,-31.20274425788));
#4508 = CARTESIAN_POINT('',(-1.807807261708,-31.18867335862));
#4509 = CARTESIAN_POINT('',(-2.04886999362,-31.14849077304));
#4510 = CARTESIAN_POINT('',(-2.1669412666,-31.12186295763));
#4511 = CARTESIAN_POINT('',(-2.279645411917,-31.09241487599));
#4512 = CARTESIAN_POINT('',(-2.38780371754,-31.06282263949));
#4513 = CARTESIAN_POINT('',(-2.492127284416,-31.0350227552));
#4514 = CARTESIAN_POINT('',(-2.593221094411,-31.01035330812));
#4515 = CARTESIAN_POINT('',(-2.691691659492,-30.98966713465));
#4516 = CARTESIAN_POINT('',(-2.894649173264,-30.955622438));
#4517 = CARTESIAN_POINT('',(-2.998985472767,-30.94319950832));
#4518 = CARTESIAN_POINT('',(-3.102117258858,-30.93694398115));
#4519 = CARTESIAN_POINT('',(-3.204850303644,-30.9371691179));
#4520 = CARTESIAN_POINT('',(-3.307951625824,-30.94390351367));
#4521 = CARTESIAN_POINT('',(-3.412192597191,-30.95691123357));
#4522 = CARTESIAN_POINT('',(-3.51839719161,-30.97560763347));
#4523 = CARTESIAN_POINT('',(-3.65066806534,-31.00380284335));
#4524 = CARTESIAN_POINT('',(-3.673911575893,-31.00893418982));
#4525 = CARTESIAN_POINT('',(-3.697298212041,-31.01426016532));
#4526 = CARTESIAN_POINT('',(-3.720837737107,-31.01976913355));
#4527 = CARTESIAN_POINT('',(-3.744539936527,-31.02544820857));
#4528 = CARTESIAN_POINT('',(-3.768414789837,-31.03128317649));
#4529 = CARTESIAN_POINT('',(-3.792472642658,-31.03725841711));
#4530 = CARTESIAN_POINT('',(-3.816724378681,-31.04335682557));
#4531 = ( GEOMETRIC_REPRESENTATION_CONTEXT(2) 
PARAMETRIC_REPRESENTATION_CONTEXT() REPRESENTATION_CONTEXT('2D SPACE',''
  ) );
#4532 = PCURVE('',#4135,#4533);
#4533 = DEFINITIONAL_REPRESENTATION('',(#4534),#4572);
#4534 = B_SPLINE_CURVE_WITH_KNOTS('',8,(#4535,#4536,#4537,#4538,#4539,
    #4540,#4541,#4542,#4543,#4544,#4545,#4546,#4547,#4548,#4549,#4550,
    #4551,#4552,#4553,#4554,#4555,#4556,#4557,#4558,#4559,#4560,#4561,
    #4562,#4563,#4564,#4565,#4566,#4567,#4568,#4569,#4570,#4571),
  .UNSPECIFIED.,.F.,.F.,(9,7,7,7,7,9),(0.,0.275528185523,0.482363207301,
    0.703813443895,0.948250439223,1.),.UNSPECIFIED.);
#4535 = CARTESIAN_POINT('',(-5.888145491623,-2.5));
#4536 = CARTESIAN_POINT('',(-5.888145491623,-2.95877020377));
#4537 = CARTESIAN_POINT('',(-5.886202051709,-3.416191394907));
#4538 = CARTESIAN_POINT('',(-5.882335313124,-3.868764501641));
#4539 = CARTESIAN_POINT('',(-5.876486906538,-4.312443032415));
#4540 = CARTESIAN_POINT('',(-5.868548974763,-4.741210995601));
#4541 = CARTESIAN_POINT('',(-5.858384697277,-5.146178435447));
#4542 = CARTESIAN_POINT('',(-5.845853338076,-5.514391572619));
#4543 = CARTESIAN_POINT('',(-5.819628961812,-6.059707140025));
#4544 = CARTESIAN_POINT('',(-5.806579221859,-6.270412210301));
#4545 = CARTESIAN_POINT('',(-5.792029336612,-6.434448431958));
#4546 = CARTESIAN_POINT('',(-5.77643420525,-6.535785775964));
#4547 = CARTESIAN_POINT('',(-5.760367441777,-6.56573782652));
#4548 = CARTESIAN_POINT('',(-5.744433072069,-6.523014492665));
#4549 = CARTESIAN_POINT('',(-5.72921467638,-6.41394269625));
#4550 = CARTESIAN_POINT('',(-5.700190835485,-6.080199002887));
#4551 = CARTESIAN_POINT('',(-5.68675235906,-5.850100839883));
#4552 = CARTESIAN_POINT('',(-5.67494595448,-5.577178633717));
#4553 = CARTESIAN_POINT('',(-5.664756225123,-5.27258699122));
#4554 = CARTESIAN_POINT('',(-5.656133959416,-4.94504703556));
#4555 = CARTESIAN_POINT('',(-5.649013424694,-4.60131475638));
#4556 = CARTESIAN_POINT('',(-5.643325804392,-4.246504333184));
#4557 = CARTESIAN_POINT('',(-5.63425390846,-3.484852409259));
#4558 = CARTESIAN_POINT('',(-5.631157221808,-3.075361182595));
#4559 = CARTESIAN_POINT('',(-5.629656375818,-2.660620877616));
#4560 = CARTESIAN_POINT('',(-5.629717899929,-2.244120630093));
#4561 = CARTESIAN_POINT('',(-5.631339531131,-1.82907458346));
#4562 = CARTESIAN_POINT('',(-5.634548684755,-1.41891870826));
#4563 = CARTESIAN_POINT('',(-5.639401271002,-1.017842046044));
#4564 = CARTESIAN_POINT('',(-5.647373004114,-0.550013408012));
#4565 = CARTESIAN_POINT('',(-5.648843239134,-0.46894378748));
#4566 = CARTESIAN_POINT('',(-5.650391718915,-0.388597896029));
#4567 = CARTESIAN_POINT('',(-5.65201929748,-0.30903550281));
#4568 = CARTESIAN_POINT('',(-5.65372685595,-0.230321594999));
#4569 = CARTESIAN_POINT('',(-5.655515302423,-0.152526400358));
#4570 = CARTESIAN_POINT('',(-5.657385571854,-7.572540980803E-02));
#4571 = CARTESIAN_POINT('',(-5.659338625931,5.999999999062E-07));
#4572 = ( GEOMETRIC_REPRESENTATION_CONTEXT(2) 
PARAMETRIC_REPRESENTATION_CONTEXT() REPRESENTATION_CONTEXT('2D SPACE',''
  ) );
#4573 = ORIENTED_EDGE('',*,*,#4269,.T.);
#4574 = ORIENTED_EDGE('',*,*,#1614,.F.);
#4575 = ADVANCED_FACE('',(#4576),#1969,.F.);
#4576 = FACE_BOUND('',#4577,.T.);
#4577 = EDGE_LOOP('',(#4578,#4579,#4580,#4599,#4600,#4601));
#4578 = ORIENTED_EDGE('',*,*,#3376,.T.);
#4579 = ORIENTED_EDGE('',*,*,#3421,.T.);
#4580 = ORIENTED_EDGE('',*,*,#4581,.T.);
#4581 = EDGE_CURVE('',#3422,#2003,#4582,.T.);
#4582 = SURFACE_CURVE('',#4583,(#4587,#4593),.PCURVE_S1.);
#4583 = LINE('',#4584,#4585);
#4584 = CARTESIAN_POINT('',(55.356230994784,20.412929482369,0.));
#4585 = VECTOR('',#4586,1.);
#4586 = DIRECTION('',(-0.,-0.,-1.));
#4587 = PCURVE('',#1969,#4588);
#4588 = DEFINITIONAL_REPRESENTATION('',(#4589),#4592);
#4589 = B_SPLINE_CURVE_WITH_KNOTS('',1,(#4590,#4591),.UNSPECIFIED.,.F.,
  .F.,(2,2),(-9.0000006,-6.9999994),.PIECEWISE_BEZIER_KNOTS.);
#4590 = CARTESIAN_POINT('',(-6.636470375934,-9.0000006));
#4591 = CARTESIAN_POINT('',(-6.636470375934,-6.9999994));
#4592 = ( GEOMETRIC_REPRESENTATION_CONTEXT(2) 
PARAMETRIC_REPRESENTATION_CONTEXT() REPRESENTATION_CONTEXT('2D SPACE',''
  ) );
#4593 = PCURVE('',#2075,#4594);
#4594 = DEFINITIONAL_REPRESENTATION('',(#4595),#4598);
#4595 = B_SPLINE_CURVE_WITH_KNOTS('',1,(#4596,#4597),.UNSPECIFIED.,.F.,
  .F.,(2,2),(-9.0000006,-6.9999994),.PIECEWISE_BEZIER_KNOTS.);
#4596 = CARTESIAN_POINT('',(9.0000006,23.146367040427));
#4597 = CARTESIAN_POINT('',(6.9999994,23.146367040427));
#4598 = ( GEOMETRIC_REPRESENTATION_CONTEXT(2) 
PARAMETRIC_REPRESENTATION_CONTEXT() REPRESENTATION_CONTEXT('2D SPACE',''
  ) );
#4599 = ORIENTED_EDGE('',*,*,#2002,.F.);
#4600 = ORIENTED_EDGE('',*,*,#1952,.F.);
#4601 = ORIENTED_EDGE('',*,*,#4602,.F.);
#4602 = EDGE_CURVE('',#3310,#1874,#4603,.T.);
#4603 = SURFACE_CURVE('',#4604,(#4608,#4614),.PCURVE_S1.);
#4604 = LINE('',#4605,#4606);
#4605 = CARTESIAN_POINT('',(10.,-58.14636704042,0.));
#4606 = VECTOR('',#4607,1.);
#4607 = DIRECTION('',(-0.,-0.,-1.));
#4608 = PCURVE('',#1969,#4609);
#4609 = DEFINITIONAL_REPRESENTATION('',(#4610),#4613);
#4610 = B_SPLINE_CURVE_WITH_KNOTS('',1,(#4611,#4612),.UNSPECIFIED.,.F.,
  .F.,(2,2),(-9.0000006,-6.9999994),.PIECEWISE_BEZIER_KNOTS.);
#4611 = CARTESIAN_POINT('',(-4.882702687229,-9.0000006));
#4612 = CARTESIAN_POINT('',(-4.882702687229,-6.9999994));
#4613 = ( GEOMETRIC_REPRESENTATION_CONTEXT(2) 
PARAMETRIC_REPRESENTATION_CONTEXT() REPRESENTATION_CONTEXT('2D SPACE',''
  ) );
#4614 = PCURVE('',#1923,#4615);
#4615 = DEFINITIONAL_REPRESENTATION('',(#4616),#4619);
#4616 = B_SPLINE_CURVE_WITH_KNOTS('',1,(#4617,#4618),.UNSPECIFIED.,.F.,
  .F.,(2,2),(-9.0000006,-6.9999994),.PIECEWISE_BEZIER_KNOTS.);
#4617 = CARTESIAN_POINT('',(9.0000006,23.146367040427));
#4618 = CARTESIAN_POINT('',(6.9999994,23.146367040427));
#4619 = ( GEOMETRIC_REPRESENTATION_CONTEXT(2) 
PARAMETRIC_REPRESENTATION_CONTEXT() REPRESENTATION_CONTEXT('2D SPACE',''
  ) );
#4620 = ADVANCED_FACE('',(#4621),#1923,.T.);
#4621 = FACE_BOUND('',#4622,.T.);
#4622 = EDGE_LOOP('',(#4623,#4653,#4681,#4761,#4787,#4808,#4809,#4810,
    #4811));
#4623 = ORIENTED_EDGE('',*,*,#4624,.F.);
#4624 = EDGE_CURVE('',#4625,#4627,#4629,.T.);
#4625 = VERTEX_POINT('',#4626);
#4626 = CARTESIAN_POINT('',(10.,-37.,0.));
#4627 = VERTEX_POINT('',#4628);
#4628 = CARTESIAN_POINT('',(10.,-61.,0.));
#4629 = SURFACE_CURVE('',#4630,(#4634,#4641),.PCURVE_S1.);
#4630 = LINE('',#4631,#4632);
#4631 = CARTESIAN_POINT('',(10.,-35.,0.));
#4632 = VECTOR('',#4633,1.);
#4633 = DIRECTION('',(1.110223024625E-16,-1.,0.));
#4634 = PCURVE('',#1923,#4635);
#4635 = DEFINITIONAL_REPRESENTATION('',(#4636),#4640);
#4636 = LINE('',#4637,#4638);
#4637 = CARTESIAN_POINT('',(0.,0.));
#4638 = VECTOR('',#4639,1.);
#4639 = DIRECTION('',(0.,1.));
#4640 = ( GEOMETRIC_REPRESENTATION_CONTEXT(2) 
PARAMETRIC_REPRESENTATION_CONTEXT() REPRESENTATION_CONTEXT('2D SPACE',''
  ) );
#4641 = PCURVE('',#4642,#4647);
#4642 = PLANE('',#4643);
#4643 = AXIS2_PLACEMENT_3D('',#4644,#4645,#4646);
#4644 = CARTESIAN_POINT('',(-10.,-35.,0.));
#4645 = DIRECTION('',(0.,0.,1.));
#4646 = DIRECTION('',(1.110223024625E-16,-1.,0.));
#4647 = DEFINITIONAL_REPRESENTATION('',(#4648),#4652);
#4648 = LINE('',#4649,#4650);
#4649 = CARTESIAN_POINT('',(2.22044604925E-15,20.));
#4650 = VECTOR('',#4651,1.);
#4651 = DIRECTION('',(1.,0.));
#4652 = ( GEOMETRIC_REPRESENTATION_CONTEXT(2) 
PARAMETRIC_REPRESENTATION_CONTEXT() REPRESENTATION_CONTEXT('2D SPACE',''
  ) );
#4653 = ORIENTED_EDGE('',*,*,#4654,.T.);
#4654 = EDGE_CURVE('',#4625,#4655,#4657,.T.);
#4655 = VERTEX_POINT('',#4656);
#4656 = CARTESIAN_POINT('',(10.,-37.,0.504122760035));
#4657 = SURFACE_CURVE('',#4658,(#4662,#4669),.PCURVE_S1.);
#4658 = LINE('',#4659,#4660);
#4659 = CARTESIAN_POINT('',(10.,-37.,0.));
#4660 = VECTOR('',#4661,1.);
#4661 = DIRECTION('',(0.,0.,1.));
#4662 = PCURVE('',#1923,#4663);
#4663 = DEFINITIONAL_REPRESENTATION('',(#4664),#4668);
#4664 = LINE('',#4665,#4666);
#4665 = CARTESIAN_POINT('',(0.,2.));
#4666 = VECTOR('',#4667,1.);
#4667 = DIRECTION('',(1.,0.));
#4668 = ( GEOMETRIC_REPRESENTATION_CONTEXT(2) 
PARAMETRIC_REPRESENTATION_CONTEXT() REPRESENTATION_CONTEXT('2D SPACE',''
  ) );
#4669 = PCURVE('',#4670,#4675);
#4670 = CYLINDRICAL_SURFACE('',#4671,2.);
#4671 = AXIS2_PLACEMENT_3D('',#4672,#4673,#4674);
#4672 = CARTESIAN_POINT('',(8.,-37.,0.));
#4673 = DIRECTION('',(0.,0.,1.));
#4674 = DIRECTION('',(-1.110223024625E-16,1.,0.));
#4675 = DEFINITIONAL_REPRESENTATION('',(#4676),#4680);
#4676 = LINE('',#4677,#4678);
#4677 = CARTESIAN_POINT('',(-1.570796326795,0.));
#4678 = VECTOR('',#4679,1.);
#4679 = DIRECTION('',(-0.,1.));
#4680 = ( GEOMETRIC_REPRESENTATION_CONTEXT(2) 
PARAMETRIC_REPRESENTATION_CONTEXT() REPRESENTATION_CONTEXT('2D SPACE',''
  ) );
#4681 = ORIENTED_EDGE('',*,*,#4682,.F.);
#4682 = EDGE_CURVE('',#4683,#4655,#4685,.T.);
#4683 = VERTEX_POINT('',#4684);
#4684 = CARTESIAN_POINT('',(10.,-37.69615364994,2.));
#4685 = SURFACE_CURVE('',#4686,(#4709,#4735),.PCURVE_S1.);
#4686 = B_SPLINE_CURVE_WITH_KNOTS('',6,(#4687,#4688,#4689,#4690,#4691,
    #4692,#4693,#4694,#4695,#4696,#4697,#4698,#4699,#4700,#4701,#4702,
    #4703,#4704,#4705,#4706,#4707,#4708),.UNSPECIFIED.,.F.,.F.,(7,5,5,5,
    7),(0.,0.340453657295,0.512854994274,0.686611678874,1.),
  .UNSPECIFIED.);
#4687 = CARTESIAN_POINT('',(10.,-37.69615364994,2.));
#4688 = CARTESIAN_POINT('',(10.,-37.69615364994,1.819090253459));
#4689 = CARTESIAN_POINT('',(10.,-37.6758371987,1.638133006189));
#4690 = CARTESIAN_POINT('',(10.,-37.63518616513,1.460057399341));
#4691 = CARTESIAN_POINT('',(10.,-37.57486387787,1.287594891456));
#4692 = CARTESIAN_POINT('',(10.,-37.49598202926,1.123286750396));
#4693 = CARTESIAN_POINT('',(10.,-37.35171736085,0.891494332307));
#4694 = CARTESIAN_POINT('',(10.,-37.29888277309,0.81623760029));
#4695 = CARTESIAN_POINT('',(10.,-37.24191744412,0.743930006681));
#4696 = CARTESIAN_POINT('',(10.,-37.18105282274,0.674830514422));
#4697 = CARTESIAN_POINT('',(10.,-37.11654080945,0.609171753654));
#4698 = CARTESIAN_POINT('',(10.,-36.98022665445,0.484663257953));
#4699 = CARTESIAN_POINT('',(10.,-36.90836979259,0.425869823948));
#4700 = CARTESIAN_POINT('',(10.,-36.83335499444,0.370992559146));
#4701 = CARTESIAN_POINT('',(10.,-36.75547020862,0.320213152437));
#4702 = CARTESIAN_POINT('',(10.,-36.67501391246,0.273685490516));
#4703 = CARTESIAN_POINT('',(10.,-36.44309629462,0.155519960755));
#4704 = CARTESIAN_POINT('',(10.,-36.28652653958,9.374711898242E-02));
#4705 = CARTESIAN_POINT('',(10.,-36.1243843482,4.697277206138E-02));
#4706 = CARTESIAN_POINT('',(10.,-35.95851401211,1.564993896382E-02));
#4707 = CARTESIAN_POINT('',(10.,-35.79077223258,9.889220082804E-18));
#4708 = CARTESIAN_POINT('',(10.,-35.62302626111,0.));
#4709 = PCURVE('',#1923,#4710);
#4710 = DEFINITIONAL_REPRESENTATION('',(#4711),#4734);
#4711 = B_SPLINE_CURVE_WITH_KNOTS('',6,(#4712,#4713,#4714,#4715,#4716,
    #4717,#4718,#4719,#4720,#4721,#4722,#4723,#4724,#4725,#4726,#4727,
    #4728,#4729,#4730,#4731,#4732,#4733),.UNSPECIFIED.,.F.,.F.,(7,5,5,5,
    7),(0.,0.340453657295,0.512854994274,0.686611678874,1.),
  .UNSPECIFIED.);
#4712 = CARTESIAN_POINT('',(2.,2.696153649942));
#4713 = CARTESIAN_POINT('',(1.819090253459,2.696153649942));
#4714 = CARTESIAN_POINT('',(1.638133006189,2.675837198703));
#4715 = CARTESIAN_POINT('',(1.460057399341,2.63518616513));
#4716 = CARTESIAN_POINT('',(1.287594891456,2.57486387787));
#4717 = CARTESIAN_POINT('',(1.123286750396,2.495982029265));
#4718 = CARTESIAN_POINT('',(0.891494332307,2.351717360853));
#4719 = CARTESIAN_POINT('',(0.81623760029,2.298882773098));
#4720 = CARTESIAN_POINT('',(0.743930006681,2.241917444122));
#4721 = CARTESIAN_POINT('',(0.674830514422,2.181052822745));
#4722 = CARTESIAN_POINT('',(0.609171753654,2.116540809458));
#4723 = CARTESIAN_POINT('',(0.484663257953,1.980226654457));
#4724 = CARTESIAN_POINT('',(0.425869823948,1.908369792595));
#4725 = CARTESIAN_POINT('',(0.370992559146,1.83335499444));
#4726 = CARTESIAN_POINT('',(0.320213152437,1.755470208628));
#4727 = CARTESIAN_POINT('',(0.273685490516,1.675013912465));
#4728 = CARTESIAN_POINT('',(0.155519960755,1.443096294628));
#4729 = CARTESIAN_POINT('',(9.374711898242E-02,1.286526539587));
#4730 = CARTESIAN_POINT('',(4.697277206138E-02,1.124384348205));
#4731 = CARTESIAN_POINT('',(1.564993896382E-02,0.958514012114));
#4732 = CARTESIAN_POINT('',(9.889220082804E-18,0.790772232587));
#4733 = CARTESIAN_POINT('',(0.,0.623026261114));
#4734 = ( GEOMETRIC_REPRESENTATION_CONTEXT(2) 
PARAMETRIC_REPRESENTATION_CONTEXT() REPRESENTATION_CONTEXT('2D SPACE',''
  ) );
#4735 = PCURVE('',#4736,#4741);
#4736 = TOROIDAL_SURFACE('',#4737,37.,2.);
#4737 = AXIS2_PLACEMENT_3D('',#4738,#4739,#4740);
#4738 = CARTESIAN_POINT('',(0.,0.,2.));
#4739 = DIRECTION('',(-0.,-0.,-1.));
#4740 = DIRECTION('',(1.,0.,-0.));
#4741 = DEFINITIONAL_REPRESENTATION('',(#4742),#4760);
#4742 = B_SPLINE_CURVE_WITH_KNOTS('',6,(#4743,#4744,#4745,#4746,#4747,
    #4748,#4749,#4750,#4751,#4752,#4753,#4754,#4755,#4756,#4757,#4758,
    #4759),.UNSPECIFIED.,.F.,.F.,(7,5,5,7),(0.,0.340453657295,
    0.512854994274,0.533152000161),.UNSPECIFIED.);
#4743 = CARTESIAN_POINT('',(-4.971695436657,0.));
#4744 = CARTESIAN_POINT('',(-4.971695436657,9.04548732704E-02));
#4745 = CARTESIAN_POINT('',(-4.971829009829,0.180933141961));
#4746 = CARTESIAN_POINT('',(-4.972096273914,0.271304906178));
#4747 = CARTESIAN_POINT('',(-4.972493883018,0.3615312652));
#4748 = CARTESIAN_POINT('',(-4.97301652665,0.451576896119));
#4749 = CARTESIAN_POINT('',(-4.973979076572,0.586809473723));
#4750 = CARTESIAN_POINT('',(-4.974332534628,0.632206928536));
#4751 = CARTESIAN_POINT('',(-4.974714813372,0.67753629375));
#4752 = CARTESIAN_POINT('',(-4.975124713855,0.722795149345));
#4753 = CARTESIAN_POINT('',(-4.975560905631,0.767982595677));
#4754 = CARTESIAN_POINT('',(-4.976076204275,0.818408854529));
#4755 = CARTESIAN_POINT('',(-4.976130825211,0.823719282159));
#4756 = CARTESIAN_POINT('',(-4.97618578806,0.829028715271));
#4757 = CARTESIAN_POINT('',(-4.976241090426,0.834337153492));
#4758 = CARTESIAN_POINT('',(-4.976296729894,0.839644596943));
#4759 = CARTESIAN_POINT('',(-4.976352704029,0.844951046213));
#4760 = ( GEOMETRIC_REPRESENTATION_CONTEXT(2) 
PARAMETRIC_REPRESENTATION_CONTEXT() REPRESENTATION_CONTEXT('2D SPACE',''
  ) );
#4761 = ORIENTED_EDGE('',*,*,#4762,.F.);
#4762 = EDGE_CURVE('',#4763,#4683,#4765,.T.);
#4763 = VERTEX_POINT('',#4764);
#4764 = CARTESIAN_POINT('',(10.,-37.69615364994,14.));
#4765 = SURFACE_CURVE('',#4766,(#4770,#4776),.PCURVE_S1.);
#4766 = LINE('',#4767,#4768);
#4767 = CARTESIAN_POINT('',(10.,-37.69615364994,0.));
#4768 = VECTOR('',#4769,1.);
#4769 = DIRECTION('',(-0.,-0.,-1.));
#4770 = PCURVE('',#1923,#4771);
#4771 = DEFINITIONAL_REPRESENTATION('',(#4772),#4775);
#4772 = B_SPLINE_CURVE_WITH_KNOTS('',1,(#4773,#4774),.UNSPECIFIED.,.F.,
  .F.,(2,2),(-15.40000000588,-1.9999994),.PIECEWISE_BEZIER_KNOTS.);
#4773 = CARTESIAN_POINT('',(15.400000005889,2.696153649942));
#4774 = CARTESIAN_POINT('',(1.9999994,2.696153649942));
#4775 = ( GEOMETRIC_REPRESENTATION_CONTEXT(2) 
PARAMETRIC_REPRESENTATION_CONTEXT() REPRESENTATION_CONTEXT('2D SPACE',''
  ) );
#4776 = PCURVE('',#4777,#4782);
#4777 = CYLINDRICAL_SURFACE('',#4778,39.);
#4778 = AXIS2_PLACEMENT_3D('',#4779,#4780,#4781);
#4779 = CARTESIAN_POINT('',(0.,0.,0.));
#4780 = DIRECTION('',(-0.,-0.,-1.));
#4781 = DIRECTION('',(1.,0.,0.));
#4782 = DEFINITIONAL_REPRESENTATION('',(#4783),#4786);
#4783 = B_SPLINE_CURVE_WITH_KNOTS('',1,(#4784,#4785),.UNSPECIFIED.,.F.,
  .F.,(2,2),(-15.40000000588,-1.9999994),.PIECEWISE_BEZIER_KNOTS.);
#4784 = CARTESIAN_POINT('',(-4.971695436657,-15.40000000588));
#4785 = CARTESIAN_POINT('',(-4.971695436657,-1.9999994));
#4786 = ( GEOMETRIC_REPRESENTATION_CONTEXT(2) 
PARAMETRIC_REPRESENTATION_CONTEXT() REPRESENTATION_CONTEXT('2D SPACE',''
  ) );
#4787 = ORIENTED_EDGE('',*,*,#4788,.T.);
#4788 = EDGE_CURVE('',#4763,#3312,#4789,.T.);
#4789 = SURFACE_CURVE('',#4790,(#4794,#4801),.PCURVE_S1.);
#4790 = LINE('',#4791,#4792);
#4791 = CARTESIAN_POINT('',(10.,-35.,14.));
#4792 = VECTOR('',#4793,1.);
#4793 = DIRECTION('',(1.110223024625E-16,-1.,0.));
#4794 = PCURVE('',#1923,#4795);
#4795 = DEFINITIONAL_REPRESENTATION('',(#4796),#4800);
#4796 = LINE('',#4797,#4798);
#4797 = CARTESIAN_POINT('',(14.,0.));
#4798 = VECTOR('',#4799,1.);
#4799 = DIRECTION('',(0.,1.));
#4800 = ( GEOMETRIC_REPRESENTATION_CONTEXT(2) 
PARAMETRIC_REPRESENTATION_CONTEXT() REPRESENTATION_CONTEXT('2D SPACE',''
  ) );
#4801 = PCURVE('',#3898,#4802);
#4802 = DEFINITIONAL_REPRESENTATION('',(#4803),#4807);
#4803 = LINE('',#4804,#4805);
#4804 = CARTESIAN_POINT('',(2.22044604925E-15,20.));
#4805 = VECTOR('',#4806,1.);
#4806 = DIRECTION('',(1.,0.));
#4807 = ( GEOMETRIC_REPRESENTATION_CONTEXT(2) 
PARAMETRIC_REPRESENTATION_CONTEXT() REPRESENTATION_CONTEXT('2D SPACE',''
  ) );
#4808 = ORIENTED_EDGE('',*,*,#3309,.F.);
#4809 = ORIENTED_EDGE('',*,*,#4602,.T.);
#4810 = ORIENTED_EDGE('',*,*,#1873,.T.);
#4811 = ORIENTED_EDGE('',*,*,#4812,.F.);
#4812 = EDGE_CURVE('',#4627,#1759,#4813,.T.);
#4813 = SURFACE_CURVE('',#4814,(#4818,#4825),.PCURVE_S1.);
#4814 = LINE('',#4815,#4816);
#4815 = CARTESIAN_POINT('',(10.,-61.,0.));
#4816 = VECTOR('',#4817,1.);
#4817 = DIRECTION('',(0.,0.,1.));
#4818 = PCURVE('',#1923,#4819);
#4819 = DEFINITIONAL_REPRESENTATION('',(#4820),#4824);
#4820 = LINE('',#4821,#4822);
#4821 = CARTESIAN_POINT('',(0.,26.));
#4822 = VECTOR('',#4823,1.);
#4823 = DIRECTION('',(1.,0.));
#4824 = ( GEOMETRIC_REPRESENTATION_CONTEXT(2) 
PARAMETRIC_REPRESENTATION_CONTEXT() REPRESENTATION_CONTEXT('2D SPACE',''
  ) );
#4825 = PCURVE('',#1832,#4826);
#4826 = DEFINITIONAL_REPRESENTATION('',(#4827),#4831);
#4827 = LINE('',#4828,#4829);
#4828 = CARTESIAN_POINT('',(1.570796326795,0.));
#4829 = VECTOR('',#4830,1.);
#4830 = DIRECTION('',(0.,1.));
#4831 = ( GEOMETRIC_REPRESENTATION_CONTEXT(2) 
PARAMETRIC_REPRESENTATION_CONTEXT() REPRESENTATION_CONTEXT('2D SPACE',''
  ) );
#4832 = ADVANCED_FACE('',(#4833),#1832,.T.);
#4833 = FACE_BOUND('',#4834,.T.);
#4834 = EDGE_LOOP('',(#4835,#4858,#4880,#4881));
#4835 = ORIENTED_EDGE('',*,*,#4836,.F.);
#4836 = EDGE_CURVE('',#4837,#1678,#4839,.T.);
#4837 = VERTEX_POINT('',#4838);
#4838 = CARTESIAN_POINT('',(8.,-63.,0.));
#4839 = SURFACE_CURVE('',#4840,(#4844,#4851),.PCURVE_S1.);
#4840 = LINE('',#4841,#4842);
#4841 = CARTESIAN_POINT('',(8.,-63.,0.));
#4842 = VECTOR('',#4843,1.);
#4843 = DIRECTION('',(0.,0.,1.));
#4844 = PCURVE('',#1832,#4845);
#4845 = DEFINITIONAL_REPRESENTATION('',(#4846),#4850);
#4846 = LINE('',#4847,#4848);
#4847 = CARTESIAN_POINT('',(0.,0.));
#4848 = VECTOR('',#4849,1.);
#4849 = DIRECTION('',(0.,1.));
#4850 = ( GEOMETRIC_REPRESENTATION_CONTEXT(2) 
PARAMETRIC_REPRESENTATION_CONTEXT() REPRESENTATION_CONTEXT('2D SPACE',''
  ) );
#4851 = PCURVE('',#1729,#4852);
#4852 = DEFINITIONAL_REPRESENTATION('',(#4853),#4857);
#4853 = LINE('',#4854,#4855);
#4854 = CARTESIAN_POINT('',(0.,-18.));
#4855 = VECTOR('',#4856,1.);
#4856 = DIRECTION('',(1.,0.));
#4857 = ( GEOMETRIC_REPRESENTATION_CONTEXT(2) 
PARAMETRIC_REPRESENTATION_CONTEXT() REPRESENTATION_CONTEXT('2D SPACE',''
  ) );
#4858 = ORIENTED_EDGE('',*,*,#4859,.T.);
#4859 = EDGE_CURVE('',#4837,#4627,#4860,.T.);
#4860 = SURFACE_CURVE('',#4861,(#4866,#4873),.PCURVE_S1.);
#4861 = CIRCLE('',#4862,2.);
#4862 = AXIS2_PLACEMENT_3D('',#4863,#4864,#4865);
#4863 = CARTESIAN_POINT('',(8.,-61.,0.));
#4864 = DIRECTION('',(0.,0.,1.));
#4865 = DIRECTION('',(0.,-1.,0.));
#4866 = PCURVE('',#1832,#4867);
#4867 = DEFINITIONAL_REPRESENTATION('',(#4868),#4872);
#4868 = LINE('',#4869,#4870);
#4869 = CARTESIAN_POINT('',(0.,0.));
#4870 = VECTOR('',#4871,1.);
#4871 = DIRECTION('',(1.,0.));
#4872 = ( GEOMETRIC_REPRESENTATION_CONTEXT(2) 
PARAMETRIC_REPRESENTATION_CONTEXT() REPRESENTATION_CONTEXT('2D SPACE',''
  ) );
#4873 = PCURVE('',#4642,#4874);
#4874 = DEFINITIONAL_REPRESENTATION('',(#4875),#4879);
#4875 = CIRCLE('',#4876,2.);
#4876 = AXIS2_PLACEMENT_2D('',#4877,#4878);
#4877 = CARTESIAN_POINT('',(26.,18.));
#4878 = DIRECTION('',(1.,-1.110223024625E-16));
#4879 = ( GEOMETRIC_REPRESENTATION_CONTEXT(2) 
PARAMETRIC_REPRESENTATION_CONTEXT() REPRESENTATION_CONTEXT('2D SPACE',''
  ) );
#4880 = ORIENTED_EDGE('',*,*,#4812,.T.);
#4881 = ORIENTED_EDGE('',*,*,#1758,.F.);
#4882 = ADVANCED_FACE('',(#4883),#1729,.T.);
#4883 = FACE_BOUND('',#4884,.T.);
#4884 = EDGE_LOOP('',(#4885,#4886,#4909,#4930));
#4885 = ORIENTED_EDGE('',*,*,#1677,.T.);
#4886 = ORIENTED_EDGE('',*,*,#4887,.F.);
#4887 = EDGE_CURVE('',#4888,#1680,#4890,.T.);
#4888 = VERTEX_POINT('',#4889);
#4889 = CARTESIAN_POINT('',(-8.,-63.,0.));
#4890 = SURFACE_CURVE('',#4891,(#4895,#4902),.PCURVE_S1.);
#4891 = LINE('',#4892,#4893);
#4892 = CARTESIAN_POINT('',(-8.,-63.,0.));
#4893 = VECTOR('',#4894,1.);
#4894 = DIRECTION('',(0.,0.,1.));
#4895 = PCURVE('',#1729,#4896);
#4896 = DEFINITIONAL_REPRESENTATION('',(#4897),#4901);
#4897 = LINE('',#4898,#4899);
#4898 = CARTESIAN_POINT('',(0.,-2.));
#4899 = VECTOR('',#4900,1.);
#4900 = DIRECTION('',(1.,0.));
#4901 = ( GEOMETRIC_REPRESENTATION_CONTEXT(2) 
PARAMETRIC_REPRESENTATION_CONTEXT() REPRESENTATION_CONTEXT('2D SPACE',''
  ) );
#4902 = PCURVE('',#3168,#4903);
#4903 = DEFINITIONAL_REPRESENTATION('',(#4904),#4908);
#4904 = LINE('',#4905,#4906);
#4905 = CARTESIAN_POINT('',(-0.,0.));
#4906 = VECTOR('',#4907,1.);
#4907 = DIRECTION('',(-0.,1.));
#4908 = ( GEOMETRIC_REPRESENTATION_CONTEXT(2) 
PARAMETRIC_REPRESENTATION_CONTEXT() REPRESENTATION_CONTEXT('2D SPACE',''
  ) );
#4909 = ORIENTED_EDGE('',*,*,#4910,.T.);
#4910 = EDGE_CURVE('',#4888,#4837,#4911,.T.);
#4911 = SURFACE_CURVE('',#4912,(#4916,#4923),.PCURVE_S1.);
#4912 = LINE('',#4913,#4914);
#4913 = CARTESIAN_POINT('',(-10.,-63.,0.));
#4914 = VECTOR('',#4915,1.);
#4915 = DIRECTION('',(1.,1.110223024625E-16,0.));
#4916 = PCURVE('',#1729,#4917);
#4917 = DEFINITIONAL_REPRESENTATION('',(#4918),#4922);
#4918 = LINE('',#4919,#4920);
#4919 = CARTESIAN_POINT('',(0.,0.));
#4920 = VECTOR('',#4921,1.);
#4921 = DIRECTION('',(0.,-1.));
#4922 = ( GEOMETRIC_REPRESENTATION_CONTEXT(2) 
PARAMETRIC_REPRESENTATION_CONTEXT() REPRESENTATION_CONTEXT('2D SPACE',''
  ) );
#4923 = PCURVE('',#4642,#4924);
#4924 = DEFINITIONAL_REPRESENTATION('',(#4925),#4929);
#4925 = LINE('',#4926,#4927);
#4926 = CARTESIAN_POINT('',(28.,4.440892098501E-16));
#4927 = VECTOR('',#4928,1.);
#4928 = DIRECTION('',(0.,1.));
#4929 = ( GEOMETRIC_REPRESENTATION_CONTEXT(2) 
PARAMETRIC_REPRESENTATION_CONTEXT() REPRESENTATION_CONTEXT('2D SPACE',''
  ) );
#4930 = ORIENTED_EDGE('',*,*,#4836,.T.);
#4931 = ADVANCED_FACE('',(#4932),#3168,.T.);
#4932 = FACE_BOUND('',#4933,.F.);
#4933 = EDGE_LOOP('',(#4934,#4935,#4963,#4984));
#4934 = ORIENTED_EDGE('',*,*,#4887,.F.);
#4935 = ORIENTED_EDGE('',*,*,#4936,.T.);
#4936 = EDGE_CURVE('',#4888,#4937,#4939,.T.);
#4937 = VERTEX_POINT('',#4938);
#4938 = CARTESIAN_POINT('',(-10.,-61.,0.));
#4939 = SURFACE_CURVE('',#4940,(#4945,#4952),.PCURVE_S1.);
#4940 = CIRCLE('',#4941,2.);
#4941 = AXIS2_PLACEMENT_3D('',#4942,#4943,#4944);
#4942 = CARTESIAN_POINT('',(-8.,-61.,0.));
#4943 = DIRECTION('',(-0.,-0.,-1.));
#4944 = DIRECTION('',(0.,-1.,0.));
#4945 = PCURVE('',#3168,#4946);
#4946 = DEFINITIONAL_REPRESENTATION('',(#4947),#4951);
#4947 = LINE('',#4948,#4949);
#4948 = CARTESIAN_POINT('',(-1.110223024625E-16,0.));
#4949 = VECTOR('',#4950,1.);
#4950 = DIRECTION('',(-1.,0.));
#4951 = ( GEOMETRIC_REPRESENTATION_CONTEXT(2) 
PARAMETRIC_REPRESENTATION_CONTEXT() REPRESENTATION_CONTEXT('2D SPACE',''
  ) );
#4952 = PCURVE('',#4642,#4953);
#4953 = DEFINITIONAL_REPRESENTATION('',(#4954),#4962);
#4954 = ( BOUNDED_CURVE() B_SPLINE_CURVE(2,(#4955,#4956,#4957,#4958,
#4959,#4960,#4961),.UNSPECIFIED.,.T.,.F.) B_SPLINE_CURVE_WITH_KNOTS((1,2
    ,2,2,2,1),(-2.094395102393,0.,2.094395102393,4.188790204786,
6.28318530718,8.377580409573),.UNSPECIFIED.) CURVE() 
GEOMETRIC_REPRESENTATION_ITEM() RATIONAL_B_SPLINE_CURVE((1.,0.5,1.,0.5,
1.,0.5,1.)) REPRESENTATION_ITEM('') );
#4955 = CARTESIAN_POINT('',(28.,2.));
#4956 = CARTESIAN_POINT('',(28.,-1.464101615138));
#4957 = CARTESIAN_POINT('',(25.,0.267949192431));
#4958 = CARTESIAN_POINT('',(22.,2.));
#4959 = CARTESIAN_POINT('',(25.,3.732050807569));
#4960 = CARTESIAN_POINT('',(28.,5.464101615138));
#4961 = CARTESIAN_POINT('',(28.,2.));
#4962 = ( GEOMETRIC_REPRESENTATION_CONTEXT(2) 
PARAMETRIC_REPRESENTATION_CONTEXT() REPRESENTATION_CONTEXT('2D SPACE',''
  ) );
#4963 = ORIENTED_EDGE('',*,*,#4964,.T.);
#4964 = EDGE_CURVE('',#4937,#3018,#4965,.T.);
#4965 = SURFACE_CURVE('',#4966,(#4970,#4977),.PCURVE_S1.);
#4966 = LINE('',#4967,#4968);
#4967 = CARTESIAN_POINT('',(-10.,-61.,0.));
#4968 = VECTOR('',#4969,1.);
#4969 = DIRECTION('',(0.,0.,1.));
#4970 = PCURVE('',#3168,#4971);
#4971 = DEFINITIONAL_REPRESENTATION('',(#4972),#4976);
#4972 = LINE('',#4973,#4974);
#4973 = CARTESIAN_POINT('',(-1.570796326795,0.));
#4974 = VECTOR('',#4975,1.);
#4975 = DIRECTION('',(-0.,1.));
#4976 = ( GEOMETRIC_REPRESENTATION_CONTEXT(2) 
PARAMETRIC_REPRESENTATION_CONTEXT() REPRESENTATION_CONTEXT('2D SPACE',''
  ) );
#4977 = PCURVE('',#3067,#4978);
#4978 = DEFINITIONAL_REPRESENTATION('',(#4979),#4983);
#4979 = LINE('',#4980,#4981);
#4980 = CARTESIAN_POINT('',(0.,26.));
#4981 = VECTOR('',#4982,1.);
#4982 = DIRECTION('',(1.,0.));
#4983 = ( GEOMETRIC_REPRESENTATION_CONTEXT(2) 
PARAMETRIC_REPRESENTATION_CONTEXT() REPRESENTATION_CONTEXT('2D SPACE',''
  ) );
#4984 = ORIENTED_EDGE('',*,*,#3096,.T.);
#4985 = ADVANCED_FACE('',(#4986),#3067,.F.);
#4986 = FACE_BOUND('',#4987,.F.);
#4987 = EDGE_LOOP('',(#4988,#5011,#5039,#5124,#5145,#5166,#5167,#5186,
    #5187));
#4988 = ORIENTED_EDGE('',*,*,#4989,.F.);
#4989 = EDGE_CURVE('',#4990,#4937,#4992,.T.);
#4990 = VERTEX_POINT('',#4991);
#4991 = CARTESIAN_POINT('',(-10.,-37.,0.));
#4992 = SURFACE_CURVE('',#4993,(#4997,#5004),.PCURVE_S1.);
#4993 = LINE('',#4994,#4995);
#4994 = CARTESIAN_POINT('',(-10.,-35.,0.));
#4995 = VECTOR('',#4996,1.);
#4996 = DIRECTION('',(1.110223024625E-16,-1.,0.));
#4997 = PCURVE('',#3067,#4998);
#4998 = DEFINITIONAL_REPRESENTATION('',(#4999),#5003);
#4999 = LINE('',#5000,#5001);
#5000 = CARTESIAN_POINT('',(0.,0.));
#5001 = VECTOR('',#5002,1.);
#5002 = DIRECTION('',(0.,1.));
#5003 = ( GEOMETRIC_REPRESENTATION_CONTEXT(2) 
PARAMETRIC_REPRESENTATION_CONTEXT() REPRESENTATION_CONTEXT('2D SPACE',''
  ) );
#5004 = PCURVE('',#4642,#5005);
#5005 = DEFINITIONAL_REPRESENTATION('',(#5006),#5010);
#5006 = LINE('',#5007,#5008);
#5007 = CARTESIAN_POINT('',(0.,0.));
#5008 = VECTOR('',#5009,1.);
#5009 = DIRECTION('',(1.,0.));
#5010 = ( GEOMETRIC_REPRESENTATION_CONTEXT(2) 
PARAMETRIC_REPRESENTATION_CONTEXT() REPRESENTATION_CONTEXT('2D SPACE',''
  ) );
#5011 = ORIENTED_EDGE('',*,*,#5012,.T.);
#5012 = EDGE_CURVE('',#4990,#5013,#5015,.T.);
#5013 = VERTEX_POINT('',#5014);
#5014 = CARTESIAN_POINT('',(-10.,-37.,0.504122760035));
#5015 = SURFACE_CURVE('',#5016,(#5020,#5027),.PCURVE_S1.);
#5016 = LINE('',#5017,#5018);
#5017 = CARTESIAN_POINT('',(-10.,-37.,0.));
#5018 = VECTOR('',#5019,1.);
#5019 = DIRECTION('',(0.,0.,1.));
#5020 = PCURVE('',#3067,#5021);
#5021 = DEFINITIONAL_REPRESENTATION('',(#5022),#5026);
#5022 = LINE('',#5023,#5024);
#5023 = CARTESIAN_POINT('',(0.,2.));
#5024 = VECTOR('',#5025,1.);
#5025 = DIRECTION('',(1.,0.));
#5026 = ( GEOMETRIC_REPRESENTATION_CONTEXT(2) 
PARAMETRIC_REPRESENTATION_CONTEXT() REPRESENTATION_CONTEXT('2D SPACE',''
  ) );
#5027 = PCURVE('',#5028,#5033);
#5028 = CYLINDRICAL_SURFACE('',#5029,2.);
#5029 = AXIS2_PLACEMENT_3D('',#5030,#5031,#5032);
#5030 = CARTESIAN_POINT('',(-8.,-37.,0.));
#5031 = DIRECTION('',(0.,0.,1.));
#5032 = DIRECTION('',(-1.110223024625E-16,1.,0.));
#5033 = DEFINITIONAL_REPRESENTATION('',(#5034),#5038);
#5034 = LINE('',#5035,#5036);
#5035 = CARTESIAN_POINT('',(1.570796326795,0.));
#5036 = VECTOR('',#5037,1.);
#5037 = DIRECTION('',(0.,1.));
#5038 = ( GEOMETRIC_REPRESENTATION_CONTEXT(2) 
PARAMETRIC_REPRESENTATION_CONTEXT() REPRESENTATION_CONTEXT('2D SPACE',''
  ) );
#5039 = ORIENTED_EDGE('',*,*,#5040,.F.);
#5040 = EDGE_CURVE('',#5041,#5013,#5043,.T.);
#5041 = VERTEX_POINT('',#5042);
#5042 = CARTESIAN_POINT('',(-10.,-37.69615364994,2.));
#5043 = SURFACE_CURVE('',#5044,(#5067,#5093),.PCURVE_S1.);
#5044 = B_SPLINE_CURVE_WITH_KNOTS('',6,(#5045,#5046,#5047,#5048,#5049,
    #5050,#5051,#5052,#5053,#5054,#5055,#5056,#5057,#5058,#5059,#5060,
    #5061,#5062,#5063,#5064,#5065,#5066),.UNSPECIFIED.,.F.,.F.,(7,5,5,5,
    7),(0.,0.340453657231,0.512854994209,0.686611678809,1.),
  .UNSPECIFIED.);
#5045 = CARTESIAN_POINT('',(-10.,-37.69615364994,2.));
#5046 = CARTESIAN_POINT('',(-10.,-37.69615364994,1.819090253493));
#5047 = CARTESIAN_POINT('',(-10.,-37.67583719871,1.638133006259));
#5048 = CARTESIAN_POINT('',(-10.,-37.63518616515,1.460057399442));
#5049 = CARTESIAN_POINT('',(-10.,-37.57486387791,1.287594891588));
#5050 = CARTESIAN_POINT('',(-10.,-37.49598202933,1.123286750551));
#5051 = CARTESIAN_POINT('',(-10.,-37.35171736097,0.891494332477));
#5052 = CARTESIAN_POINT('',(-10.,-37.29888277322,0.816237600455));
#5053 = CARTESIAN_POINT('',(-10.,-37.24191744425,0.74393000684));
#5054 = CARTESIAN_POINT('',(-10.,-37.18105282288,0.674830514576));
#5055 = CARTESIAN_POINT('',(-10.,-37.1165408096,0.609171753801));
#5056 = CARTESIAN_POINT('',(-10.,-36.98022665461,0.484663258087));
#5057 = CARTESIAN_POINT('',(-10.,-36.90836979276,0.425869824075));
#5058 = CARTESIAN_POINT('',(-10.,-36.83335499461,0.370992559265));
#5059 = CARTESIAN_POINT('',(-10.,-36.7554702088,0.320213152549));
#5060 = CARTESIAN_POINT('',(-10.,-36.67501391264,0.27368549062));
#5061 = CARTESIAN_POINT('',(-10.,-36.44309629479,0.15551996082));
#5062 = CARTESIAN_POINT('',(-10.,-36.28652653972,9.374711902151E-02));
#5063 = CARTESIAN_POINT('',(-10.,-36.1243843483,4.697277208107E-02));
#5064 = CARTESIAN_POINT('',(-10.,-35.95851401218,1.564993897035E-02));
#5065 = CARTESIAN_POINT('',(-10.,-35.79077223262,9.889220084874E-18));
#5066 = CARTESIAN_POINT('',(-10.,-35.62302626111,0.));
#5067 = PCURVE('',#3067,#5068);
#5068 = DEFINITIONAL_REPRESENTATION('',(#5069),#5092);
#5069 = B_SPLINE_CURVE_WITH_KNOTS('',6,(#5070,#5071,#5072,#5073,#5074,
    #5075,#5076,#5077,#5078,#5079,#5080,#5081,#5082,#5083,#5084,#5085,
    #5086,#5087,#5088,#5089,#5090,#5091),.UNSPECIFIED.,.F.,.F.,(7,5,5,5,
    7),(0.,0.340453657231,0.512854994209,0.686611678809,1.),
  .UNSPECIFIED.);
#5070 = CARTESIAN_POINT('',(2.,2.696153649942));
#5071 = CARTESIAN_POINT('',(1.819090253493,2.696153649942));
#5072 = CARTESIAN_POINT('',(1.638133006259,2.67583719871));
#5073 = CARTESIAN_POINT('',(1.460057399442,2.635186165153));
#5074 = CARTESIAN_POINT('',(1.287594891588,2.574863877916));
#5075 = CARTESIAN_POINT('',(1.123286750551,2.495982029339));
#5076 = CARTESIAN_POINT('',(0.891494332477,2.35171736097));
#5077 = CARTESIAN_POINT('',(0.816237600455,2.298882773223));
#5078 = CARTESIAN_POINT('',(0.74393000684,2.241917444255));
#5079 = CARTESIAN_POINT('',(0.674830514576,2.181052822885));
#5080 = CARTESIAN_POINT('',(0.609171753801,2.116540809606));
#5081 = CARTESIAN_POINT('',(0.484663258087,1.980226654617));
#5082 = CARTESIAN_POINT('',(0.425869824075,1.908369792762));
#5083 = CARTESIAN_POINT('',(0.370992559265,1.833354994613));
#5084 = CARTESIAN_POINT('',(0.320213152549,1.755470208805));
#5085 = CARTESIAN_POINT('',(0.27368549062,1.675013912648));
#5086 = CARTESIAN_POINT('',(0.15551996082,1.443096294792));
#5087 = CARTESIAN_POINT('',(9.374711902151E-02,1.286526539723));
#5088 = CARTESIAN_POINT('',(4.697277208107E-02,1.124384348309));
#5089 = CARTESIAN_POINT('',(1.564993897035E-02,0.958514012184));
#5090 = CARTESIAN_POINT('',(9.889220084874E-18,0.790772232622));
#5091 = CARTESIAN_POINT('',(0.,0.623026261114));
#5092 = ( GEOMETRIC_REPRESENTATION_CONTEXT(2) 
PARAMETRIC_REPRESENTATION_CONTEXT() REPRESENTATION_CONTEXT('2D SPACE',''
  ) );
#5093 = PCURVE('',#5094,#5099);
#5094 = TOROIDAL_SURFACE('',#5095,37.,2.);
#5095 = AXIS2_PLACEMENT_3D('',#5096,#5097,#5098);
#5096 = CARTESIAN_POINT('',(0.,0.,2.));
#5097 = DIRECTION('',(-0.,-0.,-1.));
#5098 = DIRECTION('',(1.,0.,-0.));
#5099 = DEFINITIONAL_REPRESENTATION('',(#5100),#5123);
#5100 = B_SPLINE_CURVE_WITH_KNOTS('',6,(#5101,#5102,#5103,#5104,#5105,
    #5106,#5107,#5108,#5109,#5110,#5111,#5112,#5113,#5114,#5115,#5116,
    #5117,#5118,#5119,#5120,#5121,#5122),.UNSPECIFIED.,.F.,.F.,(7,5,5,5,
    7),(0.,0.340453657231,0.512854994209,0.686611678809,1.),
  .UNSPECIFIED.);
#5101 = CARTESIAN_POINT('',(-4.453082524112,0.));
#5102 = CARTESIAN_POINT('',(-4.453082524112,9.045487325336E-02));
#5103 = CARTESIAN_POINT('',(-4.45294895094,0.180933141926));
#5104 = CARTESIAN_POINT('',(-4.452681686855,0.271304906127));
#5105 = CARTESIAN_POINT('',(-4.452284077752,0.361531265131));
#5106 = CARTESIAN_POINT('',(-4.45176143412,0.451576896034));
#5107 = CARTESIAN_POINT('',(-4.450798884198,0.586809473621));
#5108 = CARTESIAN_POINT('',(-4.450445426142,0.632206928434));
#5109 = CARTESIAN_POINT('',(-4.450063147398,0.677536293647));
#5110 = CARTESIAN_POINT('',(-4.449653246915,0.722795149243));
#5111 = CARTESIAN_POINT('',(-4.449217055139,0.767982595575));
#5112 = CARTESIAN_POINT('',(-4.44829138678,0.858566944876));
#5113 = CARTESIAN_POINT('',(-4.44780150884,0.903963638605));
#5114 = CARTESIAN_POINT('',(-4.447287890797,0.949286949897));
#5115 = CARTESIAN_POINT('',(-4.446752126436,0.994539137699));
#5116 = CARTESIAN_POINT('',(-4.44619591436,1.039723930919));
#5117 = CARTESIAN_POINT('',(-4.444584251529,1.16622604934));
#5118 = CARTESIAN_POINT('',(-4.443486762223,1.247403239427));
#5119 = CARTESIAN_POINT('',(-4.442339201508,1.328398986043));
#5120 = CARTESIAN_POINT('',(-4.441153010909,1.409261869622));
#5121 = CARTESIAN_POINT('',(-4.439940560208,1.490044716684));
#5122 = CARTESIAN_POINT('',(-4.438715242666,1.570796326795));
#5123 = ( GEOMETRIC_REPRESENTATION_CONTEXT(2) 
PARAMETRIC_REPRESENTATION_CONTEXT() REPRESENTATION_CONTEXT('2D SPACE',''
  ) );
#5124 = ORIENTED_EDGE('',*,*,#5125,.F.);
#5125 = EDGE_CURVE('',#5126,#5041,#5128,.T.);
#5126 = VERTEX_POINT('',#5127);
#5127 = CARTESIAN_POINT('',(-10.,-37.69615364994,14.));
#5128 = SURFACE_CURVE('',#5129,(#5133,#5139),.PCURVE_S1.);
#5129 = LINE('',#5130,#5131);
#5130 = CARTESIAN_POINT('',(-10.,-37.69615364994,0.));
#5131 = VECTOR('',#5132,1.);
#5132 = DIRECTION('',(-0.,-0.,-1.));
#5133 = PCURVE('',#3067,#5134);
#5134 = DEFINITIONAL_REPRESENTATION('',(#5135),#5138);
#5135 = B_SPLINE_CURVE_WITH_KNOTS('',1,(#5136,#5137),.UNSPECIFIED.,.F.,
  .F.,(2,2),(-15.40000000588,-1.9999994),.PIECEWISE_BEZIER_KNOTS.);
#5136 = CARTESIAN_POINT('',(15.400000005889,2.696153649942));
#5137 = CARTESIAN_POINT('',(1.9999994,2.696153649942));
#5138 = ( GEOMETRIC_REPRESENTATION_CONTEXT(2) 
PARAMETRIC_REPRESENTATION_CONTEXT() REPRESENTATION_CONTEXT('2D SPACE',''
  ) );
#5139 = PCURVE('',#4777,#5140);
#5140 = DEFINITIONAL_REPRESENTATION('',(#5141),#5144);
#5141 = B_SPLINE_CURVE_WITH_KNOTS('',1,(#5142,#5143),.UNSPECIFIED.,.F.,
  .F.,(2,2),(-15.40000000588,-1.9999994),.PIECEWISE_BEZIER_KNOTS.);
#5142 = CARTESIAN_POINT('',(-4.453082524112,-15.40000000588));
#5143 = CARTESIAN_POINT('',(-4.453082524112,-1.9999994));
#5144 = ( GEOMETRIC_REPRESENTATION_CONTEXT(2) 
PARAMETRIC_REPRESENTATION_CONTEXT() REPRESENTATION_CONTEXT('2D SPACE',''
  ) );
#5145 = ORIENTED_EDGE('',*,*,#5146,.T.);
#5146 = EDGE_CURVE('',#5126,#3819,#5147,.T.);
#5147 = SURFACE_CURVE('',#5148,(#5152,#5159),.PCURVE_S1.);
#5148 = LINE('',#5149,#5150);
#5149 = CARTESIAN_POINT('',(-10.,-35.,14.));
#5150 = VECTOR('',#5151,1.);
#5151 = DIRECTION('',(1.110223024625E-16,-1.,0.));
#5152 = PCURVE('',#3067,#5153);
#5153 = DEFINITIONAL_REPRESENTATION('',(#5154),#5158);
#5154 = LINE('',#5155,#5156);
#5155 = CARTESIAN_POINT('',(14.,0.));
#5156 = VECTOR('',#5157,1.);
#5157 = DIRECTION('',(0.,1.));
#5158 = ( GEOMETRIC_REPRESENTATION_CONTEXT(2) 
PARAMETRIC_REPRESENTATION_CONTEXT() REPRESENTATION_CONTEXT('2D SPACE',''
  ) );
#5159 = PCURVE('',#3898,#5160);
#5160 = DEFINITIONAL_REPRESENTATION('',(#5161),#5165);
#5161 = LINE('',#5162,#5163);
#5162 = CARTESIAN_POINT('',(0.,0.));
#5163 = VECTOR('',#5164,1.);
#5164 = DIRECTION('',(1.,0.));
#5165 = ( GEOMETRIC_REPRESENTATION_CONTEXT(2) 
PARAMETRIC_REPRESENTATION_CONTEXT() REPRESENTATION_CONTEXT('2D SPACE',''
  ) );
#5166 = ORIENTED_EDGE('',*,*,#3818,.F.);
#5167 = ORIENTED_EDGE('',*,*,#5168,.T.);
#5168 = EDGE_CURVE('',#3795,#2989,#5169,.T.);
#5169 = SURFACE_CURVE('',#5170,(#5174,#5180),.PCURVE_S1.);
#5170 = LINE('',#5171,#5172);
#5171 = CARTESIAN_POINT('',(-10.,-58.14636704042,0.));
#5172 = VECTOR('',#5173,1.);
#5173 = DIRECTION('',(-0.,-0.,-1.));
#5174 = PCURVE('',#3067,#5175);
#5175 = DEFINITIONAL_REPRESENTATION('',(#5176),#5179);
#5176 = B_SPLINE_CURVE_WITH_KNOTS('',1,(#5177,#5178),.UNSPECIFIED.,.F.,
  .F.,(2,2),(-9.0000006,-6.9999994),.PIECEWISE_BEZIER_KNOTS.);
#5177 = CARTESIAN_POINT('',(9.0000006,23.146367040426));
#5178 = CARTESIAN_POINT('',(6.9999994,23.146367040426));
#5179 = ( GEOMETRIC_REPRESENTATION_CONTEXT(2) 
PARAMETRIC_REPRESENTATION_CONTEXT() REPRESENTATION_CONTEXT('2D SPACE',''
  ) );
#5180 = PCURVE('',#3005,#5181);
#5181 = DEFINITIONAL_REPRESENTATION('',(#5182),#5185);
#5182 = B_SPLINE_CURVE_WITH_KNOTS('',1,(#5183,#5184),.UNSPECIFIED.,.F.,
  .F.,(2,2),(-9.0000006,-6.9999994),.PIECEWISE_BEZIER_KNOTS.);
#5183 = CARTESIAN_POINT('',(-4.542075273541,-9.0000006));
#5184 = CARTESIAN_POINT('',(-4.542075273541,-6.9999994));
#5185 = ( GEOMETRIC_REPRESENTATION_CONTEXT(2) 
PARAMETRIC_REPRESENTATION_CONTEXT() REPRESENTATION_CONTEXT('2D SPACE',''
  ) );
#5186 = ORIENTED_EDGE('',*,*,#3017,.T.);
#5187 = ORIENTED_EDGE('',*,*,#4964,.F.);
#5188 = ADVANCED_FACE('',(#5189),#3005,.F.);
#5189 = FACE_BOUND('',#5190,.T.);
#5190 = EDGE_LOOP('',(#5191,#5192,#5193,#5212));
#5191 = ORIENTED_EDGE('',*,*,#5168,.T.);
#5192 = ORIENTED_EDGE('',*,*,#2988,.F.);
#5193 = ORIENTED_EDGE('',*,*,#5194,.F.);
#5194 = EDGE_CURVE('',#3730,#2910,#5195,.T.);
#5195 = SURFACE_CURVE('',#5196,(#5200,#5206),.PCURVE_S1.);
#5196 = LINE('',#5197,#5198);
#5197 = CARTESIAN_POINT('',(-55.35623099478,20.412929482369,0.));
#5198 = VECTOR('',#5199,1.);
#5199 = DIRECTION('',(-0.,-0.,-1.));
#5200 = PCURVE('',#3005,#5201);
#5201 = DEFINITIONAL_REPRESENTATION('',(#5202),#5205);
#5202 = B_SPLINE_CURVE_WITH_KNOTS('',1,(#5203,#5204),.UNSPECIFIED.,.F.,
  .F.,(2,2),(-9.0000006,-6.9999994),.PIECEWISE_BEZIER_KNOTS.);
#5203 = CARTESIAN_POINT('',(-2.788307584835,-9.0000006));
#5204 = CARTESIAN_POINT('',(-2.788307584835,-6.9999994));
#5205 = ( GEOMETRIC_REPRESENTATION_CONTEXT(2) 
PARAMETRIC_REPRESENTATION_CONTEXT() REPRESENTATION_CONTEXT('2D SPACE',''
  ) );
#5206 = PCURVE('',#2959,#5207);
#5207 = DEFINITIONAL_REPRESENTATION('',(#5208),#5211);
#5208 = B_SPLINE_CURVE_WITH_KNOTS('',1,(#5209,#5210),.UNSPECIFIED.,.F.,
  .F.,(2,2),(-9.0000006,-6.9999994),.PIECEWISE_BEZIER_KNOTS.);
#5209 = CARTESIAN_POINT('',(9.0000006,23.146367040426));
#5210 = CARTESIAN_POINT('',(6.9999994,23.146367040426));
#5211 = ( GEOMETRIC_REPRESENTATION_CONTEXT(2) 
PARAMETRIC_REPRESENTATION_CONTEXT() REPRESENTATION_CONTEXT('2D SPACE',''
  ) );
#5212 = ORIENTED_EDGE('',*,*,#3794,.T.);
#5213 = ADVANCED_FACE('',(#5214),#2959,.T.);
#5214 = FACE_BOUND('',#5215,.T.);
#5215 = EDGE_LOOP('',(#5216,#5241,#5269,#5349,#5370,#5391,#5392,#5393,
    #5394));
#5216 = ORIENTED_EDGE('',*,*,#5217,.F.);
#5217 = EDGE_CURVE('',#5218,#5220,#5222,.T.);
#5218 = VERTEX_POINT('',#5219);
#5219 = CARTESIAN_POINT('',(-37.04293994002,9.839745962156,0.));
#5220 = VERTEX_POINT('',#5221);
#5221 = CARTESIAN_POINT('',(-57.82754963085,21.839745962156,0.));
#5222 = SURFACE_CURVE('',#5223,(#5227,#5234),.PCURVE_S1.);
#5223 = LINE('',#5224,#5225);
#5224 = CARTESIAN_POINT('',(-35.31088913245,8.839745962156,0.));
#5225 = VECTOR('',#5226,1.);
#5226 = DIRECTION('',(-0.866025403784,0.5,0.));
#5227 = PCURVE('',#2959,#5228);
#5228 = DEFINITIONAL_REPRESENTATION('',(#5229),#5233);
#5229 = LINE('',#5230,#5231);
#5230 = CARTESIAN_POINT('',(0.,0.));
#5231 = VECTOR('',#5232,1.);
#5232 = DIRECTION('',(0.,1.));
#5233 = ( GEOMETRIC_REPRESENTATION_CONTEXT(2) 
PARAMETRIC_REPRESENTATION_CONTEXT() REPRESENTATION_CONTEXT('2D SPACE',''
  ) );
#5234 = PCURVE('',#4642,#5235);
#5235 = DEFINITIONAL_REPRESENTATION('',(#5236),#5240);
#5236 = LINE('',#5237,#5238);
#5237 = CARTESIAN_POINT('',(-43.83974596215,-25.31088913245));
#5238 = VECTOR('',#5239,1.);
#5239 = DIRECTION('',(-0.5,-0.866025403784));
#5240 = ( GEOMETRIC_REPRESENTATION_CONTEXT(2) 
PARAMETRIC_REPRESENTATION_CONTEXT() REPRESENTATION_CONTEXT('2D SPACE',''
  ) );
#5241 = ORIENTED_EDGE('',*,*,#5242,.T.);
#5242 = EDGE_CURVE('',#5218,#5243,#5245,.T.);
#5243 = VERTEX_POINT('',#5244);
#5244 = CARTESIAN_POINT('',(-37.04293994002,9.839745962156,
    0.504122760035));
#5245 = SURFACE_CURVE('',#5246,(#5250,#5257),.PCURVE_S1.);
#5246 = LINE('',#5247,#5248);
#5247 = CARTESIAN_POINT('',(-37.04293994002,9.839745962156,0.));
#5248 = VECTOR('',#5249,1.);
#5249 = DIRECTION('',(0.,0.,1.));
#5250 = PCURVE('',#2959,#5251);
#5251 = DEFINITIONAL_REPRESENTATION('',(#5252),#5256);
#5252 = LINE('',#5253,#5254);
#5253 = CARTESIAN_POINT('',(0.,2.));
#5254 = VECTOR('',#5255,1.);
#5255 = DIRECTION('',(1.,0.));
#5256 = ( GEOMETRIC_REPRESENTATION_CONTEXT(2) 
PARAMETRIC_REPRESENTATION_CONTEXT() REPRESENTATION_CONTEXT('2D SPACE',''
  ) );
#5257 = PCURVE('',#5258,#5263);
#5258 = CYLINDRICAL_SURFACE('',#5259,2.);
#5259 = AXIS2_PLACEMENT_3D('',#5260,#5261,#5262);
#5260 = CARTESIAN_POINT('',(-36.04293994002,11.571796769724,0.));
#5261 = DIRECTION('',(0.,0.,1.));
#5262 = DIRECTION('',(0.866025403784,-0.5,0.));
#5263 = DEFINITIONAL_REPRESENTATION('',(#5264),#5268);
#5264 = LINE('',#5265,#5266);
#5265 = CARTESIAN_POINT('',(-1.570796326795,0.));
#5266 = VECTOR('',#5267,1.);
#5267 = DIRECTION('',(-0.,1.));
#5268 = ( GEOMETRIC_REPRESENTATION_CONTEXT(2) 
PARAMETRIC_REPRESENTATION_CONTEXT() REPRESENTATION_CONTEXT('2D SPACE',''
  ) );
#5269 = ORIENTED_EDGE('',*,*,#5270,.F.);
#5270 = EDGE_CURVE('',#5271,#5243,#5273,.T.);
#5271 = VERTEX_POINT('',#5272);
#5272 = CARTESIAN_POINT('',(-37.64582668581,10.187822787126,2.));
#5273 = SURFACE_CURVE('',#5274,(#5297,#5323),.PCURVE_S1.);
#5274 = B_SPLINE_CURVE_WITH_KNOTS('',6,(#5275,#5276,#5277,#5278,#5279,
    #5280,#5281,#5282,#5283,#5284,#5285,#5286,#5287,#5288,#5289,#5290,
    #5291,#5292,#5293,#5294,#5295,#5296),.UNSPECIFIED.,.F.,.F.,(7,5,5,5,
    7),(0.,0.340453657295,0.512854994274,0.686611678874,1.),
  .UNSPECIFIED.);
#5275 = CARTESIAN_POINT('',(-37.64582668581,10.187822787126,2.));
#5276 = CARTESIAN_POINT('',(-37.64582668581,10.187822787126,
    1.819090253459));
#5277 = CARTESIAN_POINT('',(-37.62823212292,10.177664561507,
    1.63813300619));
#5278 = CARTESIAN_POINT('',(-37.59302729515,10.157339044721,
    1.46005739934));
#5279 = CARTESIAN_POINT('',(-37.54078666197,10.127177901091,
    1.287594891457));
#5280 = CARTESIAN_POINT('',(-37.47247297718,10.087736976788,
    1.123286750395));
#5281 = CARTESIAN_POINT('',(-37.34753610947,10.015604642582,
    0.891494332307));
#5282 = CARTESIAN_POINT('',(-37.30178001428,9.989187348704,0.81623760029
    ));
#5283 = CARTESIAN_POINT('',(-37.25244659225,9.960704684216,
    0.743930006681));
#5284 = CARTESIAN_POINT('',(-37.19973628394,9.930272373528,
    0.674830514422));
#5285 = CARTESIAN_POINT('',(-37.14386724159,9.898016366885,
    0.609171753654));
#5286 = CARTESIAN_POINT('',(-37.02581572046,9.829859289384,
    0.484663257953));
#5287 = CARTESIAN_POINT('',(-36.96358585265,9.793930858453,
    0.425869823948));
#5288 = CARTESIAN_POINT('',(-36.89862113179,9.756423459376,
    0.370992559146));
#5289 = CARTESIAN_POINT('',(-36.83117092871,9.717481066469,
    0.320213152437));
#5290 = CARTESIAN_POINT('',(-36.76149373234,9.677252918388,
    0.273685490516));
#5291 = CARTESIAN_POINT('',(-36.56064718371,9.56129410947,0.155519960755
    ));
#5292 = CARTESIAN_POINT('',(-36.42505379838,9.483009231949,
    9.37471189824E-02));
#5293 = CARTESIAN_POINT('',(-36.28463454161,9.401938136258,
    4.697277206141E-02));
#5294 = CARTESIAN_POINT('',(-36.14098661682,9.319002968212,
    1.564993896381E-02));
#5295 = CARTESIAN_POINT('',(-35.99571797448,9.235132078449,
    9.889220082805E-18));
#5296 = CARTESIAN_POINT('',(-35.8504457018,9.151259092712,0.));
#5297 = PCURVE('',#2959,#5298);
#5298 = DEFINITIONAL_REPRESENTATION('',(#5299),#5322);
#5299 = B_SPLINE_CURVE_WITH_KNOTS('',6,(#5300,#5301,#5302,#5303,#5304,
    #5305,#5306,#5307,#5308,#5309,#5310,#5311,#5312,#5313,#5314,#5315,
    #5316,#5317,#5318,#5319,#5320,#5321),.UNSPECIFIED.,.F.,.F.,(7,5,5,5,
    7),(0.,0.340453657295,0.512854994274,0.686611678874,1.),
  .UNSPECIFIED.);
#5300 = CARTESIAN_POINT('',(2.,2.696153649942));
#5301 = CARTESIAN_POINT('',(1.819090253459,2.696153649942));
#5302 = CARTESIAN_POINT('',(1.63813300619,2.675837198703));
#5303 = CARTESIAN_POINT('',(1.46005739934,2.63518616513));
#5304 = CARTESIAN_POINT('',(1.287594891457,2.574863877871));
#5305 = CARTESIAN_POINT('',(1.123286750395,2.495982029264));
#5306 = CARTESIAN_POINT('',(0.891494332307,2.351717360853));
#5307 = CARTESIAN_POINT('',(0.81623760029,2.298882773098));
#5308 = CARTESIAN_POINT('',(0.743930006681,2.241917444122));
#5309 = CARTESIAN_POINT('',(0.674830514422,2.181052822745));
#5310 = CARTESIAN_POINT('',(0.609171753654,2.116540809458));
#5311 = CARTESIAN_POINT('',(0.484663257953,1.980226654457));
#5312 = CARTESIAN_POINT('',(0.425869823948,1.908369792595));
#5313 = CARTESIAN_POINT('',(0.370992559146,1.83335499444));
#5314 = CARTESIAN_POINT('',(0.320213152437,1.755470208628));
#5315 = CARTESIAN_POINT('',(0.273685490516,1.675013912465));
#5316 = CARTESIAN_POINT('',(0.155519960755,1.443096294628));
#5317 = CARTESIAN_POINT('',(9.37471189824E-02,1.286526539587));
#5318 = CARTESIAN_POINT('',(4.697277206141E-02,1.124384348205));
#5319 = CARTESIAN_POINT('',(1.564993896381E-02,0.958514012114));
#5320 = CARTESIAN_POINT('',(9.889220082805E-18,0.790772232587));
#5321 = CARTESIAN_POINT('',(0.,0.623026261114));
#5322 = ( GEOMETRIC_REPRESENTATION_CONTEXT(2) 
PARAMETRIC_REPRESENTATION_CONTEXT() REPRESENTATION_CONTEXT('2D SPACE',''
  ) );
#5323 = PCURVE('',#5094,#5324);
#5324 = DEFINITIONAL_REPRESENTATION('',(#5325),#5348);
#5325 = B_SPLINE_CURVE_WITH_KNOTS('',6,(#5326,#5327,#5328,#5329,#5330,
    #5331,#5332,#5333,#5334,#5335,#5336,#5337,#5338,#5339,#5340,#5341,
    #5342,#5343,#5344,#5345,#5346,#5347),.UNSPECIFIED.,.F.,.F.,(7,5,5,5,
    7),(0.,0.340453657295,0.512854994274,0.686611678874,1.),
  .UNSPECIFIED.);
#5326 = CARTESIAN_POINT('',(-2.877300334264,0.));
#5327 = CARTESIAN_POINT('',(-2.877300334264,9.045487327053E-02));
#5328 = CARTESIAN_POINT('',(-2.877433907436,0.18093314196));
#5329 = CARTESIAN_POINT('',(-2.877701171521,0.271304906179));
#5330 = CARTESIAN_POINT('',(-2.878098780625,0.361531265199));
#5331 = CARTESIAN_POINT('',(-2.878621424257,0.451576896119));
#5332 = CARTESIAN_POINT('',(-2.879583974179,0.586809473723));
#5333 = CARTESIAN_POINT('',(-2.879937432235,0.632206928536));
#5334 = CARTESIAN_POINT('',(-2.880319710979,0.67753629375));
#5335 = CARTESIAN_POINT('',(-2.880729611462,0.722795149345));
#5336 = CARTESIAN_POINT('',(-2.881165803238,0.767982595677));
#5337 = CARTESIAN_POINT('',(-2.882091471597,0.858566944978));
#5338 = CARTESIAN_POINT('',(-2.882581349537,0.903963638707));
#5339 = CARTESIAN_POINT('',(-2.883094967581,0.949286949999));
#5340 = CARTESIAN_POINT('',(-2.883630731942,0.994539137801));
#5341 = CARTESIAN_POINT('',(-2.884186944018,1.039723931021));
#5342 = CARTESIAN_POINT('',(-2.885798606848,1.166226049425));
#5343 = CARTESIAN_POINT('',(-2.886896096154,1.247403239495));
#5344 = CARTESIAN_POINT('',(-2.888043656869,1.328398986094));
#5345 = CARTESIAN_POINT('',(-2.889229847468,1.409261869655));
#5346 = CARTESIAN_POINT('',(-2.890442298168,1.490044716701));
#5347 = CARTESIAN_POINT('',(-2.89166761571,1.570796326795));
#5348 = ( GEOMETRIC_REPRESENTATION_CONTEXT(2) 
PARAMETRIC_REPRESENTATION_CONTEXT() REPRESENTATION_CONTEXT('2D SPACE',''
  ) );
#5349 = ORIENTED_EDGE('',*,*,#5350,.F.);
#5350 = EDGE_CURVE('',#5351,#5271,#5353,.T.);
#5351 = VERTEX_POINT('',#5352);
#5352 = CARTESIAN_POINT('',(-37.64582668581,10.187822787126,14.));
#5353 = SURFACE_CURVE('',#5354,(#5358,#5364),.PCURVE_S1.);
#5354 = LINE('',#5355,#5356);
#5355 = CARTESIAN_POINT('',(-37.64582668581,10.187822787126,0.));
#5356 = VECTOR('',#5357,1.);
#5357 = DIRECTION('',(-0.,-0.,-1.));
#5358 = PCURVE('',#2959,#5359);
#5359 = DEFINITIONAL_REPRESENTATION('',(#5360),#5363);
#5360 = B_SPLINE_CURVE_WITH_KNOTS('',1,(#5361,#5362),.UNSPECIFIED.,.F.,
  .F.,(2,2),(-15.40000000588,-1.9999994),.PIECEWISE_BEZIER_KNOTS.);
#5361 = CARTESIAN_POINT('',(15.400000005889,2.696153649942));
#5362 = CARTESIAN_POINT('',(1.9999994,2.696153649942));
#5363 = ( GEOMETRIC_REPRESENTATION_CONTEXT(2) 
PARAMETRIC_REPRESENTATION_CONTEXT() REPRESENTATION_CONTEXT('2D SPACE',''
  ) );
#5364 = PCURVE('',#4777,#5365);
#5365 = DEFINITIONAL_REPRESENTATION('',(#5366),#5369);
#5366 = B_SPLINE_CURVE_WITH_KNOTS('',1,(#5367,#5368),.UNSPECIFIED.,.F.,
  .F.,(2,2),(-15.40000000588,-1.9999994),.PIECEWISE_BEZIER_KNOTS.);
#5367 = CARTESIAN_POINT('',(-2.877300334264,-15.40000000588));
#5368 = CARTESIAN_POINT('',(-2.877300334264,-1.9999994));
#5369 = ( GEOMETRIC_REPRESENTATION_CONTEXT(2) 
PARAMETRIC_REPRESENTATION_CONTEXT() REPRESENTATION_CONTEXT('2D SPACE',''
  ) );
#5370 = ORIENTED_EDGE('',*,*,#5371,.T.);
#5371 = EDGE_CURVE('',#5351,#3697,#5372,.T.);
#5372 = SURFACE_CURVE('',#5373,(#5377,#5384),.PCURVE_S1.);
#5373 = LINE('',#5374,#5375);
#5374 = CARTESIAN_POINT('',(-35.31088913245,8.839745962156,14.));
#5375 = VECTOR('',#5376,1.);
#5376 = DIRECTION('',(-0.866025403784,0.5,0.));
#5377 = PCURVE('',#2959,#5378);
#5378 = DEFINITIONAL_REPRESENTATION('',(#5379),#5383);
#5379 = LINE('',#5380,#5381);
#5380 = CARTESIAN_POINT('',(14.,0.));
#5381 = VECTOR('',#5382,1.);
#5382 = DIRECTION('',(0.,1.));
#5383 = ( GEOMETRIC_REPRESENTATION_CONTEXT(2) 
PARAMETRIC_REPRESENTATION_CONTEXT() REPRESENTATION_CONTEXT('2D SPACE',''
  ) );
#5384 = PCURVE('',#3713,#5385);
#5385 = DEFINITIONAL_REPRESENTATION('',(#5386),#5390);
#5386 = LINE('',#5387,#5388);
#5387 = CARTESIAN_POINT('',(1.7763568394E-15,20.));
#5388 = VECTOR('',#5389,1.);
#5389 = DIRECTION('',(1.,0.));
#5390 = ( GEOMETRIC_REPRESENTATION_CONTEXT(2) 
PARAMETRIC_REPRESENTATION_CONTEXT() REPRESENTATION_CONTEXT('2D SPACE',''
  ) );
#5391 = ORIENTED_EDGE('',*,*,#3729,.F.);
#5392 = ORIENTED_EDGE('',*,*,#5194,.T.);
#5393 = ORIENTED_EDGE('',*,*,#2909,.T.);
#5394 = ORIENTED_EDGE('',*,*,#5395,.F.);
#5395 = EDGE_CURVE('',#5220,#2795,#5396,.T.);
#5396 = SURFACE_CURVE('',#5397,(#5401,#5408),.PCURVE_S1.);
#5397 = LINE('',#5398,#5399);
#5398 = CARTESIAN_POINT('',(-57.82754963085,21.839745962156,0.));
#5399 = VECTOR('',#5400,1.);
#5400 = DIRECTION('',(0.,0.,1.));
#5401 = PCURVE('',#2959,#5402);
#5402 = DEFINITIONAL_REPRESENTATION('',(#5403),#5407);
#5403 = LINE('',#5404,#5405);
#5404 = CARTESIAN_POINT('',(0.,26.));
#5405 = VECTOR('',#5406,1.);
#5406 = DIRECTION('',(1.,0.));
#5407 = ( GEOMETRIC_REPRESENTATION_CONTEXT(2) 
PARAMETRIC_REPRESENTATION_CONTEXT() REPRESENTATION_CONTEXT('2D SPACE',''
  ) );
#5408 = PCURVE('',#2868,#5409);
#5409 = DEFINITIONAL_REPRESENTATION('',(#5410),#5414);
#5410 = LINE('',#5411,#5412);
#5411 = CARTESIAN_POINT('',(1.570796326795,0.));
#5412 = VECTOR('',#5413,1.);
#5413 = DIRECTION('',(0.,1.));
#5414 = ( GEOMETRIC_REPRESENTATION_CONTEXT(2) 
PARAMETRIC_REPRESENTATION_CONTEXT() REPRESENTATION_CONTEXT('2D SPACE',''
  ) );
#5415 = ADVANCED_FACE('',(#5416),#2868,.T.);
#5416 = FACE_BOUND('',#5417,.T.);
#5417 = EDGE_LOOP('',(#5418,#5441,#5463,#5464));
#5418 = ORIENTED_EDGE('',*,*,#5419,.F.);
#5419 = EDGE_CURVE('',#5420,#2716,#5422,.T.);
#5420 = VERTEX_POINT('',#5421);
#5421 = CARTESIAN_POINT('',(-58.55960043842,24.571796769724,0.));
#5422 = SURFACE_CURVE('',#5423,(#5427,#5434),.PCURVE_S1.);
#5423 = LINE('',#5424,#5425);
#5424 = CARTESIAN_POINT('',(-58.55960043842,24.571796769724,0.));
#5425 = VECTOR('',#5426,1.);
#5426 = DIRECTION('',(0.,0.,1.));
#5427 = PCURVE('',#2868,#5428);
#5428 = DEFINITIONAL_REPRESENTATION('',(#5429),#5433);
#5429 = LINE('',#5430,#5431);
#5430 = CARTESIAN_POINT('',(0.,0.));
#5431 = VECTOR('',#5432,1.);
#5432 = DIRECTION('',(0.,1.));
#5433 = ( GEOMETRIC_REPRESENTATION_CONTEXT(2) 
PARAMETRIC_REPRESENTATION_CONTEXT() REPRESENTATION_CONTEXT('2D SPACE',''
  ) );
#5434 = PCURVE('',#2765,#5435);
#5435 = DEFINITIONAL_REPRESENTATION('',(#5436),#5440);
#5436 = LINE('',#5437,#5438);
#5437 = CARTESIAN_POINT('',(0.,-18.));
#5438 = VECTOR('',#5439,1.);
#5439 = DIRECTION('',(1.,0.));
#5440 = ( GEOMETRIC_REPRESENTATION_CONTEXT(2) 
PARAMETRIC_REPRESENTATION_CONTEXT() REPRESENTATION_CONTEXT('2D SPACE',''
  ) );
#5441 = ORIENTED_EDGE('',*,*,#5442,.T.);
#5442 = EDGE_CURVE('',#5420,#5220,#5443,.T.);
#5443 = SURFACE_CURVE('',#5444,(#5449,#5456),.PCURVE_S1.);
#5444 = CIRCLE('',#5445,2.);
#5445 = AXIS2_PLACEMENT_3D('',#5446,#5447,#5448);
#5446 = CARTESIAN_POINT('',(-56.82754963085,23.571796769724,0.));
#5447 = DIRECTION('',(0.,0.,1.));
#5448 = DIRECTION('',(0.,-1.,0.));
#5449 = PCURVE('',#2868,#5450);
#5450 = DEFINITIONAL_REPRESENTATION('',(#5451),#5455);
#5451 = LINE('',#5452,#5453);
#5452 = CARTESIAN_POINT('',(-4.188790204786,0.));
#5453 = VECTOR('',#5454,1.);
#5454 = DIRECTION('',(1.,0.));
#5455 = ( GEOMETRIC_REPRESENTATION_CONTEXT(2) 
PARAMETRIC_REPRESENTATION_CONTEXT() REPRESENTATION_CONTEXT('2D SPACE',''
  ) );
#5456 = PCURVE('',#4642,#5457);
#5457 = DEFINITIONAL_REPRESENTATION('',(#5458),#5462);
#5458 = CIRCLE('',#5459,2.);
#5459 = AXIS2_PLACEMENT_2D('',#5460,#5461);
#5460 = CARTESIAN_POINT('',(-58.57179676972,-46.82754963085));
#5461 = DIRECTION('',(1.,-1.110223024625E-16));
#5462 = ( GEOMETRIC_REPRESENTATION_CONTEXT(2) 
PARAMETRIC_REPRESENTATION_CONTEXT() REPRESENTATION_CONTEXT('2D SPACE',''
  ) );
#5463 = ORIENTED_EDGE('',*,*,#5395,.T.);
#5464 = ORIENTED_EDGE('',*,*,#2794,.F.);
#5465 = ADVANCED_FACE('',(#5466),#2765,.T.);
#5466 = FACE_BOUND('',#5467,.T.);
#5467 = EDGE_LOOP('',(#5468,#5469,#5492,#5513));
#5468 = ORIENTED_EDGE('',*,*,#2715,.T.);
#5469 = ORIENTED_EDGE('',*,*,#5470,.F.);
#5470 = EDGE_CURVE('',#5471,#2601,#5473,.T.);
#5471 = VERTEX_POINT('',#5472);
#5472 = CARTESIAN_POINT('',(-50.55960043842,38.428203230276,0.));
#5473 = SURFACE_CURVE('',#5474,(#5478,#5485),.PCURVE_S1.);
#5474 = LINE('',#5475,#5476);
#5475 = CARTESIAN_POINT('',(-50.55960043842,38.428203230276,0.));
#5476 = VECTOR('',#5477,1.);
#5477 = DIRECTION('',(0.,0.,1.));
#5478 = PCURVE('',#2765,#5479);
#5479 = DEFINITIONAL_REPRESENTATION('',(#5480),#5484);
#5480 = LINE('',#5481,#5482);
#5481 = CARTESIAN_POINT('',(0.,-2.));
#5482 = VECTOR('',#5483,1.);
#5483 = DIRECTION('',(1.,0.));
#5484 = ( GEOMETRIC_REPRESENTATION_CONTEXT(2) 
PARAMETRIC_REPRESENTATION_CONTEXT() REPRESENTATION_CONTEXT('2D SPACE',''
  ) );
#5485 = PCURVE('',#2674,#5486);
#5486 = DEFINITIONAL_REPRESENTATION('',(#5487),#5491);
#5487 = LINE('',#5488,#5489);
#5488 = CARTESIAN_POINT('',(-0.,0.));
#5489 = VECTOR('',#5490,1.);
#5490 = DIRECTION('',(-0.,1.));
#5491 = ( GEOMETRIC_REPRESENTATION_CONTEXT(2) 
PARAMETRIC_REPRESENTATION_CONTEXT() REPRESENTATION_CONTEXT('2D SPACE',''
  ) );
#5492 = ORIENTED_EDGE('',*,*,#5493,.T.);
#5493 = EDGE_CURVE('',#5471,#5420,#5494,.T.);
#5494 = SURFACE_CURVE('',#5495,(#5499,#5506),.PCURVE_S1.);
#5495 = LINE('',#5496,#5497);
#5496 = CARTESIAN_POINT('',(-49.55960043842,40.160254037844,0.));
#5497 = VECTOR('',#5498,1.);
#5498 = DIRECTION('',(-0.5,-0.866025403784,0.));
#5499 = PCURVE('',#2765,#5500);
#5500 = DEFINITIONAL_REPRESENTATION('',(#5501),#5505);
#5501 = LINE('',#5502,#5503);
#5502 = CARTESIAN_POINT('',(0.,0.));
#5503 = VECTOR('',#5504,1.);
#5504 = DIRECTION('',(0.,-1.));
#5505 = ( GEOMETRIC_REPRESENTATION_CONTEXT(2) 
PARAMETRIC_REPRESENTATION_CONTEXT() REPRESENTATION_CONTEXT('2D SPACE',''
  ) );
#5506 = PCURVE('',#4642,#5507);
#5507 = DEFINITIONAL_REPRESENTATION('',(#5508),#5512);
#5508 = LINE('',#5509,#5510);
#5509 = CARTESIAN_POINT('',(-75.16025403784,-39.55960043842));
#5510 = VECTOR('',#5511,1.);
#5511 = DIRECTION('',(0.866025403784,-0.5));
#5512 = ( GEOMETRIC_REPRESENTATION_CONTEXT(2) 
PARAMETRIC_REPRESENTATION_CONTEXT() REPRESENTATION_CONTEXT('2D SPACE',''
  ) );
#5513 = ORIENTED_EDGE('',*,*,#5419,.T.);
#5514 = ADVANCED_FACE('',(#5515),#2674,.T.);
#5515 = FACE_BOUND('',#5516,.F.);
#5516 = EDGE_LOOP('',(#5517,#5518,#5546,#5567));
#5517 = ORIENTED_EDGE('',*,*,#5470,.F.);
#5518 = ORIENTED_EDGE('',*,*,#5519,.T.);
#5519 = EDGE_CURVE('',#5471,#5520,#5522,.T.);
#5520 = VERTEX_POINT('',#5521);
#5521 = CARTESIAN_POINT('',(-47.82754963085,39.160254037844,0.));
#5522 = SURFACE_CURVE('',#5523,(#5528,#5535),.PCURVE_S1.);
#5523 = CIRCLE('',#5524,2.);
#5524 = AXIS2_PLACEMENT_3D('',#5525,#5526,#5527);
#5525 = CARTESIAN_POINT('',(-48.82754963085,37.428203230276,0.));
#5526 = DIRECTION('',(-0.,-0.,-1.));
#5527 = DIRECTION('',(0.,-1.,0.));
#5528 = PCURVE('',#2674,#5529);
#5529 = DEFINITIONAL_REPRESENTATION('',(#5530),#5534);
#5530 = LINE('',#5531,#5532);
#5531 = CARTESIAN_POINT('',(2.094395102393,-0.));
#5532 = VECTOR('',#5533,1.);
#5533 = DIRECTION('',(-1.,0.));
#5534 = ( GEOMETRIC_REPRESENTATION_CONTEXT(2) 
PARAMETRIC_REPRESENTATION_CONTEXT() REPRESENTATION_CONTEXT('2D SPACE',''
  ) );
#5535 = PCURVE('',#4642,#5536);
#5536 = DEFINITIONAL_REPRESENTATION('',(#5537),#5545);
#5537 = ( BOUNDED_CURVE() B_SPLINE_CURVE(2,(#5538,#5539,#5540,#5541,
#5542,#5543,#5544),.UNSPECIFIED.,.T.,.F.) B_SPLINE_CURVE_WITH_KNOTS((1,2
    ,2,2,2,1),(-2.094395102393,0.,2.094395102393,4.188790204786,
6.28318530718,8.377580409573),.UNSPECIFIED.) CURVE() 
GEOMETRIC_REPRESENTATION_ITEM() RATIONAL_B_SPLINE_CURVE((1.,0.5,1.,0.5,
1.,0.5,1.)) REPRESENTATION_ITEM('') );
#5538 = CARTESIAN_POINT('',(-70.42820323027,-38.82754963085));
#5539 = CARTESIAN_POINT('',(-70.42820323027,-42.29165124598));
#5540 = CARTESIAN_POINT('',(-73.42820323027,-40.55960043842));
#5541 = CARTESIAN_POINT('',(-76.42820323027,-38.82754963085));
#5542 = CARTESIAN_POINT('',(-73.42820323027,-37.09549882328));
#5543 = CARTESIAN_POINT('',(-70.42820323027,-35.36344801571));
#5544 = CARTESIAN_POINT('',(-70.42820323027,-38.82754963085));
#5545 = ( GEOMETRIC_REPRESENTATION_CONTEXT(2) 
PARAMETRIC_REPRESENTATION_CONTEXT() REPRESENTATION_CONTEXT('2D SPACE',''
  ) );
#5546 = ORIENTED_EDGE('',*,*,#5547,.T.);
#5547 = EDGE_CURVE('',#5520,#2522,#5548,.T.);
#5548 = SURFACE_CURVE('',#5549,(#5553,#5560),.PCURVE_S1.);
#5549 = LINE('',#5550,#5551);
#5550 = CARTESIAN_POINT('',(-47.82754963085,39.160254037844,0.));
#5551 = VECTOR('',#5552,1.);
#5552 = DIRECTION('',(0.,0.,1.));
#5553 = PCURVE('',#2674,#5554);
#5554 = DEFINITIONAL_REPRESENTATION('',(#5555),#5559);
#5555 = LINE('',#5556,#5557);
#5556 = CARTESIAN_POINT('',(-1.570796326795,0.));
#5557 = VECTOR('',#5558,1.);
#5558 = DIRECTION('',(-0.,1.));
#5559 = ( GEOMETRIC_REPRESENTATION_CONTEXT(2) 
PARAMETRIC_REPRESENTATION_CONTEXT() REPRESENTATION_CONTEXT('2D SPACE',''
  ) );
#5560 = PCURVE('',#2571,#5561);
#5561 = DEFINITIONAL_REPRESENTATION('',(#5562),#5566);
#5562 = LINE('',#5563,#5564);
#5563 = CARTESIAN_POINT('',(0.,26.));
#5564 = VECTOR('',#5565,1.);
#5565 = DIRECTION('',(1.,0.));
#5566 = ( GEOMETRIC_REPRESENTATION_CONTEXT(2) 
PARAMETRIC_REPRESENTATION_CONTEXT() REPRESENTATION_CONTEXT('2D SPACE',''
  ) );
#5567 = ORIENTED_EDGE('',*,*,#2600,.T.);
#5568 = ADVANCED_FACE('',(#5569),#2571,.F.);
#5569 = FACE_BOUND('',#5570,.F.);
#5570 = EDGE_LOOP('',(#5571,#5594,#5622,#5707,#5728,#5749,#5750,#5769,
    #5770));
#5571 = ORIENTED_EDGE('',*,*,#5572,.F.);
#5572 = EDGE_CURVE('',#5573,#5520,#5575,.T.);
#5573 = VERTEX_POINT('',#5574);
#5574 = CARTESIAN_POINT('',(-27.04293994002,27.160254037844,0.));
#5575 = SURFACE_CURVE('',#5576,(#5580,#5587),.PCURVE_S1.);
#5576 = LINE('',#5577,#5578);
#5577 = CARTESIAN_POINT('',(-25.31088913245,26.160254037844,0.));
#5578 = VECTOR('',#5579,1.);
#5579 = DIRECTION('',(-0.866025403784,0.5,0.));
#5580 = PCURVE('',#2571,#5581);
#5581 = DEFINITIONAL_REPRESENTATION('',(#5582),#5586);
#5582 = LINE('',#5583,#5584);
#5583 = CARTESIAN_POINT('',(0.,0.));
#5584 = VECTOR('',#5585,1.);
#5585 = DIRECTION('',(0.,1.));
#5586 = ( GEOMETRIC_REPRESENTATION_CONTEXT(2) 
PARAMETRIC_REPRESENTATION_CONTEXT() REPRESENTATION_CONTEXT('2D SPACE',''
  ) );
#5587 = PCURVE('',#4642,#5588);
#5588 = DEFINITIONAL_REPRESENTATION('',(#5589),#5593);
#5589 = LINE('',#5590,#5591);
#5590 = CARTESIAN_POINT('',(-61.16025403784,-15.31088913245));
#5591 = VECTOR('',#5592,1.);
#5592 = DIRECTION('',(-0.5,-0.866025403784));
#5593 = ( GEOMETRIC_REPRESENTATION_CONTEXT(2) 
PARAMETRIC_REPRESENTATION_CONTEXT() REPRESENTATION_CONTEXT('2D SPACE',''
  ) );
#5594 = ORIENTED_EDGE('',*,*,#5595,.T.);
#5595 = EDGE_CURVE('',#5573,#5596,#5598,.T.);
#5596 = VERTEX_POINT('',#5597);
#5597 = CARTESIAN_POINT('',(-27.04293994002,27.160254037844,
    0.504122760035));
#5598 = SURFACE_CURVE('',#5599,(#5603,#5610),.PCURVE_S1.);
#5599 = LINE('',#5600,#5601);
#5600 = CARTESIAN_POINT('',(-27.04293994002,27.160254037844,0.));
#5601 = VECTOR('',#5602,1.);
#5602 = DIRECTION('',(0.,0.,1.));
#5603 = PCURVE('',#2571,#5604);
#5604 = DEFINITIONAL_REPRESENTATION('',(#5605),#5609);
#5605 = LINE('',#5606,#5607);
#5606 = CARTESIAN_POINT('',(0.,2.));
#5607 = VECTOR('',#5608,1.);
#5608 = DIRECTION('',(1.,0.));
#5609 = ( GEOMETRIC_REPRESENTATION_CONTEXT(2) 
PARAMETRIC_REPRESENTATION_CONTEXT() REPRESENTATION_CONTEXT('2D SPACE',''
  ) );
#5610 = PCURVE('',#5611,#5616);
#5611 = CYLINDRICAL_SURFACE('',#5612,2.);
#5612 = AXIS2_PLACEMENT_3D('',#5613,#5614,#5615);
#5613 = CARTESIAN_POINT('',(-28.04293994002,25.428203230276,0.));
#5614 = DIRECTION('',(0.,0.,1.));
#5615 = DIRECTION('',(0.866025403784,-0.5,0.));
#5616 = DEFINITIONAL_REPRESENTATION('',(#5617),#5621);
#5617 = LINE('',#5618,#5619);
#5618 = CARTESIAN_POINT('',(1.570796326795,0.));
#5619 = VECTOR('',#5620,1.);
#5620 = DIRECTION('',(0.,1.));
#5621 = ( GEOMETRIC_REPRESENTATION_CONTEXT(2) 
PARAMETRIC_REPRESENTATION_CONTEXT() REPRESENTATION_CONTEXT('2D SPACE',''
  ) );
#5622 = ORIENTED_EDGE('',*,*,#5623,.F.);
#5623 = EDGE_CURVE('',#5624,#5596,#5626,.T.);
#5624 = VERTEX_POINT('',#5625);
#5625 = CARTESIAN_POINT('',(-27.64582668581,27.508330862815,2.));
#5626 = SURFACE_CURVE('',#5627,(#5650,#5676),.PCURVE_S1.);
#5627 = B_SPLINE_CURVE_WITH_KNOTS('',6,(#5628,#5629,#5630,#5631,#5632,
    #5633,#5634,#5635,#5636,#5637,#5638,#5639,#5640,#5641,#5642,#5643,
    #5644,#5645,#5646,#5647,#5648,#5649),.UNSPECIFIED.,.F.,.F.,(7,5,5,5,
    7),(0.,0.340453657295,0.512854994274,0.686611678874,1.),
  .UNSPECIFIED.);
#5628 = CARTESIAN_POINT('',(-27.64582668581,27.508330862815,2.));
#5629 = CARTESIAN_POINT('',(-27.64582668581,27.508330862815,
    1.819090253459));
#5630 = CARTESIAN_POINT('',(-27.62823212292,27.498172637196,
    1.63813300619));
#5631 = CARTESIAN_POINT('',(-27.59302729515,27.477847120409,
    1.460057399341));
#5632 = CARTESIAN_POINT('',(-27.54078666197,27.44768597678,
    1.287594891457));
#5633 = CARTESIAN_POINT('',(-27.47247297718,27.408245052477,
    1.123286750396));
#5634 = CARTESIAN_POINT('',(-27.34753610947,27.336112718271,
    0.891494332307));
#5635 = CARTESIAN_POINT('',(-27.30178001428,27.309695424393,
    0.81623760029));
#5636 = CARTESIAN_POINT('',(-27.25244659225,27.281212759905,
    0.743930006681));
#5637 = CARTESIAN_POINT('',(-27.19973628394,27.250780449217,
    0.674830514422));
#5638 = CARTESIAN_POINT('',(-27.14386724159,27.218524442574,
    0.609171753654));
#5639 = CARTESIAN_POINT('',(-27.02581572046,27.150367365073,
    0.484663257953));
#5640 = CARTESIAN_POINT('',(-26.96358585265,27.114438934142,
    0.425869823948));
#5641 = CARTESIAN_POINT('',(-26.89862113179,27.076931535064,
    0.370992559146));
#5642 = CARTESIAN_POINT('',(-26.83117092871,27.037989142158,
    0.320213152437));
#5643 = CARTESIAN_POINT('',(-26.76149373234,26.997760994077,
    0.273685490516));
#5644 = CARTESIAN_POINT('',(-26.56064718371,26.881802185158,
    0.155519960755));
#5645 = CARTESIAN_POINT('',(-26.42505379838,26.803517307638,
    9.37471189824E-02));
#5646 = CARTESIAN_POINT('',(-26.28463454161,26.722446211947,
    4.69727720614E-02));
#5647 = CARTESIAN_POINT('',(-26.14098661682,26.639511043901,
    1.564993896381E-02));
#5648 = CARTESIAN_POINT('',(-25.99571797448,26.555640154138,
    9.889220082804E-18));
#5649 = CARTESIAN_POINT('',(-25.8504457018,26.471767168401,0.));
#5650 = PCURVE('',#2571,#5651);
#5651 = DEFINITIONAL_REPRESENTATION('',(#5652),#5675);
#5652 = B_SPLINE_CURVE_WITH_KNOTS('',6,(#5653,#5654,#5655,#5656,#5657,
    #5658,#5659,#5660,#5661,#5662,#5663,#5664,#5665,#5666,#5667,#5668,
    #5669,#5670,#5671,#5672,#5673,#5674),.UNSPECIFIED.,.F.,.F.,(7,5,5,5,
    7),(0.,0.340453657295,0.512854994274,0.686611678874,1.),
  .UNSPECIFIED.);
#5653 = CARTESIAN_POINT('',(2.,2.696153649942));
#5654 = CARTESIAN_POINT('',(1.819090253459,2.696153649942));
#5655 = CARTESIAN_POINT('',(1.63813300619,2.675837198703));
#5656 = CARTESIAN_POINT('',(1.460057399341,2.63518616513));
#5657 = CARTESIAN_POINT('',(1.287594891457,2.574863877871));
#5658 = CARTESIAN_POINT('',(1.123286750396,2.495982029264));
#5659 = CARTESIAN_POINT('',(0.891494332307,2.351717360853));
#5660 = CARTESIAN_POINT('',(0.81623760029,2.298882773098));
#5661 = CARTESIAN_POINT('',(0.743930006681,2.241917444122));
#5662 = CARTESIAN_POINT('',(0.674830514422,2.181052822745));
#5663 = CARTESIAN_POINT('',(0.609171753654,2.116540809458));
#5664 = CARTESIAN_POINT('',(0.484663257953,1.980226654457));
#5665 = CARTESIAN_POINT('',(0.425869823948,1.908369792595));
#5666 = CARTESIAN_POINT('',(0.370992559146,1.83335499444));
#5667 = CARTESIAN_POINT('',(0.320213152437,1.755470208628));
#5668 = CARTESIAN_POINT('',(0.273685490516,1.675013912465));
#5669 = CARTESIAN_POINT('',(0.155519960755,1.443096294628));
#5670 = CARTESIAN_POINT('',(9.37471189824E-02,1.286526539587));
#5671 = CARTESIAN_POINT('',(4.69727720614E-02,1.124384348205));
#5672 = CARTESIAN_POINT('',(1.564993896381E-02,0.958514012114));
#5673 = CARTESIAN_POINT('',(9.889220082804E-18,0.790772232587));
#5674 = CARTESIAN_POINT('',(0.,0.623026261114));
#5675 = ( GEOMETRIC_REPRESENTATION_CONTEXT(2) 
PARAMETRIC_REPRESENTATION_CONTEXT() REPRESENTATION_CONTEXT('2D SPACE',''
  ) );
#5676 = PCURVE('',#5677,#5682);
#5677 = TOROIDAL_SURFACE('',#5678,37.,2.);
#5678 = AXIS2_PLACEMENT_3D('',#5679,#5680,#5681);
#5679 = CARTESIAN_POINT('',(0.,0.,2.));
#5680 = DIRECTION('',(-0.,-0.,-1.));
#5681 = DIRECTION('',(1.,0.,-0.));
#5682 = DEFINITIONAL_REPRESENTATION('',(#5683),#5706);
#5683 = B_SPLINE_CURVE_WITH_KNOTS('',6,(#5684,#5685,#5686,#5687,#5688,
    #5689,#5690,#5691,#5692,#5693,#5694,#5695,#5696,#5697,#5698,#5699,
    #5700,#5701,#5702,#5703,#5704,#5705),.UNSPECIFIED.,.F.,.F.,(7,5,5,5,
    7),(0.,0.340453657295,0.512854994274,0.686611678874,1.),
  .UNSPECIFIED.);
#5684 = CARTESIAN_POINT('',(-2.358687421719,0.));
#5685 = CARTESIAN_POINT('',(-2.358687421719,9.045487327047E-02));
#5686 = CARTESIAN_POINT('',(-2.358553848547,0.18093314196));
#5687 = CARTESIAN_POINT('',(-2.358286584462,0.271304906178));
#5688 = CARTESIAN_POINT('',(-2.357888975358,0.361531265199));
#5689 = CARTESIAN_POINT('',(-2.357366331726,0.451576896119));
#5690 = CARTESIAN_POINT('',(-2.356403781804,0.586809473723));
#5691 = CARTESIAN_POINT('',(-2.356050323748,0.632206928536));
#5692 = CARTESIAN_POINT('',(-2.355668045004,0.67753629375));
#5693 = CARTESIAN_POINT('',(-2.355258144521,0.722795149345));
#5694 = CARTESIAN_POINT('',(-2.354821952745,0.767982595677));
#5695 = CARTESIAN_POINT('',(-2.353896284386,0.858566944978));
#5696 = CARTESIAN_POINT('',(-2.353406406446,0.903963638707));
#5697 = CARTESIAN_POINT('',(-2.352892788402,0.949286949999));
#5698 = CARTESIAN_POINT('',(-2.352357024041,0.994539137801));
#5699 = CARTESIAN_POINT('',(-2.351800811965,1.039723931021));
#5700 = CARTESIAN_POINT('',(-2.350189149135,1.166226049425));
#5701 = CARTESIAN_POINT('',(-2.349091659829,1.247403239495));
#5702 = CARTESIAN_POINT('',(-2.347944099114,1.328398986094));
#5703 = CARTESIAN_POINT('',(-2.346757908515,1.409261869655));
#5704 = CARTESIAN_POINT('',(-2.345545457815,1.490044716701));
#5705 = CARTESIAN_POINT('',(-2.344320140273,1.570796326795));
#5706 = ( GEOMETRIC_REPRESENTATION_CONTEXT(2) 
PARAMETRIC_REPRESENTATION_CONTEXT() REPRESENTATION_CONTEXT('2D SPACE',''
  ) );
#5707 = ORIENTED_EDGE('',*,*,#5708,.F.);
#5708 = EDGE_CURVE('',#5709,#5624,#5711,.T.);
#5709 = VERTEX_POINT('',#5710);
#5710 = CARTESIAN_POINT('',(-27.64582668581,27.508330862815,14.));
#5711 = SURFACE_CURVE('',#5712,(#5716,#5722),.PCURVE_S1.);
#5712 = LINE('',#5713,#5714);
#5713 = CARTESIAN_POINT('',(-27.64582668581,27.508330862815,0.));
#5714 = VECTOR('',#5715,1.);
#5715 = DIRECTION('',(-0.,-0.,-1.));
#5716 = PCURVE('',#2571,#5717);
#5717 = DEFINITIONAL_REPRESENTATION('',(#5718),#5721);
#5718 = B_SPLINE_CURVE_WITH_KNOTS('',1,(#5719,#5720),.UNSPECIFIED.,.F.,
  .F.,(2,2),(-15.40000000588,-1.9999994),.PIECEWISE_BEZIER_KNOTS.);
#5719 = CARTESIAN_POINT('',(15.400000005889,2.696153649942));
#5720 = CARTESIAN_POINT('',(1.9999994,2.696153649942));
#5721 = ( GEOMETRIC_REPRESENTATION_CONTEXT(2) 
PARAMETRIC_REPRESENTATION_CONTEXT() REPRESENTATION_CONTEXT('2D SPACE',''
  ) );
#5722 = PCURVE('',#4777,#5723);
#5723 = DEFINITIONAL_REPRESENTATION('',(#5724),#5727);
#5724 = B_SPLINE_CURVE_WITH_KNOTS('',1,(#5725,#5726),.UNSPECIFIED.,.F.,
  .F.,(2,2),(-15.40000000588,-1.9999994),.PIECEWISE_BEZIER_KNOTS.);
#5725 = CARTESIAN_POINT('',(-2.358687421719,-15.40000000588));
#5726 = CARTESIAN_POINT('',(-2.358687421719,-1.9999994));
#5727 = ( GEOMETRIC_REPRESENTATION_CONTEXT(2) 
PARAMETRIC_REPRESENTATION_CONTEXT() REPRESENTATION_CONTEXT('2D SPACE',''
  ) );
#5728 = ORIENTED_EDGE('',*,*,#5729,.T.);
#5729 = EDGE_CURVE('',#5709,#3632,#5730,.T.);
#5730 = SURFACE_CURVE('',#5731,(#5735,#5742),.PCURVE_S1.);
#5731 = LINE('',#5732,#5733);
#5732 = CARTESIAN_POINT('',(-25.31088913245,26.160254037844,14.));
#5733 = VECTOR('',#5734,1.);
#5734 = DIRECTION('',(-0.866025403784,0.5,0.));
#5735 = PCURVE('',#2571,#5736);
#5736 = DEFINITIONAL_REPRESENTATION('',(#5737),#5741);
#5737 = LINE('',#5738,#5739);
#5738 = CARTESIAN_POINT('',(14.,0.));
#5739 = VECTOR('',#5740,1.);
#5740 = DIRECTION('',(0.,1.));
#5741 = ( GEOMETRIC_REPRESENTATION_CONTEXT(2) 
PARAMETRIC_REPRESENTATION_CONTEXT() REPRESENTATION_CONTEXT('2D SPACE',''
  ) );
#5742 = PCURVE('',#3713,#5743);
#5743 = DEFINITIONAL_REPRESENTATION('',(#5744),#5748);
#5744 = LINE('',#5745,#5746);
#5745 = CARTESIAN_POINT('',(0.,0.));
#5746 = VECTOR('',#5747,1.);
#5747 = DIRECTION('',(1.,0.));
#5748 = ( GEOMETRIC_REPRESENTATION_CONTEXT(2) 
PARAMETRIC_REPRESENTATION_CONTEXT() REPRESENTATION_CONTEXT('2D SPACE',''
  ) );
#5749 = ORIENTED_EDGE('',*,*,#3631,.F.);
#5750 = ORIENTED_EDGE('',*,*,#5751,.T.);
#5751 = EDGE_CURVE('',#3608,#2493,#5752,.T.);
#5752 = SURFACE_CURVE('',#5753,(#5757,#5763),.PCURVE_S1.);
#5753 = LINE('',#5754,#5755);
#5754 = CARTESIAN_POINT('',(-45.35623099478,37.733437558057,0.));
#5755 = VECTOR('',#5756,1.);
#5756 = DIRECTION('',(-0.,-0.,-1.));
#5757 = PCURVE('',#2571,#5758);
#5758 = DEFINITIONAL_REPRESENTATION('',(#5759),#5762);
#5759 = B_SPLINE_CURVE_WITH_KNOTS('',1,(#5760,#5761),.UNSPECIFIED.,.F.,
  .F.,(2,2),(-9.0000006,-6.9999994),.PIECEWISE_BEZIER_KNOTS.);
#5760 = CARTESIAN_POINT('',(9.0000006,23.146367040426));
#5761 = CARTESIAN_POINT('',(6.9999994,23.146367040426));
#5762 = ( GEOMETRIC_REPRESENTATION_CONTEXT(2) 
PARAMETRIC_REPRESENTATION_CONTEXT() REPRESENTATION_CONTEXT('2D SPACE',''
  ) );
#5763 = PCURVE('',#2509,#5764);
#5764 = DEFINITIONAL_REPRESENTATION('',(#5765),#5768);
#5765 = B_SPLINE_CURVE_WITH_KNOTS('',1,(#5766,#5767),.UNSPECIFIED.,.F.,
  .F.,(2,2),(-9.0000006,-6.9999994),.PIECEWISE_BEZIER_KNOTS.);
#5766 = CARTESIAN_POINT('',(-2.447680171148,-9.0000006));
#5767 = CARTESIAN_POINT('',(-2.447680171148,-6.9999994));
#5768 = ( GEOMETRIC_REPRESENTATION_CONTEXT(2) 
PARAMETRIC_REPRESENTATION_CONTEXT() REPRESENTATION_CONTEXT('2D SPACE',''
  ) );
#5769 = ORIENTED_EDGE('',*,*,#2521,.T.);
#5770 = ORIENTED_EDGE('',*,*,#5547,.F.);
#5771 = ADVANCED_FACE('',(#5772),#2509,.F.);
#5772 = FACE_BOUND('',#5773,.T.);
#5773 = EDGE_LOOP('',(#5774,#5775,#5794,#5795));
#5774 = ORIENTED_EDGE('',*,*,#2492,.F.);
#5775 = ORIENTED_EDGE('',*,*,#5776,.F.);
#5776 = EDGE_CURVE('',#3543,#2414,#5777,.T.);
#5777 = SURFACE_CURVE('',#5778,(#5782,#5788),.PCURVE_S1.);
#5778 = LINE('',#5779,#5780);
#5779 = CARTESIAN_POINT('',(45.356230994784,37.733437558058,0.));
#5780 = VECTOR('',#5781,1.);
#5781 = DIRECTION('',(-0.,-0.,-1.));
#5782 = PCURVE('',#2509,#5783);
#5783 = DEFINITIONAL_REPRESENTATION('',(#5784),#5787);
#5784 = B_SPLINE_CURVE_WITH_KNOTS('',1,(#5785,#5786),.UNSPECIFIED.,.F.,
  .F.,(2,2),(-9.0000006,-6.9999994),.PIECEWISE_BEZIER_KNOTS.);
#5785 = CARTESIAN_POINT('',(-0.693912482442,-9.0000006));
#5786 = CARTESIAN_POINT('',(-0.693912482442,-6.9999994));
#5787 = ( GEOMETRIC_REPRESENTATION_CONTEXT(2) 
PARAMETRIC_REPRESENTATION_CONTEXT() REPRESENTATION_CONTEXT('2D SPACE',''
  ) );
#5788 = PCURVE('',#2463,#5789);
#5789 = DEFINITIONAL_REPRESENTATION('',(#5790),#5793);
#5790 = B_SPLINE_CURVE_WITH_KNOTS('',1,(#5791,#5792),.UNSPECIFIED.,.F.,
  .F.,(2,2),(-9.0000006,-6.9999994),.PIECEWISE_BEZIER_KNOTS.);
#5791 = CARTESIAN_POINT('',(9.0000006,23.146367040427));
#5792 = CARTESIAN_POINT('',(6.9999994,23.146367040427));
#5793 = ( GEOMETRIC_REPRESENTATION_CONTEXT(2) 
PARAMETRIC_REPRESENTATION_CONTEXT() REPRESENTATION_CONTEXT('2D SPACE',''
  ) );
#5794 = ORIENTED_EDGE('',*,*,#3607,.T.);
#5795 = ORIENTED_EDGE('',*,*,#5751,.T.);
#5796 = ADVANCED_FACE('',(#5797),#2463,.T.);
#5797 = FACE_BOUND('',#5798,.T.);
#5798 = EDGE_LOOP('',(#5799,#5824,#5852,#5932,#5953,#5974,#5975,#5976,
    #5977));
#5799 = ORIENTED_EDGE('',*,*,#5800,.F.);
#5800 = EDGE_CURVE('',#5801,#5803,#5805,.T.);
#5801 = VERTEX_POINT('',#5802);
#5802 = CARTESIAN_POINT('',(27.042939940024,27.160254037844,0.));
#5803 = VERTEX_POINT('',#5804);
#5804 = CARTESIAN_POINT('',(47.827549630851,39.160254037844,0.));
#5805 = SURFACE_CURVE('',#5806,(#5810,#5817),.PCURVE_S1.);
#5806 = LINE('',#5807,#5808);
#5807 = CARTESIAN_POINT('',(25.310889132455,26.160254037844,0.));
#5808 = VECTOR('',#5809,1.);
#5809 = DIRECTION('',(0.866025403784,0.5,0.));
#5810 = PCURVE('',#2463,#5811);
#5811 = DEFINITIONAL_REPRESENTATION('',(#5812),#5816);
#5812 = LINE('',#5813,#5814);
#5813 = CARTESIAN_POINT('',(0.,0.));
#5814 = VECTOR('',#5815,1.);
#5815 = DIRECTION('',(0.,1.));
#5816 = ( GEOMETRIC_REPRESENTATION_CONTEXT(2) 
PARAMETRIC_REPRESENTATION_CONTEXT() REPRESENTATION_CONTEXT('2D SPACE',''
  ) );
#5817 = PCURVE('',#4642,#5818);
#5818 = DEFINITIONAL_REPRESENTATION('',(#5819),#5823);
#5819 = LINE('',#5820,#5821);
#5820 = CARTESIAN_POINT('',(-61.16025403784,35.310889132455));
#5821 = VECTOR('',#5822,1.);
#5822 = DIRECTION('',(-0.5,0.866025403784));
#5823 = ( GEOMETRIC_REPRESENTATION_CONTEXT(2) 
PARAMETRIC_REPRESENTATION_CONTEXT() REPRESENTATION_CONTEXT('2D SPACE',''
  ) );
#5824 = ORIENTED_EDGE('',*,*,#5825,.T.);
#5825 = EDGE_CURVE('',#5801,#5826,#5828,.T.);
#5826 = VERTEX_POINT('',#5827);
#5827 = CARTESIAN_POINT('',(27.042939940024,27.160254037844,
    0.504122760035));
#5828 = SURFACE_CURVE('',#5829,(#5833,#5840),.PCURVE_S1.);
#5829 = LINE('',#5830,#5831);
#5830 = CARTESIAN_POINT('',(27.042939940024,27.160254037844,0.));
#5831 = VECTOR('',#5832,1.);
#5832 = DIRECTION('',(0.,0.,1.));
#5833 = PCURVE('',#2463,#5834);
#5834 = DEFINITIONAL_REPRESENTATION('',(#5835),#5839);
#5835 = LINE('',#5836,#5837);
#5836 = CARTESIAN_POINT('',(0.,2.));
#5837 = VECTOR('',#5838,1.);
#5838 = DIRECTION('',(1.,0.));
#5839 = ( GEOMETRIC_REPRESENTATION_CONTEXT(2) 
PARAMETRIC_REPRESENTATION_CONTEXT() REPRESENTATION_CONTEXT('2D SPACE',''
  ) );
#5840 = PCURVE('',#5841,#5846);
#5841 = CYLINDRICAL_SURFACE('',#5842,2.);
#5842 = AXIS2_PLACEMENT_3D('',#5843,#5844,#5845);
#5843 = CARTESIAN_POINT('',(28.042939940024,25.428203230276,0.));
#5844 = DIRECTION('',(0.,0.,1.));
#5845 = DIRECTION('',(-0.866025403784,-0.5,0.));
#5846 = DEFINITIONAL_REPRESENTATION('',(#5847),#5851);
#5847 = LINE('',#5848,#5849);
#5848 = CARTESIAN_POINT('',(-1.570796326795,0.));
#5849 = VECTOR('',#5850,1.);
#5850 = DIRECTION('',(-0.,1.));
#5851 = ( GEOMETRIC_REPRESENTATION_CONTEXT(2) 
PARAMETRIC_REPRESENTATION_CONTEXT() REPRESENTATION_CONTEXT('2D SPACE',''
  ) );
#5852 = ORIENTED_EDGE('',*,*,#5853,.F.);
#5853 = EDGE_CURVE('',#5854,#5826,#5856,.T.);
#5854 = VERTEX_POINT('',#5855);
#5855 = CARTESIAN_POINT('',(27.645826685811,27.508330862815,2.));
#5856 = SURFACE_CURVE('',#5857,(#5880,#5906),.PCURVE_S1.);
#5857 = B_SPLINE_CURVE_WITH_KNOTS('',6,(#5858,#5859,#5860,#5861,#5862,
    #5863,#5864,#5865,#5866,#5867,#5868,#5869,#5870,#5871,#5872,#5873,
    #5874,#5875,#5876,#5877,#5878,#5879),.UNSPECIFIED.,.F.,.F.,(7,5,5,5,
    7),(0.,0.340453657284,0.512854994263,0.686611678863,1.),
  .UNSPECIFIED.);
#5858 = CARTESIAN_POINT('',(27.645826685811,27.508330862815,2.));
#5859 = CARTESIAN_POINT('',(27.645826685811,27.508330862815,
    1.819090253465));
#5860 = CARTESIAN_POINT('',(27.628232122924,27.498172637196,
    1.638133006202));
#5861 = CARTESIAN_POINT('',(27.593027295163,27.477847120411,
    1.460057399357));
#5862 = CARTESIAN_POINT('',(27.540786661985,27.447685976784,
    1.287594891479));
#5863 = CARTESIAN_POINT('',(27.472472977199,27.408245052483,
    1.123286750422));
#5864 = CARTESIAN_POINT('',(27.347536109492,27.336112718281,
    0.891494332336));
#5865 = CARTESIAN_POINT('',(27.301780014299,27.309695424404,
    0.816237600318));
#5866 = CARTESIAN_POINT('',(27.252446592272,27.281212759916,
    0.743930006708));
#5867 = CARTESIAN_POINT('',(27.199736283969,27.250780449229,
    0.674830514448));
#5868 = CARTESIAN_POINT('',(27.143867241614,27.218524442586,
    0.609171753678));
#5869 = CARTESIAN_POINT('',(27.02581572049,27.150367365087,
    0.484663257976));
#5870 = CARTESIAN_POINT('',(26.963585852682,27.114438934156,
    0.425869823969));
#5871 = CARTESIAN_POINT('',(26.898621131821,27.076931535079,
    0.370992559166));
#5872 = CARTESIAN_POINT('',(26.83117092874,27.037989142173,
    0.320213152456));
#5873 = CARTESIAN_POINT('',(26.761493732369,26.997760994092,
    0.273685490533));
#5874 = CARTESIAN_POINT('',(26.560647183734,26.881802185172,
    0.155519960766));
#5875 = CARTESIAN_POINT('',(26.425053798401,26.803517307649,
    9.374711898901E-02));
#5876 = CARTESIAN_POINT('',(26.284634541633,26.722446211955,
    4.69727720647E-02));
#5877 = CARTESIAN_POINT('',(26.140986616839,26.639511043907,
    1.564993896492E-02));
#5878 = CARTESIAN_POINT('',(25.995717974488,26.555640154141,
    9.889220083151E-18));
#5879 = CARTESIAN_POINT('',(25.850445701805,26.471767168401,0.));
#5880 = PCURVE('',#2463,#5881);
#5881 = DEFINITIONAL_REPRESENTATION('',(#5882),#5905);
#5882 = B_SPLINE_CURVE_WITH_KNOTS('',6,(#5883,#5884,#5885,#5886,#5887,
    #5888,#5889,#5890,#5891,#5892,#5893,#5894,#5895,#5896,#5897,#5898,
    #5899,#5900,#5901,#5902,#5903,#5904),.UNSPECIFIED.,.F.,.F.,(7,5,5,5,
    7),(0.,0.340453657284,0.512854994263,0.686611678863,1.),
  .UNSPECIFIED.);
#5883 = CARTESIAN_POINT('',(2.,2.696153649942));
#5884 = CARTESIAN_POINT('',(1.819090253465,2.696153649942));
#5885 = CARTESIAN_POINT('',(1.638133006202,2.675837198704));
#5886 = CARTESIAN_POINT('',(1.460057399357,2.635186165134));
#5887 = CARTESIAN_POINT('',(1.287594891479,2.574863877878));
#5888 = CARTESIAN_POINT('',(1.123286750422,2.495982029277));
#5889 = CARTESIAN_POINT('',(0.891494332336,2.351717360873));
#5890 = CARTESIAN_POINT('',(0.816237600318,2.298882773119));
#5891 = CARTESIAN_POINT('',(0.743930006708,2.241917444144));
#5892 = CARTESIAN_POINT('',(0.674830514448,2.181052822769));
#5893 = CARTESIAN_POINT('',(0.609171753678,2.116540809483));
#5894 = CARTESIAN_POINT('',(0.484663257976,1.980226654484));
#5895 = CARTESIAN_POINT('',(0.425869823969,1.908369792623));
#5896 = CARTESIAN_POINT('',(0.370992559166,1.833354994469));
#5897 = CARTESIAN_POINT('',(0.320213152456,1.755470208658));
#5898 = CARTESIAN_POINT('',(0.273685490533,1.675013912496));
#5899 = CARTESIAN_POINT('',(0.155519960766,1.443096294655));
#5900 = CARTESIAN_POINT('',(9.374711898901E-02,1.28652653961));
#5901 = CARTESIAN_POINT('',(4.69727720647E-02,1.124384348222));
#5902 = CARTESIAN_POINT('',(1.564993896492E-02,0.958514012125));
#5903 = CARTESIAN_POINT('',(9.889220083151E-18,0.790772232593));
#5904 = CARTESIAN_POINT('',(0.,0.623026261114));
#5905 = ( GEOMETRIC_REPRESENTATION_CONTEXT(2) 
PARAMETRIC_REPRESENTATION_CONTEXT() REPRESENTATION_CONTEXT('2D SPACE',''
  ) );
#5906 = PCURVE('',#5677,#5907);
#5907 = DEFINITIONAL_REPRESENTATION('',(#5908),#5931);
#5908 = B_SPLINE_CURVE_WITH_KNOTS('',6,(#5909,#5910,#5911,#5912,#5913,
    #5914,#5915,#5916,#5917,#5918,#5919,#5920,#5921,#5922,#5923,#5924,
    #5925,#5926,#5927,#5928,#5929,#5930),.UNSPECIFIED.,.F.,.F.,(7,5,5,5,
    7),(0.,0.340453657284,0.512854994263,0.686611678863,1.),
  .UNSPECIFIED.);
#5909 = CARTESIAN_POINT('',(-0.782905231871,0.));
#5910 = CARTESIAN_POINT('',(-0.782905231871,9.045487326763E-02));
#5911 = CARTESIAN_POINT('',(-0.783038805043,0.180933141955));
#5912 = CARTESIAN_POINT('',(-0.783306069128,0.27130490617));
#5913 = CARTESIAN_POINT('',(-0.783703678231,0.361531265188));
#5914 = CARTESIAN_POINT('',(-0.784226321863,0.451576896105));
#5915 = CARTESIAN_POINT('',(-0.785188871786,0.586809473706));
#5916 = CARTESIAN_POINT('',(-0.785542329842,0.632206928519));
#5917 = CARTESIAN_POINT('',(-0.785924608586,0.677536293732));
#5918 = CARTESIAN_POINT('',(-0.786334509069,0.722795149328));
#5919 = CARTESIAN_POINT('',(-0.786770700845,0.767982595659));
#5920 = CARTESIAN_POINT('',(-0.787696369204,0.858566944961));
#5921 = CARTESIAN_POINT('',(-0.788186247144,0.903963638689));
#5922 = CARTESIAN_POINT('',(-0.788699865187,0.949286949981));
#5923 = CARTESIAN_POINT('',(-0.789235629548,0.994539137784));
#5924 = CARTESIAN_POINT('',(-0.789791841624,1.039723931004));
#5925 = CARTESIAN_POINT('',(-0.791403504455,1.166226049411));
#5926 = CARTESIAN_POINT('',(-0.792500993761,1.247403239483));
#5927 = CARTESIAN_POINT('',(-0.793648554476,1.328398986085));
#5928 = CARTESIAN_POINT('',(-0.794834745075,1.40926186965));
#5929 = CARTESIAN_POINT('',(-0.796047195775,1.490044716698));
#5930 = CARTESIAN_POINT('',(-0.797272513317,1.570796326795));
#5931 = ( GEOMETRIC_REPRESENTATION_CONTEXT(2) 
PARAMETRIC_REPRESENTATION_CONTEXT() REPRESENTATION_CONTEXT('2D SPACE',''
  ) );
#5932 = ORIENTED_EDGE('',*,*,#5933,.F.);
#5933 = EDGE_CURVE('',#5934,#5854,#5936,.T.);
#5934 = VERTEX_POINT('',#5935);
#5935 = CARTESIAN_POINT('',(27.645826685811,27.508330862815,14.));
#5936 = SURFACE_CURVE('',#5937,(#5941,#5947),.PCURVE_S1.);
#5937 = LINE('',#5938,#5939);
#5938 = CARTESIAN_POINT('',(27.645826685811,27.508330862815,0.));
#5939 = VECTOR('',#5940,1.);
#5940 = DIRECTION('',(-0.,-0.,-1.));
#5941 = PCURVE('',#2463,#5942);
#5942 = DEFINITIONAL_REPRESENTATION('',(#5943),#5946);
#5943 = B_SPLINE_CURVE_WITH_KNOTS('',1,(#5944,#5945),.UNSPECIFIED.,.F.,
  .F.,(2,2),(-15.40000000588,-1.9999994),.PIECEWISE_BEZIER_KNOTS.);
#5944 = CARTESIAN_POINT('',(15.400000005889,2.696153649942));
#5945 = CARTESIAN_POINT('',(1.9999994,2.696153649942));
#5946 = ( GEOMETRIC_REPRESENTATION_CONTEXT(2) 
PARAMETRIC_REPRESENTATION_CONTEXT() REPRESENTATION_CONTEXT('2D SPACE',''
  ) );
#5947 = PCURVE('',#4777,#5948);
#5948 = DEFINITIONAL_REPRESENTATION('',(#5949),#5952);
#5949 = B_SPLINE_CURVE_WITH_KNOTS('',1,(#5950,#5951),.UNSPECIFIED.,.F.,
  .F.,(2,2),(-15.40000000588,-1.9999994),.PIECEWISE_BEZIER_KNOTS.);
#5950 = CARTESIAN_POINT('',(-0.782905231871,-15.40000000588));
#5951 = CARTESIAN_POINT('',(-0.782905231871,-1.9999994));
#5952 = ( GEOMETRIC_REPRESENTATION_CONTEXT(2) 
PARAMETRIC_REPRESENTATION_CONTEXT() REPRESENTATION_CONTEXT('2D SPACE',''
  ) );
#5953 = ORIENTED_EDGE('',*,*,#5954,.T.);
#5954 = EDGE_CURVE('',#5934,#3510,#5955,.T.);
#5955 = SURFACE_CURVE('',#5956,(#5960,#5967),.PCURVE_S1.);
#5956 = LINE('',#5957,#5958);
#5957 = CARTESIAN_POINT('',(25.310889132455,26.160254037844,14.));
#5958 = VECTOR('',#5959,1.);
#5959 = DIRECTION('',(0.866025403784,0.5,0.));
#5960 = PCURVE('',#2463,#5961);
#5961 = DEFINITIONAL_REPRESENTATION('',(#5962),#5966);
#5962 = LINE('',#5963,#5964);
#5963 = CARTESIAN_POINT('',(14.,0.));
#5964 = VECTOR('',#5965,1.);
#5965 = DIRECTION('',(0.,1.));
#5966 = ( GEOMETRIC_REPRESENTATION_CONTEXT(2) 
PARAMETRIC_REPRESENTATION_CONTEXT() REPRESENTATION_CONTEXT('2D SPACE',''
  ) );
#5967 = PCURVE('',#3526,#5968);
#5968 = DEFINITIONAL_REPRESENTATION('',(#5969),#5973);
#5969 = LINE('',#5970,#5971);
#5970 = CARTESIAN_POINT('',(0.,20.));
#5971 = VECTOR('',#5972,1.);
#5972 = DIRECTION('',(1.,0.));
#5973 = ( GEOMETRIC_REPRESENTATION_CONTEXT(2) 
PARAMETRIC_REPRESENTATION_CONTEXT() REPRESENTATION_CONTEXT('2D SPACE',''
  ) );
#5974 = ORIENTED_EDGE('',*,*,#3542,.F.);
#5975 = ORIENTED_EDGE('',*,*,#5776,.T.);
#5976 = ORIENTED_EDGE('',*,*,#2413,.T.);
#5977 = ORIENTED_EDGE('',*,*,#5978,.F.);
#5978 = EDGE_CURVE('',#5803,#2299,#5979,.T.);
#5979 = SURFACE_CURVE('',#5980,(#5984,#5991),.PCURVE_S1.);
#5980 = LINE('',#5981,#5982);
#5981 = CARTESIAN_POINT('',(47.827549630851,39.160254037844,0.));
#5982 = VECTOR('',#5983,1.);
#5983 = DIRECTION('',(0.,0.,1.));
#5984 = PCURVE('',#2463,#5985);
#5985 = DEFINITIONAL_REPRESENTATION('',(#5986),#5990);
#5986 = LINE('',#5987,#5988);
#5987 = CARTESIAN_POINT('',(0.,26.));
#5988 = VECTOR('',#5989,1.);
#5989 = DIRECTION('',(1.,0.));
#5990 = ( GEOMETRIC_REPRESENTATION_CONTEXT(2) 
PARAMETRIC_REPRESENTATION_CONTEXT() REPRESENTATION_CONTEXT('2D SPACE',''
  ) );
#5991 = PCURVE('',#2372,#5992);
#5992 = DEFINITIONAL_REPRESENTATION('',(#5993),#5997);
#5993 = LINE('',#5994,#5995);
#5994 = CARTESIAN_POINT('',(1.570796326795,0.));
#5995 = VECTOR('',#5996,1.);
#5996 = DIRECTION('',(0.,1.));
#5997 = ( GEOMETRIC_REPRESENTATION_CONTEXT(2) 
PARAMETRIC_REPRESENTATION_CONTEXT() REPRESENTATION_CONTEXT('2D SPACE',''
  ) );
#5998 = ADVANCED_FACE('',(#5999),#2372,.T.);
#5999 = FACE_BOUND('',#6000,.T.);
#6000 = EDGE_LOOP('',(#6001,#6024,#6046,#6047));
#6001 = ORIENTED_EDGE('',*,*,#6002,.F.);
#6002 = EDGE_CURVE('',#6003,#2220,#6005,.T.);
#6003 = VERTEX_POINT('',#6004);
#6004 = CARTESIAN_POINT('',(50.55960043842,38.428203230276,0.));
#6005 = SURFACE_CURVE('',#6006,(#6010,#6017),.PCURVE_S1.);
#6006 = LINE('',#6007,#6008);
#6007 = CARTESIAN_POINT('',(50.55960043842,38.428203230276,0.));
#6008 = VECTOR('',#6009,1.);
#6009 = DIRECTION('',(0.,0.,1.));
#6010 = PCURVE('',#2372,#6011);
#6011 = DEFINITIONAL_REPRESENTATION('',(#6012),#6016);
#6012 = LINE('',#6013,#6014);
#6013 = CARTESIAN_POINT('',(0.,0.));
#6014 = VECTOR('',#6015,1.);
#6015 = DIRECTION('',(0.,1.));
#6016 = ( GEOMETRIC_REPRESENTATION_CONTEXT(2) 
PARAMETRIC_REPRESENTATION_CONTEXT() REPRESENTATION_CONTEXT('2D SPACE',''
  ) );
#6017 = PCURVE('',#2269,#6018);
#6018 = DEFINITIONAL_REPRESENTATION('',(#6019),#6023);
#6019 = LINE('',#6020,#6021);
#6020 = CARTESIAN_POINT('',(0.,-18.));
#6021 = VECTOR('',#6022,1.);
#6022 = DIRECTION('',(1.,0.));
#6023 = ( GEOMETRIC_REPRESENTATION_CONTEXT(2) 
PARAMETRIC_REPRESENTATION_CONTEXT() REPRESENTATION_CONTEXT('2D SPACE',''
  ) );
#6024 = ORIENTED_EDGE('',*,*,#6025,.T.);
#6025 = EDGE_CURVE('',#6003,#5803,#6026,.T.);
#6026 = SURFACE_CURVE('',#6027,(#6032,#6039),.PCURVE_S1.);
#6027 = CIRCLE('',#6028,2.);
#6028 = AXIS2_PLACEMENT_3D('',#6029,#6030,#6031);
#6029 = CARTESIAN_POINT('',(48.827549630851,37.428203230276,0.));
#6030 = DIRECTION('',(0.,0.,1.));
#6031 = DIRECTION('',(0.,-1.,0.));
#6032 = PCURVE('',#2372,#6033);
#6033 = DEFINITIONAL_REPRESENTATION('',(#6034),#6038);
#6034 = LINE('',#6035,#6036);
#6035 = CARTESIAN_POINT('',(-2.094395102393,0.));
#6036 = VECTOR('',#6037,1.);
#6037 = DIRECTION('',(1.,0.));
#6038 = ( GEOMETRIC_REPRESENTATION_CONTEXT(2) 
PARAMETRIC_REPRESENTATION_CONTEXT() REPRESENTATION_CONTEXT('2D SPACE',''
  ) );
#6039 = PCURVE('',#4642,#6040);
#6040 = DEFINITIONAL_REPRESENTATION('',(#6041),#6045);
#6041 = CIRCLE('',#6042,2.);
#6042 = AXIS2_PLACEMENT_2D('',#6043,#6044);
#6043 = CARTESIAN_POINT('',(-72.42820323027,58.827549630851));
#6044 = DIRECTION('',(1.,-1.110223024625E-16));
#6045 = ( GEOMETRIC_REPRESENTATION_CONTEXT(2) 
PARAMETRIC_REPRESENTATION_CONTEXT() REPRESENTATION_CONTEXT('2D SPACE',''
  ) );
#6046 = ORIENTED_EDGE('',*,*,#5978,.T.);
#6047 = ORIENTED_EDGE('',*,*,#2298,.F.);
#6048 = ADVANCED_FACE('',(#6049),#2269,.T.);
#6049 = FACE_BOUND('',#6050,.T.);
#6050 = EDGE_LOOP('',(#6051,#6052,#6075,#6096));
#6051 = ORIENTED_EDGE('',*,*,#2219,.T.);
#6052 = ORIENTED_EDGE('',*,*,#6053,.F.);
#6053 = EDGE_CURVE('',#6054,#2105,#6056,.T.);
#6054 = VERTEX_POINT('',#6055);
#6055 = CARTESIAN_POINT('',(58.55960043842,24.571796769724,0.));
#6056 = SURFACE_CURVE('',#6057,(#6061,#6068),.PCURVE_S1.);
#6057 = LINE('',#6058,#6059);
#6058 = CARTESIAN_POINT('',(58.55960043842,24.571796769724,0.));
#6059 = VECTOR('',#6060,1.);
#6060 = DIRECTION('',(0.,0.,1.));
#6061 = PCURVE('',#2269,#6062);
#6062 = DEFINITIONAL_REPRESENTATION('',(#6063),#6067);
#6063 = LINE('',#6064,#6065);
#6064 = CARTESIAN_POINT('',(0.,-2.));
#6065 = VECTOR('',#6066,1.);
#6066 = DIRECTION('',(1.,0.));
#6067 = ( GEOMETRIC_REPRESENTATION_CONTEXT(2) 
PARAMETRIC_REPRESENTATION_CONTEXT() REPRESENTATION_CONTEXT('2D SPACE',''
  ) );
#6068 = PCURVE('',#2178,#6069);
#6069 = DEFINITIONAL_REPRESENTATION('',(#6070),#6074);
#6070 = LINE('',#6071,#6072);
#6071 = CARTESIAN_POINT('',(-0.,0.));
#6072 = VECTOR('',#6073,1.);
#6073 = DIRECTION('',(-0.,1.));
#6074 = ( GEOMETRIC_REPRESENTATION_CONTEXT(2) 
PARAMETRIC_REPRESENTATION_CONTEXT() REPRESENTATION_CONTEXT('2D SPACE',''
  ) );
#6075 = ORIENTED_EDGE('',*,*,#6076,.T.);
#6076 = EDGE_CURVE('',#6054,#6003,#6077,.T.);
#6077 = SURFACE_CURVE('',#6078,(#6082,#6089),.PCURVE_S1.);
#6078 = LINE('',#6079,#6080);
#6079 = CARTESIAN_POINT('',(59.55960043842,22.839745962156,0.));
#6080 = VECTOR('',#6081,1.);
#6081 = DIRECTION('',(-0.5,0.866025403784,0.));
#6082 = PCURVE('',#2269,#6083);
#6083 = DEFINITIONAL_REPRESENTATION('',(#6084),#6088);
#6084 = LINE('',#6085,#6086);
#6085 = CARTESIAN_POINT('',(0.,0.));
#6086 = VECTOR('',#6087,1.);
#6087 = DIRECTION('',(0.,-1.));
#6088 = ( GEOMETRIC_REPRESENTATION_CONTEXT(2) 
PARAMETRIC_REPRESENTATION_CONTEXT() REPRESENTATION_CONTEXT('2D SPACE',''
  ) );
#6089 = PCURVE('',#4642,#6090);
#6090 = DEFINITIONAL_REPRESENTATION('',(#6091),#6095);
#6091 = LINE('',#6092,#6093);
#6092 = CARTESIAN_POINT('',(-57.83974596215,69.55960043842));
#6093 = VECTOR('',#6094,1.);
#6094 = DIRECTION('',(-0.866025403784,-0.5));
#6095 = ( GEOMETRIC_REPRESENTATION_CONTEXT(2) 
PARAMETRIC_REPRESENTATION_CONTEXT() REPRESENTATION_CONTEXT('2D SPACE',''
  ) );
#6096 = ORIENTED_EDGE('',*,*,#6002,.T.);
#6097 = ADVANCED_FACE('',(#6098),#2178,.T.);
#6098 = FACE_BOUND('',#6099,.F.);
#6099 = EDGE_LOOP('',(#6100,#6101,#6129,#6150));
#6100 = ORIENTED_EDGE('',*,*,#6053,.F.);
#6101 = ORIENTED_EDGE('',*,*,#6102,.T.);
#6102 = EDGE_CURVE('',#6054,#6103,#6105,.T.);
#6103 = VERTEX_POINT('',#6104);
#6104 = CARTESIAN_POINT('',(57.827549630851,21.839745962156,0.));
#6105 = SURFACE_CURVE('',#6106,(#6111,#6118),.PCURVE_S1.);
#6106 = CIRCLE('',#6107,2.);
#6107 = AXIS2_PLACEMENT_3D('',#6108,#6109,#6110);
#6108 = CARTESIAN_POINT('',(56.827549630851,23.571796769724,0.));
#6109 = DIRECTION('',(-0.,-0.,-1.));
#6110 = DIRECTION('',(0.,-1.,0.));
#6111 = PCURVE('',#2178,#6112);
#6112 = DEFINITIONAL_REPRESENTATION('',(#6113),#6117);
#6113 = LINE('',#6114,#6115);
#6114 = CARTESIAN_POINT('',(4.188790204786,-0.));
#6115 = VECTOR('',#6116,1.);
#6116 = DIRECTION('',(-1.,0.));
#6117 = ( GEOMETRIC_REPRESENTATION_CONTEXT(2) 
PARAMETRIC_REPRESENTATION_CONTEXT() REPRESENTATION_CONTEXT('2D SPACE',''
  ) );
#6118 = PCURVE('',#4642,#6119);
#6119 = DEFINITIONAL_REPRESENTATION('',(#6120),#6128);
#6120 = ( BOUNDED_CURVE() B_SPLINE_CURVE(2,(#6121,#6122,#6123,#6124,
#6125,#6126,#6127),.UNSPECIFIED.,.T.,.F.) B_SPLINE_CURVE_WITH_KNOTS((1,2
    ,2,2,2,1),(-2.094395102393,0.,2.094395102393,4.188790204786,
6.28318530718,8.377580409573),.UNSPECIFIED.) CURVE() 
GEOMETRIC_REPRESENTATION_ITEM() RATIONAL_B_SPLINE_CURVE((1.,0.5,1.,0.5,
1.,0.5,1.)) REPRESENTATION_ITEM('') );
#6121 = CARTESIAN_POINT('',(-56.57179676972,66.827549630851));
#6122 = CARTESIAN_POINT('',(-56.57179676972,63.363448015713));
#6123 = CARTESIAN_POINT('',(-59.57179676972,65.095498823282));
#6124 = CARTESIAN_POINT('',(-62.57179676972,66.827549630851));
#6125 = CARTESIAN_POINT('',(-59.57179676972,68.55960043842));
#6126 = CARTESIAN_POINT('',(-56.57179676972,70.291651245989));
#6127 = CARTESIAN_POINT('',(-56.57179676972,66.827549630851));
#6128 = ( GEOMETRIC_REPRESENTATION_CONTEXT(2) 
PARAMETRIC_REPRESENTATION_CONTEXT() REPRESENTATION_CONTEXT('2D SPACE',''
  ) );
#6129 = ORIENTED_EDGE('',*,*,#6130,.T.);
#6130 = EDGE_CURVE('',#6103,#2026,#6131,.T.);
#6131 = SURFACE_CURVE('',#6132,(#6136,#6143),.PCURVE_S1.);
#6132 = LINE('',#6133,#6134);
#6133 = CARTESIAN_POINT('',(57.827549630851,21.839745962156,0.));
#6134 = VECTOR('',#6135,1.);
#6135 = DIRECTION('',(0.,0.,1.));
#6136 = PCURVE('',#2178,#6137);
#6137 = DEFINITIONAL_REPRESENTATION('',(#6138),#6142);
#6138 = LINE('',#6139,#6140);
#6139 = CARTESIAN_POINT('',(-1.570796326795,0.));
#6140 = VECTOR('',#6141,1.);
#6141 = DIRECTION('',(-0.,1.));
#6142 = ( GEOMETRIC_REPRESENTATION_CONTEXT(2) 
PARAMETRIC_REPRESENTATION_CONTEXT() REPRESENTATION_CONTEXT('2D SPACE',''
  ) );
#6143 = PCURVE('',#2075,#6144);
#6144 = DEFINITIONAL_REPRESENTATION('',(#6145),#6149);
#6145 = LINE('',#6146,#6147);
#6146 = CARTESIAN_POINT('',(0.,26.));
#6147 = VECTOR('',#6148,1.);
#6148 = DIRECTION('',(1.,0.));
#6149 = ( GEOMETRIC_REPRESENTATION_CONTEXT(2) 
PARAMETRIC_REPRESENTATION_CONTEXT() REPRESENTATION_CONTEXT('2D SPACE',''
  ) );
#6150 = ORIENTED_EDGE('',*,*,#2104,.T.);
#6151 = ADVANCED_FACE('',(#6152),#2075,.F.);
#6152 = FACE_BOUND('',#6153,.F.);
#6153 = EDGE_LOOP('',(#6154,#6177,#6205,#6280,#6301,#6322,#6323,#6324,
    #6325));
#6154 = ORIENTED_EDGE('',*,*,#6155,.F.);
#6155 = EDGE_CURVE('',#6156,#6103,#6158,.T.);
#6156 = VERTEX_POINT('',#6157);
#6157 = CARTESIAN_POINT('',(37.042939940024,9.839745962156,0.));
#6158 = SURFACE_CURVE('',#6159,(#6163,#6170),.PCURVE_S1.);
#6159 = LINE('',#6160,#6161);
#6160 = CARTESIAN_POINT('',(35.310889132455,8.839745962156,0.));
#6161 = VECTOR('',#6162,1.);
#6162 = DIRECTION('',(0.866025403784,0.5,0.));
#6163 = PCURVE('',#2075,#6164);
#6164 = DEFINITIONAL_REPRESENTATION('',(#6165),#6169);
#6165 = LINE('',#6166,#6167);
#6166 = CARTESIAN_POINT('',(0.,0.));
#6167 = VECTOR('',#6168,1.);
#6168 = DIRECTION('',(0.,1.));
#6169 = ( GEOMETRIC_REPRESENTATION_CONTEXT(2) 
PARAMETRIC_REPRESENTATION_CONTEXT() REPRESENTATION_CONTEXT('2D SPACE',''
  ) );
#6170 = PCURVE('',#4642,#6171);
#6171 = DEFINITIONAL_REPRESENTATION('',(#6172),#6176);
#6172 = LINE('',#6173,#6174);
#6173 = CARTESIAN_POINT('',(-43.83974596215,45.310889132455));
#6174 = VECTOR('',#6175,1.);
#6175 = DIRECTION('',(-0.5,0.866025403784));
#6176 = ( GEOMETRIC_REPRESENTATION_CONTEXT(2) 
PARAMETRIC_REPRESENTATION_CONTEXT() REPRESENTATION_CONTEXT('2D SPACE',''
  ) );
#6177 = ORIENTED_EDGE('',*,*,#6178,.T.);
#6178 = EDGE_CURVE('',#6156,#6179,#6181,.T.);
#6179 = VERTEX_POINT('',#6180);
#6180 = CARTESIAN_POINT('',(37.042939940024,9.839745962156,
    0.504122760035));
#6181 = SURFACE_CURVE('',#6182,(#6186,#6193),.PCURVE_S1.);
#6182 = LINE('',#6183,#6184);
#6183 = CARTESIAN_POINT('',(37.042939940024,9.839745962156,0.));
#6184 = VECTOR('',#6185,1.);
#6185 = DIRECTION('',(0.,0.,1.));
#6186 = PCURVE('',#2075,#6187);
#6187 = DEFINITIONAL_REPRESENTATION('',(#6188),#6192);
#6188 = LINE('',#6189,#6190);
#6189 = CARTESIAN_POINT('',(0.,2.));
#6190 = VECTOR('',#6191,1.);
#6191 = DIRECTION('',(1.,0.));
#6192 = ( GEOMETRIC_REPRESENTATION_CONTEXT(2) 
PARAMETRIC_REPRESENTATION_CONTEXT() REPRESENTATION_CONTEXT('2D SPACE',''
  ) );
#6193 = PCURVE('',#6194,#6199);
#6194 = CYLINDRICAL_SURFACE('',#6195,2.);
#6195 = AXIS2_PLACEMENT_3D('',#6196,#6197,#6198);
#6196 = CARTESIAN_POINT('',(36.042939940024,11.571796769724,0.));
#6197 = DIRECTION('',(0.,0.,1.));
#6198 = DIRECTION('',(-0.866025403784,-0.5,0.));
#6199 = DEFINITIONAL_REPRESENTATION('',(#6200),#6204);
#6200 = LINE('',#6201,#6202);
#6201 = CARTESIAN_POINT('',(1.570796326795,0.));
#6202 = VECTOR('',#6203,1.);
#6203 = DIRECTION('',(0.,1.));
#6204 = ( GEOMETRIC_REPRESENTATION_CONTEXT(2) 
PARAMETRIC_REPRESENTATION_CONTEXT() REPRESENTATION_CONTEXT('2D SPACE',''
  ) );
#6205 = ORIENTED_EDGE('',*,*,#6206,.F.);
#6206 = EDGE_CURVE('',#6207,#6179,#6209,.T.);
#6207 = VERTEX_POINT('',#6208);
#6208 = CARTESIAN_POINT('',(37.645826685811,10.187822787126,2.));
#6209 = SURFACE_CURVE('',#6210,(#6233,#6259),.PCURVE_S1.);
#6210 = B_SPLINE_CURVE_WITH_KNOTS('',6,(#6211,#6212,#6213,#6214,#6215,
    #6216,#6217,#6218,#6219,#6220,#6221,#6222,#6223,#6224,#6225,#6226,
    #6227,#6228,#6229,#6230,#6231,#6232),.UNSPECIFIED.,.F.,.F.,(7,5,5,5,
    7),(0.,0.340453657283,0.512854994261,0.686611678861,1.),
  .UNSPECIFIED.);
#6211 = CARTESIAN_POINT('',(37.645826685811,10.187822787126,2.));
#6212 = CARTESIAN_POINT('',(37.645826685811,10.187822787126,
    1.819090253465));
#6213 = CARTESIAN_POINT('',(37.628232122925,10.177664561508,
    1.638133006203));
#6214 = CARTESIAN_POINT('',(37.593027295163,10.157339044723,
    1.460057399359));
#6215 = CARTESIAN_POINT('',(37.540786661986,10.127177901095,
    1.287594891482));
#6216 = CARTESIAN_POINT('',(37.4724729772,10.087736976795,1.123286750425
    ));
#6217 = CARTESIAN_POINT('',(37.347536109494,10.015604642593,
    0.89149433234));
#6218 = CARTESIAN_POINT('',(37.301780014301,9.989187348716,
    0.816237600321));
#6219 = CARTESIAN_POINT('',(37.252446592274,9.960704684229,
    0.743930006711));
#6220 = CARTESIAN_POINT('',(37.199736283972,9.930272373542,
    0.674830514452));
#6221 = CARTESIAN_POINT('',(37.143867241617,9.898016366899,
    0.609171753682));
#6222 = CARTESIAN_POINT('',(37.025815720493,9.829859289399,
    0.484663257979));
#6223 = CARTESIAN_POINT('',(36.963585852685,9.793930858469,
    0.425869823972));
#6224 = CARTESIAN_POINT('',(36.898621131824,9.756423459392,
    0.370992559169));
#6225 = CARTESIAN_POINT('',(36.831170928743,9.717481066486,
    0.320213152458));
#6226 = CARTESIAN_POINT('',(36.761493732372,9.677252918405,
    0.273685490536));
#6227 = CARTESIAN_POINT('',(36.560647183737,9.561294109485,
    0.155519960767));
#6228 = CARTESIAN_POINT('',(36.425053798403,9.483009231962,
    9.374711898987E-02));
#6229 = CARTESIAN_POINT('',(36.284634541635,9.401938136268,
    4.697277206512E-02));
#6230 = CARTESIAN_POINT('',(36.140986616841,9.319002968219,
    1.564993896507E-02));
#6231 = CARTESIAN_POINT('',(35.995717974489,9.235132078452,
    9.889220083198E-18));
#6232 = CARTESIAN_POINT('',(35.850445701805,9.151259092712,0.));
#6233 = PCURVE('',#2075,#6234);
#6234 = DEFINITIONAL_REPRESENTATION('',(#6235),#6258);
#6235 = B_SPLINE_CURVE_WITH_KNOTS('',6,(#6236,#6237,#6238,#6239,#6240,
    #6241,#6242,#6243,#6244,#6245,#6246,#6247,#6248,#6249,#6250,#6251,
    #6252,#6253,#6254,#6255,#6256,#6257),.UNSPECIFIED.,.F.,.F.,(7,5,5,5,
    7),(0.,0.340453657283,0.512854994261,0.686611678861,1.),
  .UNSPECIFIED.);
#6236 = CARTESIAN_POINT('',(2.,2.696153649942));
#6237 = CARTESIAN_POINT('',(1.819090253465,2.696153649942));
#6238 = CARTESIAN_POINT('',(1.638133006203,2.675837198704));
#6239 = CARTESIAN_POINT('',(1.460057399359,2.635186165134));
#6240 = CARTESIAN_POINT('',(1.287594891482,2.57486387788));
#6241 = CARTESIAN_POINT('',(1.123286750425,2.495982029279));
#6242 = CARTESIAN_POINT('',(0.89149433234,2.351717360875));
#6243 = CARTESIAN_POINT('',(0.816237600321,2.298882773122));
#6244 = CARTESIAN_POINT('',(0.743930006711,2.241917444147));
#6245 = CARTESIAN_POINT('',(0.674830514452,2.181052822772));
#6246 = CARTESIAN_POINT('',(0.609171753682,2.116540809486));
#6247 = CARTESIAN_POINT('',(0.484663257979,1.980226654488));
#6248 = CARTESIAN_POINT('',(0.425869823972,1.908369792627));
#6249 = CARTESIAN_POINT('',(0.370992559169,1.833354994473));
#6250 = CARTESIAN_POINT('',(0.320213152458,1.755470208662));
#6251 = CARTESIAN_POINT('',(0.273685490536,1.6750139125));
#6252 = CARTESIAN_POINT('',(0.155519960767,1.443096294659));
#6253 = CARTESIAN_POINT('',(9.374711898987E-02,1.286526539613));
#6254 = CARTESIAN_POINT('',(4.697277206512E-02,1.124384348224));
#6255 = CARTESIAN_POINT('',(1.564993896507E-02,0.958514012127));
#6256 = CARTESIAN_POINT('',(9.889220083198E-18,0.790772232594));
#6257 = CARTESIAN_POINT('',(0.,0.623026261114));
#6258 = ( GEOMETRIC_REPRESENTATION_CONTEXT(2) 
PARAMETRIC_REPRESENTATION_CONTEXT() REPRESENTATION_CONTEXT('2D SPACE',''
  ) );
#6259 = PCURVE('',#4736,#6260);
#6260 = DEFINITIONAL_REPRESENTATION('',(#6261),#6279);
#6261 = B_SPLINE_CURVE_WITH_KNOTS('',6,(#6262,#6263,#6264,#6265,#6266,
    #6267,#6268,#6269,#6270,#6271,#6272,#6273,#6274,#6275,#6276,#6277,
    #6278),.UNSPECIFIED.,.F.,.F.,(7,5,5,7),(0.,0.340453657283,
    0.512854994261,0.533152000161),.UNSPECIFIED.);
#6262 = CARTESIAN_POINT('',(-6.547477626505,0.));
#6263 = CARTESIAN_POINT('',(-6.547477626505,9.045487326728E-02));
#6264 = CARTESIAN_POINT('',(-6.547344053333,0.180933141954));
#6265 = CARTESIAN_POINT('',(-6.547076789248,0.271304906169));
#6266 = CARTESIAN_POINT('',(-6.546679180145,0.361531265186));
#6267 = CARTESIAN_POINT('',(-6.546156536513,0.451576896103));
#6268 = CARTESIAN_POINT('',(-6.545193986591,0.586809473704));
#6269 = CARTESIAN_POINT('',(-6.544840528535,0.632206928517));
#6270 = CARTESIAN_POINT('',(-6.54445824979,0.67753629373));
#6271 = CARTESIAN_POINT('',(-6.544048349307,0.722795149326));
#6272 = CARTESIAN_POINT('',(-6.543612157531,0.767982595657));
#6273 = CARTESIAN_POINT('',(-6.543096858888,0.818408854513));
#6274 = CARTESIAN_POINT('',(-6.543042237952,0.823719282146));
#6275 = CARTESIAN_POINT('',(-6.542987275103,0.829028715262));
#6276 = CARTESIAN_POINT('',(-6.542931972736,0.834337153485));
#6277 = CARTESIAN_POINT('',(-6.542876333268,0.839644596939));
#6278 = CARTESIAN_POINT('',(-6.542820359133,0.844951046213));
#6279 = ( GEOMETRIC_REPRESENTATION_CONTEXT(2) 
PARAMETRIC_REPRESENTATION_CONTEXT() REPRESENTATION_CONTEXT('2D SPACE',''
  ) );
#6280 = ORIENTED_EDGE('',*,*,#6281,.F.);
#6281 = EDGE_CURVE('',#6282,#6207,#6284,.T.);
#6282 = VERTEX_POINT('',#6283);
#6283 = CARTESIAN_POINT('',(37.645826685811,10.187822787126,14.));
#6284 = SURFACE_CURVE('',#6285,(#6289,#6295),.PCURVE_S1.);
#6285 = LINE('',#6286,#6287);
#6286 = CARTESIAN_POINT('',(37.645826685811,10.187822787126,0.));
#6287 = VECTOR('',#6288,1.);
#6288 = DIRECTION('',(-0.,-0.,-1.));
#6289 = PCURVE('',#2075,#6290);
#6290 = DEFINITIONAL_REPRESENTATION('',(#6291),#6294);
#6291 = B_SPLINE_CURVE_WITH_KNOTS('',1,(#6292,#6293),.UNSPECIFIED.,.F.,
  .F.,(2,2),(-15.40000000588,-1.9999994),.PIECEWISE_BEZIER_KNOTS.);
#6292 = CARTESIAN_POINT('',(15.400000005889,2.696153649942));
#6293 = CARTESIAN_POINT('',(1.9999994,2.696153649942));
#6294 = ( GEOMETRIC_REPRESENTATION_CONTEXT(2) 
PARAMETRIC_REPRESENTATION_CONTEXT() REPRESENTATION_CONTEXT('2D SPACE',''
  ) );
#6295 = PCURVE('',#4777,#6296);
#6296 = DEFINITIONAL_REPRESENTATION('',(#6297),#6300);
#6297 = B_SPLINE_CURVE_WITH_KNOTS('',1,(#6298,#6299),.UNSPECIFIED.,.F.,
  .F.,(2,2),(-15.40000000588,-1.9999994),.PIECEWISE_BEZIER_KNOTS.);
#6298 = CARTESIAN_POINT('',(-0.264292319326,-15.40000000588));
#6299 = CARTESIAN_POINT('',(-0.264292319326,-1.9999994));
#6300 = ( GEOMETRIC_REPRESENTATION_CONTEXT(2) 
PARAMETRIC_REPRESENTATION_CONTEXT() REPRESENTATION_CONTEXT('2D SPACE',''
  ) );
#6301 = ORIENTED_EDGE('',*,*,#6302,.T.);
#6302 = EDGE_CURVE('',#6282,#3445,#6303,.T.);
#6303 = SURFACE_CURVE('',#6304,(#6308,#6315),.PCURVE_S1.);
#6304 = LINE('',#6305,#6306);
#6305 = CARTESIAN_POINT('',(35.310889132455,8.839745962156,14.));
#6306 = VECTOR('',#6307,1.);
#6307 = DIRECTION('',(0.866025403784,0.5,0.));
#6308 = PCURVE('',#2075,#6309);
#6309 = DEFINITIONAL_REPRESENTATION('',(#6310),#6314);
#6310 = LINE('',#6311,#6312);
#6311 = CARTESIAN_POINT('',(14.,0.));
#6312 = VECTOR('',#6313,1.);
#6313 = DIRECTION('',(0.,1.));
#6314 = ( GEOMETRIC_REPRESENTATION_CONTEXT(2) 
PARAMETRIC_REPRESENTATION_CONTEXT() REPRESENTATION_CONTEXT('2D SPACE',''
  ) );
#6315 = PCURVE('',#3526,#6316);
#6316 = DEFINITIONAL_REPRESENTATION('',(#6317),#6321);
#6317 = LINE('',#6318,#6319);
#6318 = CARTESIAN_POINT('',(0.,0.));
#6319 = VECTOR('',#6320,1.);
#6320 = DIRECTION('',(1.,0.));
#6321 = ( GEOMETRIC_REPRESENTATION_CONTEXT(2) 
PARAMETRIC_REPRESENTATION_CONTEXT() REPRESENTATION_CONTEXT('2D SPACE',''
  ) );
#6322 = ORIENTED_EDGE('',*,*,#3444,.F.);
#6323 = ORIENTED_EDGE('',*,*,#4581,.T.);
#6324 = ORIENTED_EDGE('',*,*,#2025,.T.);
#6325 = ORIENTED_EDGE('',*,*,#6130,.F.);
#6326 = ADVANCED_FACE('',(#6327),#3898,.T.);
#6327 = FACE_BOUND('',#6328,.T.);
#6328 = EDGE_LOOP('',(#6329,#6355,#6356,#6357));
#6329 = ORIENTED_EDGE('',*,*,#6330,.T.);
#6330 = EDGE_CURVE('',#4763,#5126,#6331,.T.);
#6331 = SURFACE_CURVE('',#6332,(#6337,#6348),.PCURVE_S1.);
#6332 = CIRCLE('',#6333,39.);
#6333 = AXIS2_PLACEMENT_3D('',#6334,#6335,#6336);
#6334 = CARTESIAN_POINT('',(0.,0.,14.));
#6335 = DIRECTION('',(0.,0.,-1.));
#6336 = DIRECTION('',(1.,0.,0.));
#6337 = PCURVE('',#3898,#6338);
#6338 = DEFINITIONAL_REPRESENTATION('',(#6339),#6347);
#6339 = ( BOUNDED_CURVE() B_SPLINE_CURVE(2,(#6340,#6341,#6342,#6343,
#6344,#6345,#6346),.UNSPECIFIED.,.T.,.F.) B_SPLINE_CURVE_WITH_KNOTS((1,2
    ,2,2,2,1),(-2.094395102393,0.,2.094395102393,4.188790204786,
6.28318530718,8.377580409573),.UNSPECIFIED.) CURVE() 
GEOMETRIC_REPRESENTATION_ITEM() RATIONAL_B_SPLINE_CURVE((1.,0.5,1.,0.5,
1.,0.5,1.)) REPRESENTATION_ITEM('') );
#6340 = CARTESIAN_POINT('',(-35.,49.));
#6341 = CARTESIAN_POINT('',(32.549981495186,49.));
#6342 = CARTESIAN_POINT('',(-1.225009252407,-9.5));
#6343 = CARTESIAN_POINT('',(-35.,-68.));
#6344 = CARTESIAN_POINT('',(-68.77499074759,-9.5));
#6345 = CARTESIAN_POINT('',(-102.5499814951,49.));
#6346 = CARTESIAN_POINT('',(-35.,49.));
#6347 = ( GEOMETRIC_REPRESENTATION_CONTEXT(2) 
PARAMETRIC_REPRESENTATION_CONTEXT() REPRESENTATION_CONTEXT('2D SPACE',''
  ) );
#6348 = PCURVE('',#4777,#6349);
#6349 = DEFINITIONAL_REPRESENTATION('',(#6350),#6354);
#6350 = LINE('',#6351,#6352);
#6351 = CARTESIAN_POINT('',(-6.28318530718,-14.));
#6352 = VECTOR('',#6353,1.);
#6353 = DIRECTION('',(1.,-0.));
#6354 = ( GEOMETRIC_REPRESENTATION_CONTEXT(2) 
PARAMETRIC_REPRESENTATION_CONTEXT() REPRESENTATION_CONTEXT('2D SPACE',''
  ) );
#6355 = ORIENTED_EDGE('',*,*,#5146,.T.);
#6356 = ORIENTED_EDGE('',*,*,#3883,.F.);
#6357 = ORIENTED_EDGE('',*,*,#4788,.F.);
#6358 = ADVANCED_FACE('',(#6359),#3713,.T.);
#6359 = FACE_BOUND('',#6360,.T.);
#6360 = EDGE_LOOP('',(#6361,#6387,#6388,#6389));
#6361 = ORIENTED_EDGE('',*,*,#6362,.T.);
#6362 = EDGE_CURVE('',#5351,#5709,#6363,.T.);
#6363 = SURFACE_CURVE('',#6364,(#6369,#6380),.PCURVE_S1.);
#6364 = CIRCLE('',#6365,39.);
#6365 = AXIS2_PLACEMENT_3D('',#6366,#6367,#6368);
#6366 = CARTESIAN_POINT('',(0.,0.,14.));
#6367 = DIRECTION('',(0.,0.,-1.));
#6368 = DIRECTION('',(1.,0.,0.));
#6369 = PCURVE('',#3713,#6370);
#6370 = DEFINITIONAL_REPRESENTATION('',(#6371),#6379);
#6371 = ( BOUNDED_CURVE() B_SPLINE_CURVE(2,(#6372,#6373,#6374,#6375,
#6376,#6377,#6378),.UNSPECIFIED.,.T.,.F.) B_SPLINE_CURVE_WITH_KNOTS((1,2
    ,2,2,2,1),(-2.094395102393,0.,2.094395102393,4.188790204786,
6.28318530718,8.377580409573),.UNSPECIFIED.) CURVE() 
GEOMETRIC_REPRESENTATION_ITEM() RATIONAL_B_SPLINE_CURVE((1.,0.5,1.,0.5,
1.,0.5,1.)) REPRESENTATION_ITEM('') );
#6372 = CARTESIAN_POINT('',(-68.77499074759,-9.5));
#6373 = CARTESIAN_POINT('',(-102.5499814951,49.));
#6374 = CARTESIAN_POINT('',(-35.,49.));
#6375 = CARTESIAN_POINT('',(32.549981495186,49.));
#6376 = CARTESIAN_POINT('',(-1.225009252407,-9.5));
#6377 = CARTESIAN_POINT('',(-35.,-68.));
#6378 = CARTESIAN_POINT('',(-68.77499074759,-9.5));
#6379 = ( GEOMETRIC_REPRESENTATION_CONTEXT(2) 
PARAMETRIC_REPRESENTATION_CONTEXT() REPRESENTATION_CONTEXT('2D SPACE',''
  ) );
#6380 = PCURVE('',#4777,#6381);
#6381 = DEFINITIONAL_REPRESENTATION('',(#6382),#6386);
#6382 = LINE('',#6383,#6384);
#6383 = CARTESIAN_POINT('',(-6.28318530718,-14.));
#6384 = VECTOR('',#6385,1.);
#6385 = DIRECTION('',(1.,-0.));
#6386 = ( GEOMETRIC_REPRESENTATION_CONTEXT(2) 
PARAMETRIC_REPRESENTATION_CONTEXT() REPRESENTATION_CONTEXT('2D SPACE',''
  ) );
#6387 = ORIENTED_EDGE('',*,*,#5729,.T.);
#6388 = ORIENTED_EDGE('',*,*,#3696,.F.);
#6389 = ORIENTED_EDGE('',*,*,#5371,.F.);
#6390 = ADVANCED_FACE('',(#6391),#3526,.T.);
#6391 = FACE_BOUND('',#6392,.T.);
#6392 = EDGE_LOOP('',(#6393,#6419,#6420,#6421));
#6393 = ORIENTED_EDGE('',*,*,#6394,.T.);
#6394 = EDGE_CURVE('',#5934,#6282,#6395,.T.);
#6395 = SURFACE_CURVE('',#6396,(#6401,#6412),.PCURVE_S1.);
#6396 = CIRCLE('',#6397,39.);
#6397 = AXIS2_PLACEMENT_3D('',#6398,#6399,#6400);
#6398 = CARTESIAN_POINT('',(0.,0.,14.));
#6399 = DIRECTION('',(0.,0.,-1.));
#6400 = DIRECTION('',(1.,0.,0.));
#6401 = PCURVE('',#3526,#6402);
#6402 = DEFINITIONAL_REPRESENTATION('',(#6403),#6411);
#6403 = ( BOUNDED_CURVE() B_SPLINE_CURVE(2,(#6404,#6405,#6406,#6407,
#6408,#6409,#6410),.UNSPECIFIED.,.T.,.F.) B_SPLINE_CURVE_WITH_KNOTS((1,2
    ,2,2,2,1),(-2.094395102393,0.,2.094395102393,4.188790204786,
6.28318530718,8.377580409573),.UNSPECIFIED.) CURVE() 
GEOMETRIC_REPRESENTATION_ITEM() RATIONAL_B_SPLINE_CURVE((1.,0.5,1.,0.5,
1.,0.5,1.)) REPRESENTATION_ITEM('') );
#6404 = CARTESIAN_POINT('',(-1.225009252407,-9.5));
#6405 = CARTESIAN_POINT('',(-35.,-68.));
#6406 = CARTESIAN_POINT('',(-68.77499074759,-9.5));
#6407 = CARTESIAN_POINT('',(-102.5499814951,49.));
#6408 = CARTESIAN_POINT('',(-35.,49.));
#6409 = CARTESIAN_POINT('',(32.549981495186,49.));
#6410 = CARTESIAN_POINT('',(-1.225009252407,-9.5));
#6411 = ( GEOMETRIC_REPRESENTATION_CONTEXT(2) 
PARAMETRIC_REPRESENTATION_CONTEXT() REPRESENTATION_CONTEXT('2D SPACE',''
  ) );
#6412 = PCURVE('',#4777,#6413);
#6413 = DEFINITIONAL_REPRESENTATION('',(#6414),#6418);
#6414 = LINE('',#6415,#6416);
#6415 = CARTESIAN_POINT('',(-6.28318530718,-14.));
#6416 = VECTOR('',#6417,1.);
#6417 = DIRECTION('',(1.,-0.));
#6418 = ( GEOMETRIC_REPRESENTATION_CONTEXT(2) 
PARAMETRIC_REPRESENTATION_CONTEXT() REPRESENTATION_CONTEXT('2D SPACE',''
  ) );
#6419 = ORIENTED_EDGE('',*,*,#6302,.T.);
#6420 = ORIENTED_EDGE('',*,*,#3509,.F.);
#6421 = ORIENTED_EDGE('',*,*,#5954,.F.);
#6422 = ADVANCED_FACE('',(#6423),#3996,.F.);
#6423 = FACE_BOUND('',#6424,.T.);
#6424 = EDGE_LOOP('',(#6425,#6453,#6476,#6502,#6503,#6529,#6530,#6558,
    #6584,#6613,#6634,#6660));
#6425 = ORIENTED_EDGE('',*,*,#6426,.T.);
#6426 = EDGE_CURVE('',#6427,#6427,#6429,.T.);
#6427 = VERTEX_POINT('',#6428);
#6428 = CARTESIAN_POINT('',(28.,0.,0.));
#6429 = SURFACE_CURVE('',#6430,(#6435,#6442),.PCURVE_S1.);
#6430 = CIRCLE('',#6431,28.);
#6431 = AXIS2_PLACEMENT_3D('',#6432,#6433,#6434);
#6432 = CARTESIAN_POINT('',(0.,0.,0.));
#6433 = DIRECTION('',(0.,0.,-1.));
#6434 = DIRECTION('',(1.,0.,0.));
#6435 = PCURVE('',#3996,#6436);
#6436 = DEFINITIONAL_REPRESENTATION('',(#6437),#6441);
#6437 = LINE('',#6438,#6439);
#6438 = CARTESIAN_POINT('',(-6.28318530718,-0.1));
#6439 = VECTOR('',#6440,1.);
#6440 = DIRECTION('',(1.,-0.));
#6441 = ( GEOMETRIC_REPRESENTATION_CONTEXT(2) 
PARAMETRIC_REPRESENTATION_CONTEXT() REPRESENTATION_CONTEXT('2D SPACE',''
  ) );
#6442 = PCURVE('',#4642,#6443);
#6443 = DEFINITIONAL_REPRESENTATION('',(#6444),#6452);
#6444 = ( BOUNDED_CURVE() B_SPLINE_CURVE(2,(#6445,#6446,#6447,#6448,
#6449,#6450,#6451),.UNSPECIFIED.,.T.,.F.) B_SPLINE_CURVE_WITH_KNOTS((1,2
    ,2,2,2,1),(-2.094395102393,0.,2.094395102393,4.188790204786,
6.28318530718,8.377580409573),.UNSPECIFIED.) CURVE() 
GEOMETRIC_REPRESENTATION_ITEM() RATIONAL_B_SPLINE_CURVE((1.,0.5,1.,0.5,
1.,0.5,1.)) REPRESENTATION_ITEM('') );
#6445 = CARTESIAN_POINT('',(-35.,38.));
#6446 = CARTESIAN_POINT('',(13.497422611929,38.));
#6447 = CARTESIAN_POINT('',(-10.75128869403,-4.));
#6448 = CARTESIAN_POINT('',(-35.,-46.));
#6449 = CARTESIAN_POINT('',(-59.24871130596,-4.));
#6450 = CARTESIAN_POINT('',(-83.49742261192,38.));
#6451 = CARTESIAN_POINT('',(-35.,38.));
#6452 = ( GEOMETRIC_REPRESENTATION_CONTEXT(2) 
PARAMETRIC_REPRESENTATION_CONTEXT() REPRESENTATION_CONTEXT('2D SPACE',''
  ) );
#6453 = ORIENTED_EDGE('',*,*,#6454,.T.);
#6454 = EDGE_CURVE('',#6427,#6455,#6457,.T.);
#6455 = VERTEX_POINT('',#6456);
#6456 = CARTESIAN_POINT('',(28.,0.,3.));
#6457 = SEAM_CURVE('',#6458,(#6462,#6469),.PCURVE_S1.);
#6458 = LINE('',#6459,#6460);
#6459 = CARTESIAN_POINT('',(28.,0.,-0.1));
#6460 = VECTOR('',#6461,1.);
#6461 = DIRECTION('',(0.,0.,1.));
#6462 = PCURVE('',#3996,#6463);
#6463 = DEFINITIONAL_REPRESENTATION('',(#6464),#6468);
#6464 = LINE('',#6465,#6466);
#6465 = CARTESIAN_POINT('',(-6.28318530718,0.));
#6466 = VECTOR('',#6467,1.);
#6467 = DIRECTION('',(-0.,-1.));
#6468 = ( GEOMETRIC_REPRESENTATION_CONTEXT(2) 
PARAMETRIC_REPRESENTATION_CONTEXT() REPRESENTATION_CONTEXT('2D SPACE',''
  ) );
#6469 = PCURVE('',#3996,#6470);
#6470 = DEFINITIONAL_REPRESENTATION('',(#6471),#6475);
#6471 = LINE('',#6472,#6473);
#6472 = CARTESIAN_POINT('',(-0.,0.));
#6473 = VECTOR('',#6474,1.);
#6474 = DIRECTION('',(-0.,-1.));
#6475 = ( GEOMETRIC_REPRESENTATION_CONTEXT(2) 
PARAMETRIC_REPRESENTATION_CONTEXT() REPRESENTATION_CONTEXT('2D SPACE',''
  ) );
#6476 = ORIENTED_EDGE('',*,*,#6477,.F.);
#6477 = EDGE_CURVE('',#3945,#6455,#6478,.T.);
#6478 = SURFACE_CURVE('',#6479,(#6484,#6491),.PCURVE_S1.);
#6479 = CIRCLE('',#6480,28.);
#6480 = AXIS2_PLACEMENT_3D('',#6481,#6482,#6483);
#6481 = CARTESIAN_POINT('',(0.,0.,3.));
#6482 = DIRECTION('',(0.,0.,-1.));
#6483 = DIRECTION('',(1.,0.,0.));
#6484 = PCURVE('',#3996,#6485);
#6485 = DEFINITIONAL_REPRESENTATION('',(#6486),#6490);
#6486 = LINE('',#6487,#6488);
#6487 = CARTESIAN_POINT('',(-6.28318530718,-3.1));
#6488 = VECTOR('',#6489,1.);
#6489 = DIRECTION('',(1.,-0.));
#6490 = ( GEOMETRIC_REPRESENTATION_CONTEXT(2) 
PARAMETRIC_REPRESENTATION_CONTEXT() REPRESENTATION_CONTEXT('2D SPACE',''
  ) );
#6491 = PCURVE('',#4040,#6492);
#6492 = DEFINITIONAL_REPRESENTATION('',(#6493),#6501);
#6493 = ( BOUNDED_CURVE() B_SPLINE_CURVE(2,(#6494,#6495,#6496,#6497,
#6498,#6499,#6500),.UNSPECIFIED.,.T.,.F.) B_SPLINE_CURVE_WITH_KNOTS((1,2
    ,2,2,2,1),(-2.094395102393,0.,2.094395102393,4.188790204786,
6.28318530718,8.377580409573),.UNSPECIFIED.) CURVE() 
GEOMETRIC_REPRESENTATION_ITEM() RATIONAL_B_SPLINE_CURVE((1.,0.5,1.,0.5,
1.,0.5,1.)) REPRESENTATION_ITEM('') );
#6494 = CARTESIAN_POINT('',(-28.,4.702643708726E-15));
#6495 = CARTESIAN_POINT('',(-28.,48.497422611929));
#6496 = CARTESIAN_POINT('',(14.,24.248711305964));
#6497 = CARTESIAN_POINT('',(56.,1.273632671113E-15));
#6498 = CARTESIAN_POINT('',(14.,-24.24871130596));
#6499 = CARTESIAN_POINT('',(-28.,-48.49742261192));
#6500 = CARTESIAN_POINT('',(-28.,4.702643708726E-15));
#6501 = ( GEOMETRIC_REPRESENTATION_CONTEXT(2) 
PARAMETRIC_REPRESENTATION_CONTEXT() REPRESENTATION_CONTEXT('2D SPACE',''
  ) );
#6502 = ORIENTED_EDGE('',*,*,#3944,.T.);
#6503 = ORIENTED_EDGE('',*,*,#6504,.F.);
#6504 = EDGE_CURVE('',#4357,#3947,#6505,.T.);
#6505 = SURFACE_CURVE('',#6506,(#6511,#6518),.PCURVE_S1.);
#6506 = CIRCLE('',#6507,28.);
#6507 = AXIS2_PLACEMENT_3D('',#6508,#6509,#6510);
#6508 = CARTESIAN_POINT('',(0.,0.,3.));
#6509 = DIRECTION('',(0.,0.,-1.));
#6510 = DIRECTION('',(1.,0.,0.));
#6511 = PCURVE('',#3996,#6512);
#6512 = DEFINITIONAL_REPRESENTATION('',(#6513),#6517);
#6513 = LINE('',#6514,#6515);
#6514 = CARTESIAN_POINT('',(-6.28318530718,-3.1));
#6515 = VECTOR('',#6516,1.);
#6516 = DIRECTION('',(1.,-0.));
#6517 = ( GEOMETRIC_REPRESENTATION_CONTEXT(2) 
PARAMETRIC_REPRESENTATION_CONTEXT() REPRESENTATION_CONTEXT('2D SPACE',''
  ) );
#6518 = PCURVE('',#4255,#6519);
#6519 = DEFINITIONAL_REPRESENTATION('',(#6520),#6528);
#6520 = ( BOUNDED_CURVE() B_SPLINE_CURVE(2,(#6521,#6522,#6523,#6524,
#6525,#6526,#6527),.UNSPECIFIED.,.T.,.F.) B_SPLINE_CURVE_WITH_KNOTS((1,2
    ,2,2,2,1),(-2.094395102393,0.,2.094395102393,4.188790204786,
6.28318530718,8.377580409573),.UNSPECIFIED.) CURVE() 
GEOMETRIC_REPRESENTATION_ITEM() RATIONAL_B_SPLINE_CURVE((1.,0.5,1.,0.5,
1.,0.5,1.)) REPRESENTATION_ITEM('') );
#6521 = CARTESIAN_POINT('',(-28.,4.702643708726E-15));
#6522 = CARTESIAN_POINT('',(-28.,48.497422611929));
#6523 = CARTESIAN_POINT('',(14.,24.248711305964));
#6524 = CARTESIAN_POINT('',(56.,1.273632671113E-15));
#6525 = CARTESIAN_POINT('',(14.,-24.24871130596));
#6526 = CARTESIAN_POINT('',(-28.,-48.49742261192));
#6527 = CARTESIAN_POINT('',(-28.,4.702643708726E-15));
#6528 = ( GEOMETRIC_REPRESENTATION_CONTEXT(2) 
PARAMETRIC_REPRESENTATION_CONTEXT() REPRESENTATION_CONTEXT('2D SPACE',''
  ) );
#6529 = ORIENTED_EDGE('',*,*,#4356,.T.);
#6530 = ORIENTED_EDGE('',*,*,#6531,.F.);
#6531 = EDGE_CURVE('',#6532,#4331,#6534,.T.);
#6532 = VERTEX_POINT('',#6533);
#6533 = CARTESIAN_POINT('',(-12.60952021291,-25.,3.));
#6534 = SURFACE_CURVE('',#6535,(#6540,#6547),.PCURVE_S1.);
#6535 = CIRCLE('',#6536,28.);
#6536 = AXIS2_PLACEMENT_3D('',#6537,#6538,#6539);
#6537 = CARTESIAN_POINT('',(0.,0.,3.));
#6538 = DIRECTION('',(0.,0.,-1.));
#6539 = DIRECTION('',(1.,0.,0.));
#6540 = PCURVE('',#3996,#6541);
#6541 = DEFINITIONAL_REPRESENTATION('',(#6542),#6546);
#6542 = LINE('',#6543,#6544);
#6543 = CARTESIAN_POINT('',(-6.28318530718,-3.1));
#6544 = VECTOR('',#6545,1.);
#6545 = DIRECTION('',(1.,-0.));
#6546 = ( GEOMETRIC_REPRESENTATION_CONTEXT(2) 
PARAMETRIC_REPRESENTATION_CONTEXT() REPRESENTATION_CONTEXT('2D SPACE',''
  ) );
#6547 = PCURVE('',#4345,#6548);
#6548 = DEFINITIONAL_REPRESENTATION('',(#6549),#6557);
#6549 = ( BOUNDED_CURVE() B_SPLINE_CURVE(2,(#6550,#6551,#6552,#6553,
#6554,#6555,#6556),.UNSPECIFIED.,.T.,.F.) B_SPLINE_CURVE_WITH_KNOTS((1,2
    ,2,2,2,1),(-2.094395102393,0.,2.094395102393,4.188790204786,
6.28318530718,8.377580409573),.UNSPECIFIED.) CURVE() 
GEOMETRIC_REPRESENTATION_ITEM() RATIONAL_B_SPLINE_CURVE((1.,0.5,1.,0.5,
1.,0.5,1.)) REPRESENTATION_ITEM('') );
#6550 = CARTESIAN_POINT('',(-28.,4.702643708726E-15));
#6551 = CARTESIAN_POINT('',(-28.,48.497422611929));
#6552 = CARTESIAN_POINT('',(14.,24.248711305964));
#6553 = CARTESIAN_POINT('',(56.,1.273632671113E-15));
#6554 = CARTESIAN_POINT('',(14.,-24.24871130596));
#6555 = CARTESIAN_POINT('',(-28.,-48.49742261192));
#6556 = CARTESIAN_POINT('',(-28.,4.702643708726E-15));
#6557 = ( GEOMETRIC_REPRESENTATION_CONTEXT(2) 
PARAMETRIC_REPRESENTATION_CONTEXT() REPRESENTATION_CONTEXT('2D SPACE',''
  ) );
#6558 = ORIENTED_EDGE('',*,*,#6559,.F.);
#6559 = EDGE_CURVE('',#6560,#6532,#6562,.T.);
#6560 = VERTEX_POINT('',#6561);
#6561 = CARTESIAN_POINT('',(-12.60952021291,-25.,3.1));
#6562 = SURFACE_CURVE('',#6563,(#6567,#6573),.PCURVE_S1.);
#6563 = LINE('',#6564,#6565);
#6564 = CARTESIAN_POINT('',(-12.60952021291,-25.,-0.1));
#6565 = VECTOR('',#6566,1.);
#6566 = DIRECTION('',(-0.,-0.,-1.));
#6567 = PCURVE('',#3996,#6568);
#6568 = DEFINITIONAL_REPRESENTATION('',(#6569),#6572);
#6569 = B_SPLINE_CURVE_WITH_KNOTS('',1,(#6570,#6571),.UNSPECIFIED.,.F.,
  .F.,(2,2),(-3.2000006,-0.6),.PIECEWISE_BEZIER_KNOTS.);
#6570 = CARTESIAN_POINT('',(-4.245242869376,-3.2000006));
#6571 = CARTESIAN_POINT('',(-4.245242869376,-0.6));
#6572 = ( GEOMETRIC_REPRESENTATION_CONTEXT(2) 
PARAMETRIC_REPRESENTATION_CONTEXT() REPRESENTATION_CONTEXT('2D SPACE',''
  ) );
#6573 = PCURVE('',#6574,#6579);
#6574 = PLANE('',#6575);
#6575 = AXIS2_PLACEMENT_3D('',#6576,#6577,#6578);
#6576 = CARTESIAN_POINT('',(93.6,-25.,2.));
#6577 = DIRECTION('',(1.224646799147E-16,-1.,0.));
#6578 = DIRECTION('',(0.,0.,1.));
#6579 = DEFINITIONAL_REPRESENTATION('',(#6580),#6583);
#6580 = B_SPLINE_CURVE_WITH_KNOTS('',1,(#6581,#6582),.UNSPECIFIED.,.F.,
  .F.,(2,2),(-3.2000006,-0.6),.PIECEWISE_BEZIER_KNOTS.);
#6581 = CARTESIAN_POINT('',(1.1000006,106.20952021291));
#6582 = CARTESIAN_POINT('',(-1.5,106.20952021291));
#6583 = ( GEOMETRIC_REPRESENTATION_CONTEXT(2) 
PARAMETRIC_REPRESENTATION_CONTEXT() REPRESENTATION_CONTEXT('2D SPACE',''
  ) );
#6584 = ORIENTED_EDGE('',*,*,#6585,.T.);
#6585 = EDGE_CURVE('',#6560,#6586,#6588,.T.);
#6586 = VERTEX_POINT('',#6587);
#6587 = CARTESIAN_POINT('',(12.609520212918,-25.,3.1));
#6588 = SURFACE_CURVE('',#6589,(#6594,#6601),.PCURVE_S1.);
#6589 = CIRCLE('',#6590,28.);
#6590 = AXIS2_PLACEMENT_3D('',#6591,#6592,#6593);
#6591 = CARTESIAN_POINT('',(0.,0.,3.1));
#6592 = DIRECTION('',(0.,0.,1.));
#6593 = DIRECTION('',(1.,0.,0.));
#6594 = PCURVE('',#3996,#6595);
#6595 = DEFINITIONAL_REPRESENTATION('',(#6596),#6600);
#6596 = LINE('',#6597,#6598);
#6597 = CARTESIAN_POINT('',(-0.,-3.2));
#6598 = VECTOR('',#6599,1.);
#6599 = DIRECTION('',(-1.,0.));
#6600 = ( GEOMETRIC_REPRESENTATION_CONTEXT(2) 
PARAMETRIC_REPRESENTATION_CONTEXT() REPRESENTATION_CONTEXT('2D SPACE',''
  ) );
#6601 = PCURVE('',#6602,#6607);
#6602 = PLANE('',#6603);
#6603 = AXIS2_PLACEMENT_3D('',#6604,#6605,#6606);
#6604 = CARTESIAN_POINT('',(-1.562788722902E-15,-1.143003679204E-15,3.1)
  );
#6605 = DIRECTION('',(0.,0.,1.));
#6606 = DIRECTION('',(1.,0.,-0.));
#6607 = DEFINITIONAL_REPRESENTATION('',(#6608),#6612);
#6608 = CIRCLE('',#6609,28.);
#6609 = AXIS2_PLACEMENT_2D('',#6610,#6611);
#6610 = CARTESIAN_POINT('',(1.562788722902E-15,1.143003679204E-15));
#6611 = DIRECTION('',(1.,0.));
#6612 = ( GEOMETRIC_REPRESENTATION_CONTEXT(2) 
PARAMETRIC_REPRESENTATION_CONTEXT() REPRESENTATION_CONTEXT('2D SPACE',''
  ) );
#6613 = ORIENTED_EDGE('',*,*,#6614,.T.);
#6614 = EDGE_CURVE('',#6586,#6615,#6617,.T.);
#6615 = VERTEX_POINT('',#6616);
#6616 = CARTESIAN_POINT('',(12.609520212918,-25.,3.));
#6617 = SURFACE_CURVE('',#6618,(#6622,#6628),.PCURVE_S1.);
#6618 = LINE('',#6619,#6620);
#6619 = CARTESIAN_POINT('',(12.609520212918,-25.,-0.1));
#6620 = VECTOR('',#6621,1.);
#6621 = DIRECTION('',(-0.,-0.,-1.));
#6622 = PCURVE('',#3996,#6623);
#6623 = DEFINITIONAL_REPRESENTATION('',(#6624),#6627);
#6624 = B_SPLINE_CURVE_WITH_KNOTS('',1,(#6625,#6626),.UNSPECIFIED.,.F.,
  .F.,(2,2),(-3.2000006,-0.6),.PIECEWISE_BEZIER_KNOTS.);
#6625 = CARTESIAN_POINT('',(-5.179535091394,-3.2000006));
#6626 = CARTESIAN_POINT('',(-5.179535091394,-0.6));
#6627 = ( GEOMETRIC_REPRESENTATION_CONTEXT(2) 
PARAMETRIC_REPRESENTATION_CONTEXT() REPRESENTATION_CONTEXT('2D SPACE',''
  ) );
#6628 = PCURVE('',#6574,#6629);
#6629 = DEFINITIONAL_REPRESENTATION('',(#6630),#6633);
#6630 = B_SPLINE_CURVE_WITH_KNOTS('',1,(#6631,#6632),.UNSPECIFIED.,.F.,
  .F.,(2,2),(-3.2000006,-0.6),.PIECEWISE_BEZIER_KNOTS.);
#6631 = CARTESIAN_POINT('',(1.1000006,80.990479787082));
#6632 = CARTESIAN_POINT('',(-1.5,80.990479787082));
#6633 = ( GEOMETRIC_REPRESENTATION_CONTEXT(2) 
PARAMETRIC_REPRESENTATION_CONTEXT() REPRESENTATION_CONTEXT('2D SPACE',''
  ) );
#6634 = ORIENTED_EDGE('',*,*,#6635,.F.);
#6635 = EDGE_CURVE('',#6455,#6615,#6636,.T.);
#6636 = SURFACE_CURVE('',#6637,(#6642,#6649),.PCURVE_S1.);
#6637 = CIRCLE('',#6638,28.);
#6638 = AXIS2_PLACEMENT_3D('',#6639,#6640,#6641);
#6639 = CARTESIAN_POINT('',(0.,0.,3.));
#6640 = DIRECTION('',(0.,0.,-1.));
#6641 = DIRECTION('',(1.,0.,0.));
#6642 = PCURVE('',#3996,#6643);
#6643 = DEFINITIONAL_REPRESENTATION('',(#6644),#6648);
#6644 = LINE('',#6645,#6646);
#6645 = CARTESIAN_POINT('',(-6.28318530718,-3.1));
#6646 = VECTOR('',#6647,1.);
#6647 = DIRECTION('',(1.,-0.));
#6648 = ( GEOMETRIC_REPRESENTATION_CONTEXT(2) 
PARAMETRIC_REPRESENTATION_CONTEXT() REPRESENTATION_CONTEXT('2D SPACE',''
  ) );
#6649 = PCURVE('',#4040,#6650);
#6650 = DEFINITIONAL_REPRESENTATION('',(#6651),#6659);
#6651 = ( BOUNDED_CURVE() B_SPLINE_CURVE(2,(#6652,#6653,#6654,#6655,
#6656,#6657,#6658),.UNSPECIFIED.,.T.,.F.) B_SPLINE_CURVE_WITH_KNOTS((1,2
    ,2,2,2,1),(-2.094395102393,0.,2.094395102393,4.188790204786,
6.28318530718,8.377580409573),.UNSPECIFIED.) CURVE() 
GEOMETRIC_REPRESENTATION_ITEM() RATIONAL_B_SPLINE_CURVE((1.,0.5,1.,0.5,
1.,0.5,1.)) REPRESENTATION_ITEM('') );
#6652 = CARTESIAN_POINT('',(-28.,4.702643708726E-15));
#6653 = CARTESIAN_POINT('',(-28.,48.497422611929));
#6654 = CARTESIAN_POINT('',(14.,24.248711305964));
#6655 = CARTESIAN_POINT('',(56.,1.273632671113E-15));
#6656 = CARTESIAN_POINT('',(14.,-24.24871130596));
#6657 = CARTESIAN_POINT('',(-28.,-48.49742261192));
#6658 = CARTESIAN_POINT('',(-28.,4.702643708726E-15));
#6659 = ( GEOMETRIC_REPRESENTATION_CONTEXT(2) 
PARAMETRIC_REPRESENTATION_CONTEXT() REPRESENTATION_CONTEXT('2D SPACE',''
  ) );
#6660 = ORIENTED_EDGE('',*,*,#6454,.F.);
#6661 = ADVANCED_FACE('',(#6662),#4255,.T.);
#6662 = FACE_BOUND('',#6663,.T.);
#6663 = EDGE_LOOP('',(#6664,#6665,#6687,#6688));
#6664 = ORIENTED_EDGE('',*,*,#4242,.F.);
#6665 = ORIENTED_EDGE('',*,*,#6666,.T.);
#6666 = EDGE_CURVE('',#4205,#4431,#6667,.T.);
#6667 = SURFACE_CURVE('',#6668,(#6673,#6680),.PCURVE_S1.);
#6668 = CIRCLE('',#6669,31.2);
#6669 = AXIS2_PLACEMENT_3D('',#6670,#6671,#6672);
#6670 = CARTESIAN_POINT('',(0.,0.,3.));
#6671 = DIRECTION('',(-0.,0.,1.));
#6672 = DIRECTION('',(0.59828678265,-0.801282051282,0.));
#6673 = PCURVE('',#4255,#6674);
#6674 = DEFINITIONAL_REPRESENTATION('',(#6675),#6679);
#6675 = CIRCLE('',#6676,31.2);
#6676 = AXIS2_PLACEMENT_2D('',#6677,#6678);
#6677 = CARTESIAN_POINT('',(2.805005400081E-15,1.273632671113E-15));
#6678 = DIRECTION('',(-0.59828678265,0.801282051282));
#6679 = ( GEOMETRIC_REPRESENTATION_CONTEXT(2) 
PARAMETRIC_REPRESENTATION_CONTEXT() REPRESENTATION_CONTEXT('2D SPACE',''
  ) );
#6680 = PCURVE('',#4135,#6681);
#6681 = DEFINITIONAL_REPRESENTATION('',(#6682),#6686);
#6682 = LINE('',#6683,#6684);
#6683 = CARTESIAN_POINT('',(-2.212157629306,0.));
#6684 = VECTOR('',#6685,1.);
#6685 = DIRECTION('',(-1.,0.));
#6686 = ( GEOMETRIC_REPRESENTATION_CONTEXT(2) 
PARAMETRIC_REPRESENTATION_CONTEXT() REPRESENTATION_CONTEXT('2D SPACE',''
  ) );
#6687 = ORIENTED_EDGE('',*,*,#4430,.T.);
#6688 = ORIENTED_EDGE('',*,*,#6504,.T.);
#6689 = ADVANCED_FACE('',(#6690),#4135,.F.);
#6690 = FACE_BOUND('',#6691,.T.);
#6691 = EDGE_LOOP('',(#6692,#6716,#6739,#6772,#6795,#6817,#6818,#6819,
    #6820,#6821));
#6692 = ORIENTED_EDGE('',*,*,#6693,.F.);
#6693 = EDGE_CURVE('',#6694,#4026,#6696,.T.);
#6694 = VERTEX_POINT('',#6695);
#6695 = CARTESIAN_POINT('',(18.666547618668,-25.,3.));
#6696 = SURFACE_CURVE('',#6697,(#6702,#6709),.PCURVE_S1.);
#6697 = CIRCLE('',#6698,31.2);
#6698 = AXIS2_PLACEMENT_3D('',#6699,#6700,#6701);
#6699 = CARTESIAN_POINT('',(0.,0.,3.));
#6700 = DIRECTION('',(-0.,0.,1.));
#6701 = DIRECTION('',(0.59828678265,-0.801282051282,0.));
#6702 = PCURVE('',#4135,#6703);
#6703 = DEFINITIONAL_REPRESENTATION('',(#6704),#6708);
#6704 = LINE('',#6705,#6706);
#6705 = CARTESIAN_POINT('',(-2.212157629306,0.));
#6706 = VECTOR('',#6707,1.);
#6707 = DIRECTION('',(-1.,0.));
#6708 = ( GEOMETRIC_REPRESENTATION_CONTEXT(2) 
PARAMETRIC_REPRESENTATION_CONTEXT() REPRESENTATION_CONTEXT('2D SPACE',''
  ) );
#6709 = PCURVE('',#4040,#6710);
#6710 = DEFINITIONAL_REPRESENTATION('',(#6711),#6715);
#6711 = CIRCLE('',#6712,31.2);
#6712 = AXIS2_PLACEMENT_2D('',#6713,#6714);
#6713 = CARTESIAN_POINT('',(2.805005400081E-15,1.273632671113E-15));
#6714 = DIRECTION('',(-0.59828678265,0.801282051282));
#6715 = ( GEOMETRIC_REPRESENTATION_CONTEXT(2) 
PARAMETRIC_REPRESENTATION_CONTEXT() REPRESENTATION_CONTEXT('2D SPACE',''
  ) );
#6716 = ORIENTED_EDGE('',*,*,#6717,.F.);
#6717 = EDGE_CURVE('',#6718,#6694,#6720,.T.);
#6718 = VERTEX_POINT('',#6719);
#6719 = CARTESIAN_POINT('',(18.666547618668,-25.,28.));
#6720 = SURFACE_CURVE('',#6721,(#6725,#6732),.PCURVE_S1.);
#6721 = LINE('',#6722,#6723);
#6722 = CARTESIAN_POINT('',(18.666547618668,-25.,3.));
#6723 = VECTOR('',#6724,1.);
#6724 = DIRECTION('',(0.,0.,-1.));
#6725 = PCURVE('',#4135,#6726);
#6726 = DEFINITIONAL_REPRESENTATION('',(#6727),#6731);
#6727 = LINE('',#6728,#6729);
#6728 = CARTESIAN_POINT('',(-2.212157629306,0.));
#6729 = VECTOR('',#6730,1.);
#6730 = DIRECTION('',(-0.,1.));
#6731 = ( GEOMETRIC_REPRESENTATION_CONTEXT(2) 
PARAMETRIC_REPRESENTATION_CONTEXT() REPRESENTATION_CONTEXT('2D SPACE',''
  ) );
#6732 = PCURVE('',#6574,#6733);
#6733 = DEFINITIONAL_REPRESENTATION('',(#6734),#6738);
#6734 = LINE('',#6735,#6736);
#6735 = CARTESIAN_POINT('',(1.,74.933452381332));
#6736 = VECTOR('',#6737,1.);
#6737 = DIRECTION('',(-1.,-0.));
#6738 = ( GEOMETRIC_REPRESENTATION_CONTEXT(2) 
PARAMETRIC_REPRESENTATION_CONTEXT() REPRESENTATION_CONTEXT('2D SPACE',''
  ) );
#6739 = ORIENTED_EDGE('',*,*,#6740,.F.);
#6740 = EDGE_CURVE('',#6741,#6718,#6743,.T.);
#6741 = VERTEX_POINT('',#6742);
#6742 = CARTESIAN_POINT('',(-18.66654761866,-25.,28.));
#6743 = SURFACE_CURVE('',#6744,(#6749,#6756),.PCURVE_S1.);
#6744 = CIRCLE('',#6745,31.2);
#6745 = AXIS2_PLACEMENT_3D('',#6746,#6747,#6748);
#6746 = CARTESIAN_POINT('',(0.,0.,28.));
#6747 = DIRECTION('',(0.,0.,-1.));
#6748 = DIRECTION('',(-1.,-1.224646799147E-16,-0.));
#6749 = PCURVE('',#4135,#6750);
#6750 = DEFINITIONAL_REPRESENTATION('',(#6751),#6755);
#6751 = LINE('',#6752,#6753);
#6752 = CARTESIAN_POINT('',(-12.56637061435,-25.));
#6753 = VECTOR('',#6754,1.);
#6754 = DIRECTION('',(1.,-0.));
#6755 = ( GEOMETRIC_REPRESENTATION_CONTEXT(2) 
PARAMETRIC_REPRESENTATION_CONTEXT() REPRESENTATION_CONTEXT('2D SPACE',''
  ) );
#6756 = PCURVE('',#6757,#6762);
#6757 = PLANE('',#6758);
#6758 = AXIS2_PLACEMENT_3D('',#6759,#6760,#6761);
#6759 = CARTESIAN_POINT('',(-5.610010800162E-15,6.519634811731E-16,28.)
  );
#6760 = DIRECTION('',(0.,0.,1.));
#6761 = DIRECTION('',(1.,0.,-0.));
#6762 = DEFINITIONAL_REPRESENTATION('',(#6763),#6771);
#6763 = ( BOUNDED_CURVE() B_SPLINE_CURVE(2,(#6764,#6765,#6766,#6767,
#6768,#6769,#6770),.UNSPECIFIED.,.T.,.F.) B_SPLINE_CURVE_WITH_KNOTS((1,2
    ,2,2,2,1),(-2.094395102393,0.,2.094395102393,4.188790204786,
6.28318530718,8.377580409573),.UNSPECIFIED.) CURVE() 
GEOMETRIC_REPRESENTATION_ITEM() RATIONAL_B_SPLINE_CURVE((1.,0.5,1.,0.5,
1.,0.5,1.)) REPRESENTATION_ITEM('') );
#6764 = CARTESIAN_POINT('',(-31.2,-4.472861494513E-15));
#6765 = CARTESIAN_POINT('',(-31.2,54.039985196149));
#6766 = CARTESIAN_POINT('',(15.6,27.019992598074));
#6767 = CARTESIAN_POINT('',(62.4,1.463162857219E-14));
#6768 = CARTESIAN_POINT('',(15.6,-27.01999259807));
#6769 = CARTESIAN_POINT('',(-31.2,-54.03998519614));
#6770 = CARTESIAN_POINT('',(-31.2,-4.472861494513E-15));
#6771 = ( GEOMETRIC_REPRESENTATION_CONTEXT(2) 
PARAMETRIC_REPRESENTATION_CONTEXT() REPRESENTATION_CONTEXT('2D SPACE',''
  ) );
#6772 = ORIENTED_EDGE('',*,*,#6773,.T.);
#6773 = EDGE_CURVE('',#6741,#6774,#6776,.T.);
#6774 = VERTEX_POINT('',#6775);
#6775 = CARTESIAN_POINT('',(-18.66654761866,-25.,3.));
#6776 = SURFACE_CURVE('',#6777,(#6781,#6788),.PCURVE_S1.);
#6777 = LINE('',#6778,#6779);
#6778 = CARTESIAN_POINT('',(-18.66654761866,-25.,3.));
#6779 = VECTOR('',#6780,1.);
#6780 = DIRECTION('',(0.,0.,-1.));
#6781 = PCURVE('',#4135,#6782);
#6782 = DEFINITIONAL_REPRESENTATION('',(#6783),#6787);
#6783 = LINE('',#6784,#6785);
#6784 = CARTESIAN_POINT('',(-7.212620331464,0.));
#6785 = VECTOR('',#6786,1.);
#6786 = DIRECTION('',(-0.,1.));
#6787 = ( GEOMETRIC_REPRESENTATION_CONTEXT(2) 
PARAMETRIC_REPRESENTATION_CONTEXT() REPRESENTATION_CONTEXT('2D SPACE',''
  ) );
#6788 = PCURVE('',#6574,#6789);
#6789 = DEFINITIONAL_REPRESENTATION('',(#6790),#6794);
#6790 = LINE('',#6791,#6792);
#6791 = CARTESIAN_POINT('',(1.,112.26654761866));
#6792 = VECTOR('',#6793,1.);
#6793 = DIRECTION('',(-1.,-0.));
#6794 = ( GEOMETRIC_REPRESENTATION_CONTEXT(2) 
PARAMETRIC_REPRESENTATION_CONTEXT() REPRESENTATION_CONTEXT('2D SPACE',''
  ) );
#6795 = ORIENTED_EDGE('',*,*,#6796,.F.);
#6796 = EDGE_CURVE('',#4293,#6774,#6797,.T.);
#6797 = SURFACE_CURVE('',#6798,(#6803,#6810),.PCURVE_S1.);
#6798 = CIRCLE('',#6799,31.2);
#6799 = AXIS2_PLACEMENT_3D('',#6800,#6801,#6802);
#6800 = CARTESIAN_POINT('',(0.,0.,3.));
#6801 = DIRECTION('',(-0.,0.,1.));
#6802 = DIRECTION('',(0.59828678265,-0.801282051282,0.));
#6803 = PCURVE('',#4135,#6804);
#6804 = DEFINITIONAL_REPRESENTATION('',(#6805),#6809);
#6805 = LINE('',#6806,#6807);
#6806 = CARTESIAN_POINT('',(-2.212157629306,0.));
#6807 = VECTOR('',#6808,1.);
#6808 = DIRECTION('',(-1.,0.));
#6809 = ( GEOMETRIC_REPRESENTATION_CONTEXT(2) 
PARAMETRIC_REPRESENTATION_CONTEXT() REPRESENTATION_CONTEXT('2D SPACE',''
  ) );
#6810 = PCURVE('',#4345,#6811);
#6811 = DEFINITIONAL_REPRESENTATION('',(#6812),#6816);
#6812 = CIRCLE('',#6813,31.2);
#6813 = AXIS2_PLACEMENT_2D('',#6814,#6815);
#6814 = CARTESIAN_POINT('',(2.805005400081E-15,1.273632671113E-15));
#6815 = DIRECTION('',(-0.59828678265,0.801282051282));
#6816 = ( GEOMETRIC_REPRESENTATION_CONTEXT(2) 
PARAMETRIC_REPRESENTATION_CONTEXT() REPRESENTATION_CONTEXT('2D SPACE',''
  ) );
#6817 = ORIENTED_EDGE('',*,*,#4292,.T.);
#6818 = ORIENTED_EDGE('',*,*,#4451,.T.);
#6819 = ORIENTED_EDGE('',*,*,#6666,.F.);
#6820 = ORIENTED_EDGE('',*,*,#4204,.T.);
#6821 = ORIENTED_EDGE('',*,*,#4051,.T.);
#6822 = ADVANCED_FACE('',(#6823),#4040,.T.);
#6823 = FACE_BOUND('',#6824,.T.);
#6824 = EDGE_LOOP('',(#6825,#6826,#6847,#6848,#6849));
#6825 = ORIENTED_EDGE('',*,*,#6635,.T.);
#6826 = ORIENTED_EDGE('',*,*,#6827,.T.);
#6827 = EDGE_CURVE('',#6615,#6694,#6828,.T.);
#6828 = SURFACE_CURVE('',#6829,(#6833,#6840),.PCURVE_S1.);
#6829 = LINE('',#6830,#6831);
#6830 = CARTESIAN_POINT('',(46.8,-25.,3.));
#6831 = VECTOR('',#6832,1.);
#6832 = DIRECTION('',(1.,1.224646799147E-16,0.));
#6833 = PCURVE('',#4040,#6834);
#6834 = DEFINITIONAL_REPRESENTATION('',(#6835),#6839);
#6835 = LINE('',#6836,#6837);
#6836 = CARTESIAN_POINT('',(-46.8,25.));
#6837 = VECTOR('',#6838,1.);
#6838 = DIRECTION('',(-1.,0.));
#6839 = ( GEOMETRIC_REPRESENTATION_CONTEXT(2) 
PARAMETRIC_REPRESENTATION_CONTEXT() REPRESENTATION_CONTEXT('2D SPACE',''
  ) );
#6840 = PCURVE('',#6574,#6841);
#6841 = DEFINITIONAL_REPRESENTATION('',(#6842),#6846);
#6842 = LINE('',#6843,#6844);
#6843 = CARTESIAN_POINT('',(1.,46.8));
#6844 = VECTOR('',#6845,1.);
#6845 = DIRECTION('',(0.,-1.));
#6846 = ( GEOMETRIC_REPRESENTATION_CONTEXT(2) 
PARAMETRIC_REPRESENTATION_CONTEXT() REPRESENTATION_CONTEXT('2D SPACE',''
  ) );
#6847 = ORIENTED_EDGE('',*,*,#6693,.T.);
#6848 = ORIENTED_EDGE('',*,*,#4025,.T.);
#6849 = ORIENTED_EDGE('',*,*,#6477,.T.);
#6850 = ADVANCED_FACE('',(#6851),#4345,.T.);
#6851 = FACE_BOUND('',#6852,.T.);
#6852 = EDGE_LOOP('',(#6853,#6854,#6875,#6876));
#6853 = ORIENTED_EDGE('',*,*,#6796,.T.);
#6854 = ORIENTED_EDGE('',*,*,#6855,.T.);
#6855 = EDGE_CURVE('',#6774,#6532,#6856,.T.);
#6856 = SURFACE_CURVE('',#6857,(#6861,#6868),.PCURVE_S1.);
#6857 = LINE('',#6858,#6859);
#6858 = CARTESIAN_POINT('',(46.8,-25.,3.));
#6859 = VECTOR('',#6860,1.);
#6860 = DIRECTION('',(1.,1.224646799147E-16,0.));
#6861 = PCURVE('',#4345,#6862);
#6862 = DEFINITIONAL_REPRESENTATION('',(#6863),#6867);
#6863 = LINE('',#6864,#6865);
#6864 = CARTESIAN_POINT('',(-46.8,25.));
#6865 = VECTOR('',#6866,1.);
#6866 = DIRECTION('',(-1.,0.));
#6867 = ( GEOMETRIC_REPRESENTATION_CONTEXT(2) 
PARAMETRIC_REPRESENTATION_CONTEXT() REPRESENTATION_CONTEXT('2D SPACE',''
  ) );
#6868 = PCURVE('',#6574,#6869);
#6869 = DEFINITIONAL_REPRESENTATION('',(#6870),#6874);
#6870 = LINE('',#6871,#6872);
#6871 = CARTESIAN_POINT('',(1.,46.8));
#6872 = VECTOR('',#6873,1.);
#6873 = DIRECTION('',(0.,-1.));
#6874 = ( GEOMETRIC_REPRESENTATION_CONTEXT(2) 
PARAMETRIC_REPRESENTATION_CONTEXT() REPRESENTATION_CONTEXT('2D SPACE',''
  ) );
#6875 = ORIENTED_EDGE('',*,*,#6531,.T.);
#6876 = ORIENTED_EDGE('',*,*,#4330,.F.);
#6877 = ADVANCED_FACE('',(#6878,#7121),#4642,.F.);
#6878 = FACE_BOUND('',#6879,.F.);
#6879 = EDGE_LOOP('',(#6880,#6908,#6936,#6958,#6959,#6960,#6961,#6962,
    #6963,#6991,#7015,#7037,#7038,#7039,#7040,#7041,#7042,#7070,#7094,
    #7116,#7117,#7118,#7119,#7120));
#6880 = ORIENTED_EDGE('',*,*,#6881,.F.);
#6881 = EDGE_CURVE('',#6882,#4625,#6884,.T.);
#6882 = VERTEX_POINT('',#6883);
#6883 = CARTESIAN_POINT('',(9.556808869324,-35.74447375798,0.));
#6884 = SURFACE_CURVE('',#6885,(#6890,#6901),.PCURVE_S1.);
#6885 = CIRCLE('',#6886,2.);
#6886 = AXIS2_PLACEMENT_3D('',#6887,#6888,#6889);
#6887 = CARTESIAN_POINT('',(8.,-37.,0.));
#6888 = DIRECTION('',(-0.,-0.,-1.));
#6889 = DIRECTION('',(0.,-1.,0.));
#6890 = PCURVE('',#4642,#6891);
#6891 = DEFINITIONAL_REPRESENTATION('',(#6892),#6900);
#6892 = ( BOUNDED_CURVE() B_SPLINE_CURVE(2,(#6893,#6894,#6895,#6896,
#6897,#6898,#6899),.UNSPECIFIED.,.T.,.F.) B_SPLINE_CURVE_WITH_KNOTS((1,2
    ,2,2,2,1),(-2.094395102393,0.,2.094395102393,4.188790204786,
6.28318530718,8.377580409573),.UNSPECIFIED.) CURVE() 
GEOMETRIC_REPRESENTATION_ITEM() RATIONAL_B_SPLINE_CURVE((1.,0.5,1.,0.5,
1.,0.5,1.)) REPRESENTATION_ITEM('') );
#6893 = CARTESIAN_POINT('',(4.,18.));
#6894 = CARTESIAN_POINT('',(4.,14.535898384862));
#6895 = CARTESIAN_POINT('',(1.,16.267949192431));
#6896 = CARTESIAN_POINT('',(-2.,18.));
#6897 = CARTESIAN_POINT('',(1.,19.732050807569));
#6898 = CARTESIAN_POINT('',(4.,21.464101615138));
#6899 = CARTESIAN_POINT('',(4.,18.));
#6900 = ( GEOMETRIC_REPRESENTATION_CONTEXT(2) 
PARAMETRIC_REPRESENTATION_CONTEXT() REPRESENTATION_CONTEXT('2D SPACE',''
  ) );
#6901 = PCURVE('',#4670,#6902);
#6902 = DEFINITIONAL_REPRESENTATION('',(#6903),#6907);
#6903 = LINE('',#6904,#6905);
#6904 = CARTESIAN_POINT('',(3.14159265359,-0.));
#6905 = VECTOR('',#6906,1.);
#6906 = DIRECTION('',(-1.,0.));
#6907 = ( GEOMETRIC_REPRESENTATION_CONTEXT(2) 
PARAMETRIC_REPRESENTATION_CONTEXT() REPRESENTATION_CONTEXT('2D SPACE',''
  ) );
#6908 = ORIENTED_EDGE('',*,*,#6909,.F.);
#6909 = EDGE_CURVE('',#6910,#6882,#6912,.T.);
#6910 = VERTEX_POINT('',#6911);
#6911 = CARTESIAN_POINT('',(35.734026753982,9.595797619044,0.));
#6912 = SURFACE_CURVE('',#6913,(#6918,#6929),.PCURVE_S1.);
#6913 = CIRCLE('',#6914,37.);
#6914 = AXIS2_PLACEMENT_3D('',#6915,#6916,#6917);
#6915 = CARTESIAN_POINT('',(0.,0.,0.));
#6916 = DIRECTION('',(0.,0.,-1.));
#6917 = DIRECTION('',(0.965784506864,0.259345881596,0.));
#6918 = PCURVE('',#4642,#6919);
#6919 = DEFINITIONAL_REPRESENTATION('',(#6920),#6928);
#6920 = ( BOUNDED_CURVE() B_SPLINE_CURVE(2,(#6921,#6922,#6923,#6924,
#6925,#6926,#6927),.UNSPECIFIED.,.T.,.F.) B_SPLINE_CURVE_WITH_KNOTS((1,2
    ,2,2,2,1),(-2.094395102393,0.,2.094395102393,4.188790204786,
6.28318530718,8.377580409573),.UNSPECIFIED.) CURVE() 
GEOMETRIC_REPRESENTATION_ITEM() RATIONAL_B_SPLINE_CURVE((1.,0.5,1.,0.5,
1.,0.5,1.)) REPRESENTATION_ITEM('') );
#6921 = CARTESIAN_POINT('',(-44.59579761904,45.734026753983));
#6922 = CARTESIAN_POINT('',(17.297352277879,62.354435769316));
#6923 = CARTESIAN_POINT('',(0.744473757984,0.443191130675));
#6924 = CARTESIAN_POINT('',(-15.80840476191,-61.46805350796));
#6925 = CARTESIAN_POINT('',(-61.14867613893,-16.17721788465));
#6926 = CARTESIAN_POINT('',(-106.4889475159,29.113617738649));
#6927 = CARTESIAN_POINT('',(-44.59579761904,45.734026753983));
#6928 = ( GEOMETRIC_REPRESENTATION_CONTEXT(2) 
PARAMETRIC_REPRESENTATION_CONTEXT() REPRESENTATION_CONTEXT('2D SPACE',''
  ) );
#6929 = PCURVE('',#4736,#6930);
#6930 = DEFINITIONAL_REPRESENTATION('',(#6931),#6935);
#6931 = LINE('',#6932,#6933);
#6932 = CARTESIAN_POINT('',(-6.545530156139,1.570796326795));
#6933 = VECTOR('',#6934,1.);
#6934 = DIRECTION('',(1.,-0.));
#6935 = ( GEOMETRIC_REPRESENTATION_CONTEXT(2) 
PARAMETRIC_REPRESENTATION_CONTEXT() REPRESENTATION_CONTEXT('2D SPACE',''
  ) );
#6936 = ORIENTED_EDGE('',*,*,#6937,.T.);
#6937 = EDGE_CURVE('',#6910,#6156,#6938,.T.);
#6938 = SURFACE_CURVE('',#6939,(#6944,#6951),.PCURVE_S1.);
#6939 = CIRCLE('',#6940,2.);
#6940 = AXIS2_PLACEMENT_3D('',#6941,#6942,#6943);
#6941 = CARTESIAN_POINT('',(36.042939940024,11.571796769724,0.));
#6942 = DIRECTION('',(0.,0.,1.));
#6943 = DIRECTION('',(0.,-1.,0.));
#6944 = PCURVE('',#4642,#6945);
#6945 = DEFINITIONAL_REPRESENTATION('',(#6946),#6950);
#6946 = CIRCLE('',#6947,2.);
#6947 = AXIS2_PLACEMENT_2D('',#6948,#6949);
#6948 = CARTESIAN_POINT('',(-46.57179676972,46.042939940024));
#6949 = DIRECTION('',(1.,-1.110223024625E-16));
#6950 = ( GEOMETRIC_REPRESENTATION_CONTEXT(2) 
PARAMETRIC_REPRESENTATION_CONTEXT() REPRESENTATION_CONTEXT('2D SPACE',''
  ) );
#6951 = PCURVE('',#6194,#6952);
#6952 = DEFINITIONAL_REPRESENTATION('',(#6953),#6957);
#6953 = LINE('',#6954,#6955);
#6954 = CARTESIAN_POINT('',(-5.235987755983,0.));
#6955 = VECTOR('',#6956,1.);
#6956 = DIRECTION('',(1.,0.));
#6957 = ( GEOMETRIC_REPRESENTATION_CONTEXT(2) 
PARAMETRIC_REPRESENTATION_CONTEXT() REPRESENTATION_CONTEXT('2D SPACE',''
  ) );
#6958 = ORIENTED_EDGE('',*,*,#6155,.T.);
#6959 = ORIENTED_EDGE('',*,*,#6102,.F.);
#6960 = ORIENTED_EDGE('',*,*,#6076,.T.);
#6961 = ORIENTED_EDGE('',*,*,#6025,.T.);
#6962 = ORIENTED_EDGE('',*,*,#5800,.F.);
#6963 = ORIENTED_EDGE('',*,*,#6964,.F.);
#6964 = EDGE_CURVE('',#6965,#5801,#6967,.T.);
#6965 = VERTEX_POINT('',#6966);
#6966 = CARTESIAN_POINT('',(26.177217884657,26.148676138941,0.));
#6967 = SURFACE_CURVE('',#6968,(#6973,#6984),.PCURVE_S1.);
#6968 = CIRCLE('',#6969,2.);
#6969 = AXIS2_PLACEMENT_3D('',#6970,#6971,#6972);
#6970 = CARTESIAN_POINT('',(28.042939940024,25.428203230276,0.));
#6971 = DIRECTION('',(-0.,-0.,-1.));
#6972 = DIRECTION('',(0.,-1.,0.));
#6973 = PCURVE('',#4642,#6974);
#6974 = DEFINITIONAL_REPRESENTATION('',(#6975),#6983);
#6975 = ( BOUNDED_CURVE() B_SPLINE_CURVE(2,(#6976,#6977,#6978,#6979,
#6980,#6981,#6982),.UNSPECIFIED.,.T.,.F.) B_SPLINE_CURVE_WITH_KNOTS((1,2
    ,2,2,2,1),(-2.094395102393,0.,2.094395102393,4.188790204786,
6.28318530718,8.377580409573),.UNSPECIFIED.) CURVE() 
GEOMETRIC_REPRESENTATION_ITEM() RATIONAL_B_SPLINE_CURVE((1.,0.5,1.,0.5,
1.,0.5,1.)) REPRESENTATION_ITEM('') );
#6976 = CARTESIAN_POINT('',(-58.42820323027,38.042939940024));
#6977 = CARTESIAN_POINT('',(-58.42820323027,34.578838324886));
#6978 = CARTESIAN_POINT('',(-61.42820323027,36.310889132455));
#6979 = CARTESIAN_POINT('',(-64.42820323027,38.042939940024));
#6980 = CARTESIAN_POINT('',(-61.42820323027,39.774990747593));
#6981 = CARTESIAN_POINT('',(-58.42820323027,41.507041555162));
#6982 = CARTESIAN_POINT('',(-58.42820323027,38.042939940024));
#6983 = ( GEOMETRIC_REPRESENTATION_CONTEXT(2) 
PARAMETRIC_REPRESENTATION_CONTEXT() REPRESENTATION_CONTEXT('2D SPACE',''
  ) );
#6984 = PCURVE('',#5841,#6985);
#6985 = DEFINITIONAL_REPRESENTATION('',(#6986),#6990);
#6986 = LINE('',#6987,#6988);
#6987 = CARTESIAN_POINT('',(1.047197551197,-0.));
#6988 = VECTOR('',#6989,1.);
#6989 = DIRECTION('',(-1.,0.));
#6990 = ( GEOMETRIC_REPRESENTATION_CONTEXT(2) 
PARAMETRIC_REPRESENTATION_CONTEXT() REPRESENTATION_CONTEXT('2D SPACE',''
  ) );
#6991 = ORIENTED_EDGE('',*,*,#6992,.T.);
#6992 = EDGE_CURVE('',#6965,#6993,#6995,.T.);
#6993 = VERTEX_POINT('',#6994);
#6994 = CARTESIAN_POINT('',(-26.17721788465,26.148676138941,0.));
#6995 = SURFACE_CURVE('',#6996,(#7001,#7008),.PCURVE_S1.);
#6996 = CIRCLE('',#6997,37.);
#6997 = AXIS2_PLACEMENT_3D('',#6998,#6999,#7000);
#6998 = CARTESIAN_POINT('',(0.,0.,0.));
#6999 = DIRECTION('',(0.,0.,1.));
#7000 = DIRECTION('',(1.,0.,-0.));
#7001 = PCURVE('',#4642,#7002);
#7002 = DEFINITIONAL_REPRESENTATION('',(#7003),#7007);
#7003 = CIRCLE('',#7004,37.);
#7004 = AXIS2_PLACEMENT_2D('',#7005,#7006);
#7005 = CARTESIAN_POINT('',(-35.,10.));
#7006 = DIRECTION('',(1.110223024625E-16,1.));
#7007 = ( GEOMETRIC_REPRESENTATION_CONTEXT(2) 
PARAMETRIC_REPRESENTATION_CONTEXT() REPRESENTATION_CONTEXT('2D SPACE',''
  ) );
#7008 = PCURVE('',#5677,#7009);
#7009 = DEFINITIONAL_REPRESENTATION('',(#7010),#7014);
#7010 = LINE('',#7011,#7012);
#7011 = CARTESIAN_POINT('',(-0.,1.570796326795));
#7012 = VECTOR('',#7013,1.);
#7013 = DIRECTION('',(-1.,0.));
#7014 = ( GEOMETRIC_REPRESENTATION_CONTEXT(2) 
PARAMETRIC_REPRESENTATION_CONTEXT() REPRESENTATION_CONTEXT('2D SPACE',''
  ) );
#7015 = ORIENTED_EDGE('',*,*,#7016,.T.);
#7016 = EDGE_CURVE('',#6993,#5573,#7017,.T.);
#7017 = SURFACE_CURVE('',#7018,(#7023,#7030),.PCURVE_S1.);
#7018 = CIRCLE('',#7019,2.);
#7019 = AXIS2_PLACEMENT_3D('',#7020,#7021,#7022);
#7020 = CARTESIAN_POINT('',(-28.04293994002,25.428203230276,0.));
#7021 = DIRECTION('',(0.,0.,1.));
#7022 = DIRECTION('',(0.,-1.,0.));
#7023 = PCURVE('',#4642,#7024);
#7024 = DEFINITIONAL_REPRESENTATION('',(#7025),#7029);
#7025 = CIRCLE('',#7026,2.);
#7026 = AXIS2_PLACEMENT_2D('',#7027,#7028);
#7027 = CARTESIAN_POINT('',(-60.42820323027,-18.04293994002));
#7028 = DIRECTION('',(1.,-1.110223024625E-16));
#7029 = ( GEOMETRIC_REPRESENTATION_CONTEXT(2) 
PARAMETRIC_REPRESENTATION_CONTEXT() REPRESENTATION_CONTEXT('2D SPACE',''
  ) );
#7030 = PCURVE('',#5611,#7031);
#7031 = DEFINITIONAL_REPRESENTATION('',(#7032),#7036);
#7032 = LINE('',#7033,#7034);
#7033 = CARTESIAN_POINT('',(-1.047197551197,0.));
#7034 = VECTOR('',#7035,1.);
#7035 = DIRECTION('',(1.,0.));
#7036 = ( GEOMETRIC_REPRESENTATION_CONTEXT(2) 
PARAMETRIC_REPRESENTATION_CONTEXT() REPRESENTATION_CONTEXT('2D SPACE',''
  ) );
#7037 = ORIENTED_EDGE('',*,*,#5572,.T.);
#7038 = ORIENTED_EDGE('',*,*,#5519,.F.);
#7039 = ORIENTED_EDGE('',*,*,#5493,.T.);
#7040 = ORIENTED_EDGE('',*,*,#5442,.T.);
#7041 = ORIENTED_EDGE('',*,*,#5217,.F.);
#7042 = ORIENTED_EDGE('',*,*,#7043,.F.);
#7043 = EDGE_CURVE('',#7044,#5218,#7046,.T.);
#7044 = VERTEX_POINT('',#7045);
#7045 = CARTESIAN_POINT('',(-35.73402675398,9.595797619044,0.));
#7046 = SURFACE_CURVE('',#7047,(#7052,#7063),.PCURVE_S1.);
#7047 = CIRCLE('',#7048,2.);
#7048 = AXIS2_PLACEMENT_3D('',#7049,#7050,#7051);
#7049 = CARTESIAN_POINT('',(-36.04293994002,11.571796769724,0.));
#7050 = DIRECTION('',(-0.,-0.,-1.));
#7051 = DIRECTION('',(0.,-1.,0.));
#7052 = PCURVE('',#4642,#7053);
#7053 = DEFINITIONAL_REPRESENTATION('',(#7054),#7062);
#7054 = ( BOUNDED_CURVE() B_SPLINE_CURVE(2,(#7055,#7056,#7057,#7058,
#7059,#7060,#7061),.UNSPECIFIED.,.T.,.F.) B_SPLINE_CURVE_WITH_KNOTS((1,2
    ,2,2,2,1),(-2.094395102393,0.,2.094395102393,4.188790204786,
6.28318530718,8.377580409573),.UNSPECIFIED.) CURVE() 
GEOMETRIC_REPRESENTATION_ITEM() RATIONAL_B_SPLINE_CURVE((1.,0.5,1.,0.5,
1.,0.5,1.)) REPRESENTATION_ITEM('') );
#7055 = CARTESIAN_POINT('',(-44.57179676972,-26.04293994002));
#7056 = CARTESIAN_POINT('',(-44.57179676972,-29.50704155516));
#7057 = CARTESIAN_POINT('',(-47.57179676972,-27.77499074759));
#7058 = CARTESIAN_POINT('',(-50.57179676972,-26.04293994002));
#7059 = CARTESIAN_POINT('',(-47.57179676972,-24.31088913245));
#7060 = CARTESIAN_POINT('',(-44.57179676972,-22.57883832488));
#7061 = CARTESIAN_POINT('',(-44.57179676972,-26.04293994002));
#7062 = ( GEOMETRIC_REPRESENTATION_CONTEXT(2) 
PARAMETRIC_REPRESENTATION_CONTEXT() REPRESENTATION_CONTEXT('2D SPACE',''
  ) );
#7063 = PCURVE('',#5258,#7064);
#7064 = DEFINITIONAL_REPRESENTATION('',(#7065),#7069);
#7065 = LINE('',#7066,#7067);
#7066 = CARTESIAN_POINT('',(5.235987755983,-0.));
#7067 = VECTOR('',#7068,1.);
#7068 = DIRECTION('',(-1.,0.));
#7069 = ( GEOMETRIC_REPRESENTATION_CONTEXT(2) 
PARAMETRIC_REPRESENTATION_CONTEXT() REPRESENTATION_CONTEXT('2D SPACE',''
  ) );
#7070 = ORIENTED_EDGE('',*,*,#7071,.T.);
#7071 = EDGE_CURVE('',#7044,#7072,#7074,.T.);
#7072 = VERTEX_POINT('',#7073);
#7073 = CARTESIAN_POINT('',(-9.556808869324,-35.74447375798,0.));
#7074 = SURFACE_CURVE('',#7075,(#7080,#7087),.PCURVE_S1.);
#7075 = CIRCLE('',#7076,37.);
#7076 = AXIS2_PLACEMENT_3D('',#7077,#7078,#7079);
#7077 = CARTESIAN_POINT('',(0.,0.,0.));
#7078 = DIRECTION('',(0.,0.,1.));
#7079 = DIRECTION('',(1.,0.,-0.));
#7080 = PCURVE('',#4642,#7081);
#7081 = DEFINITIONAL_REPRESENTATION('',(#7082),#7086);
#7082 = CIRCLE('',#7083,37.);
#7083 = AXIS2_PLACEMENT_2D('',#7084,#7085);
#7084 = CARTESIAN_POINT('',(-35.,10.));
#7085 = DIRECTION('',(1.110223024625E-16,1.));
#7086 = ( GEOMETRIC_REPRESENTATION_CONTEXT(2) 
PARAMETRIC_REPRESENTATION_CONTEXT() REPRESENTATION_CONTEXT('2D SPACE',''
  ) );
#7087 = PCURVE('',#5094,#7088);
#7088 = DEFINITIONAL_REPRESENTATION('',(#7089),#7093);
#7089 = LINE('',#7090,#7091);
#7090 = CARTESIAN_POINT('',(-0.,1.570796326795));
#7091 = VECTOR('',#7092,1.);
#7092 = DIRECTION('',(-1.,0.));
#7093 = ( GEOMETRIC_REPRESENTATION_CONTEXT(2) 
PARAMETRIC_REPRESENTATION_CONTEXT() REPRESENTATION_CONTEXT('2D SPACE',''
  ) );
#7094 = ORIENTED_EDGE('',*,*,#7095,.T.);
#7095 = EDGE_CURVE('',#7072,#4990,#7096,.T.);
#7096 = SURFACE_CURVE('',#7097,(#7102,#7109),.PCURVE_S1.);
#7097 = CIRCLE('',#7098,2.);
#7098 = AXIS2_PLACEMENT_3D('',#7099,#7100,#7101);
#7099 = CARTESIAN_POINT('',(-8.,-37.,0.));
#7100 = DIRECTION('',(0.,0.,1.));
#7101 = DIRECTION('',(0.,-1.,0.));
#7102 = PCURVE('',#4642,#7103);
#7103 = DEFINITIONAL_REPRESENTATION('',(#7104),#7108);
#7104 = CIRCLE('',#7105,2.);
#7105 = AXIS2_PLACEMENT_2D('',#7106,#7107);
#7106 = CARTESIAN_POINT('',(2.,2.));
#7107 = DIRECTION('',(1.,-1.110223024625E-16));
#7108 = ( GEOMETRIC_REPRESENTATION_CONTEXT(2) 
PARAMETRIC_REPRESENTATION_CONTEXT() REPRESENTATION_CONTEXT('2D SPACE',''
  ) );
#7109 = PCURVE('',#5028,#7110);
#7110 = DEFINITIONAL_REPRESENTATION('',(#7111),#7115);
#7111 = LINE('',#7112,#7113);
#7112 = CARTESIAN_POINT('',(-3.14159265359,0.));
#7113 = VECTOR('',#7114,1.);
#7114 = DIRECTION('',(1.,0.));
#7115 = ( GEOMETRIC_REPRESENTATION_CONTEXT(2) 
PARAMETRIC_REPRESENTATION_CONTEXT() REPRESENTATION_CONTEXT('2D SPACE',''
  ) );
#7116 = ORIENTED_EDGE('',*,*,#4989,.T.);
#7117 = ORIENTED_EDGE('',*,*,#4936,.F.);
#7118 = ORIENTED_EDGE('',*,*,#4910,.T.);
#7119 = ORIENTED_EDGE('',*,*,#4859,.T.);
#7120 = ORIENTED_EDGE('',*,*,#4624,.F.);
#7121 = FACE_BOUND('',#7122,.F.);
#7122 = EDGE_LOOP('',(#7123));
#7123 = ORIENTED_EDGE('',*,*,#6426,.T.);
#7124 = ADVANCED_FACE('',(#7125),#4777,.T.);
#7125 = FACE_BOUND('',#7126,.F.);
#7126 = EDGE_LOOP('',(#7127,#7150,#7173,#7200,#7201,#7222,#7223,#7224,
    #7225,#7247,#7248,#7249,#7250,#7272,#7273,#7274));
#7127 = ORIENTED_EDGE('',*,*,#7128,.F.);
#7128 = EDGE_CURVE('',#7129,#6207,#7131,.T.);
#7129 = VERTEX_POINT('',#7130);
#7130 = CARTESIAN_POINT('',(39.,0.,2.));
#7131 = SURFACE_CURVE('',#7132,(#7137,#7144),.PCURVE_S1.);
#7132 = CIRCLE('',#7133,39.);
#7133 = AXIS2_PLACEMENT_3D('',#7134,#7135,#7136);
#7134 = CARTESIAN_POINT('',(0.,0.,2.));
#7135 = DIRECTION('',(0.,0.,1.));
#7136 = DIRECTION('',(1.,0.,-0.));
#7137 = PCURVE('',#4777,#7138);
#7138 = DEFINITIONAL_REPRESENTATION('',(#7139),#7143);
#7139 = LINE('',#7140,#7141);
#7140 = CARTESIAN_POINT('',(-0.,-2.));
#7141 = VECTOR('',#7142,1.);
#7142 = DIRECTION('',(-1.,0.));
#7143 = ( GEOMETRIC_REPRESENTATION_CONTEXT(2) 
PARAMETRIC_REPRESENTATION_CONTEXT() REPRESENTATION_CONTEXT('2D SPACE',''
  ) );
#7144 = PCURVE('',#4736,#7145);
#7145 = DEFINITIONAL_REPRESENTATION('',(#7146),#7149);
#7146 = B_SPLINE_CURVE_WITH_KNOTS('',1,(#7147,#7148),.UNSPECIFIED.,.F.,
  .F.,(2,2),(0.,0.264292319326),.PIECEWISE_BEZIER_KNOTS.);
#7147 = CARTESIAN_POINT('',(-6.28318530718,0.));
#7148 = CARTESIAN_POINT('',(-6.547477626505,0.));
#7149 = ( GEOMETRIC_REPRESENTATION_CONTEXT(2) 
PARAMETRIC_REPRESENTATION_CONTEXT() REPRESENTATION_CONTEXT('2D SPACE',''
  ) );
#7150 = ORIENTED_EDGE('',*,*,#7151,.T.);
#7151 = EDGE_CURVE('',#7129,#7152,#7154,.T.);
#7152 = VERTEX_POINT('',#7153);
#7153 = CARTESIAN_POINT('',(39.,0.,26.));
#7154 = SEAM_CURVE('',#7155,(#7159,#7166),.PCURVE_S1.);
#7155 = LINE('',#7156,#7157);
#7156 = CARTESIAN_POINT('',(39.,0.,0.));
#7157 = VECTOR('',#7158,1.);
#7158 = DIRECTION('',(0.,0.,1.));
#7159 = PCURVE('',#4777,#7160);
#7160 = DEFINITIONAL_REPRESENTATION('',(#7161),#7165);
#7161 = LINE('',#7162,#7163);
#7162 = CARTESIAN_POINT('',(-6.28318530718,0.));
#7163 = VECTOR('',#7164,1.);
#7164 = DIRECTION('',(-0.,-1.));
#7165 = ( GEOMETRIC_REPRESENTATION_CONTEXT(2) 
PARAMETRIC_REPRESENTATION_CONTEXT() REPRESENTATION_CONTEXT('2D SPACE',''
  ) );
#7166 = PCURVE('',#4777,#7167);
#7167 = DEFINITIONAL_REPRESENTATION('',(#7168),#7172);
#7168 = LINE('',#7169,#7170);
#7169 = CARTESIAN_POINT('',(-0.,0.));
#7170 = VECTOR('',#7171,1.);
#7171 = DIRECTION('',(-0.,-1.));
#7172 = ( GEOMETRIC_REPRESENTATION_CONTEXT(2) 
PARAMETRIC_REPRESENTATION_CONTEXT() REPRESENTATION_CONTEXT('2D SPACE',''
  ) );
#7173 = ORIENTED_EDGE('',*,*,#7174,.T.);
#7174 = EDGE_CURVE('',#7152,#7152,#7175,.T.);
#7175 = SURFACE_CURVE('',#7176,(#7181,#7188),.PCURVE_S1.);
#7176 = CIRCLE('',#7177,39.);
#7177 = AXIS2_PLACEMENT_3D('',#7178,#7179,#7180);
#7178 = CARTESIAN_POINT('',(0.,0.,26.));
#7179 = DIRECTION('',(0.,0.,1.));
#7180 = DIRECTION('',(1.,0.,-0.));
#7181 = PCURVE('',#4777,#7182);
#7182 = DEFINITIONAL_REPRESENTATION('',(#7183),#7187);
#7183 = LINE('',#7184,#7185);
#7184 = CARTESIAN_POINT('',(-0.,-26.));
#7185 = VECTOR('',#7186,1.);
#7186 = DIRECTION('',(-1.,0.));
#7187 = ( GEOMETRIC_REPRESENTATION_CONTEXT(2) 
PARAMETRIC_REPRESENTATION_CONTEXT() REPRESENTATION_CONTEXT('2D SPACE',''
  ) );
#7188 = PCURVE('',#7189,#7194);
#7189 = TOROIDAL_SURFACE('',#7190,37.,2.);
#7190 = AXIS2_PLACEMENT_3D('',#7191,#7192,#7193);
#7191 = CARTESIAN_POINT('',(0.,0.,26.));
#7192 = DIRECTION('',(0.,0.,1.));
#7193 = DIRECTION('',(1.,0.,-0.));
#7194 = DEFINITIONAL_REPRESENTATION('',(#7195),#7199);
#7195 = LINE('',#7196,#7197);
#7196 = CARTESIAN_POINT('',(0.,0.));
#7197 = VECTOR('',#7198,1.);
#7198 = DIRECTION('',(1.,0.));
#7199 = ( GEOMETRIC_REPRESENTATION_CONTEXT(2) 
PARAMETRIC_REPRESENTATION_CONTEXT() REPRESENTATION_CONTEXT('2D SPACE',''
  ) );
#7200 = ORIENTED_EDGE('',*,*,#7151,.F.);
#7201 = ORIENTED_EDGE('',*,*,#7202,.F.);
#7202 = EDGE_CURVE('',#4683,#7129,#7203,.T.);
#7203 = SURFACE_CURVE('',#7204,(#7209,#7216),.PCURVE_S1.);
#7204 = CIRCLE('',#7205,39.);
#7205 = AXIS2_PLACEMENT_3D('',#7206,#7207,#7208);
#7206 = CARTESIAN_POINT('',(0.,0.,2.));
#7207 = DIRECTION('',(0.,0.,1.));
#7208 = DIRECTION('',(1.,0.,-0.));
#7209 = PCURVE('',#4777,#7210);
#7210 = DEFINITIONAL_REPRESENTATION('',(#7211),#7215);
#7211 = LINE('',#7212,#7213);
#7212 = CARTESIAN_POINT('',(-0.,-2.));
#7213 = VECTOR('',#7214,1.);
#7214 = DIRECTION('',(-1.,0.));
#7215 = ( GEOMETRIC_REPRESENTATION_CONTEXT(2) 
PARAMETRIC_REPRESENTATION_CONTEXT() REPRESENTATION_CONTEXT('2D SPACE',''
  ) );
#7216 = PCURVE('',#4736,#7217);
#7217 = DEFINITIONAL_REPRESENTATION('',(#7218),#7221);
#7218 = B_SPLINE_CURVE_WITH_KNOTS('',1,(#7219,#7220),.UNSPECIFIED.,.F.,
  .F.,(2,2),(4.971695436657,6.28318530718),.PIECEWISE_BEZIER_KNOTS.);
#7219 = CARTESIAN_POINT('',(-4.971695436657,0.));
#7220 = CARTESIAN_POINT('',(-6.28318530718,0.));
#7221 = ( GEOMETRIC_REPRESENTATION_CONTEXT(2) 
PARAMETRIC_REPRESENTATION_CONTEXT() REPRESENTATION_CONTEXT('2D SPACE',''
  ) );
#7222 = ORIENTED_EDGE('',*,*,#4762,.F.);
#7223 = ORIENTED_EDGE('',*,*,#6330,.T.);
#7224 = ORIENTED_EDGE('',*,*,#5125,.T.);
#7225 = ORIENTED_EDGE('',*,*,#7226,.F.);
#7226 = EDGE_CURVE('',#5271,#5041,#7227,.T.);
#7227 = SURFACE_CURVE('',#7228,(#7233,#7240),.PCURVE_S1.);
#7228 = CIRCLE('',#7229,39.);
#7229 = AXIS2_PLACEMENT_3D('',#7230,#7231,#7232);
#7230 = CARTESIAN_POINT('',(0.,0.,2.));
#7231 = DIRECTION('',(0.,0.,1.));
#7232 = DIRECTION('',(1.,0.,-0.));
#7233 = PCURVE('',#4777,#7234);
#7234 = DEFINITIONAL_REPRESENTATION('',(#7235),#7239);
#7235 = LINE('',#7236,#7237);
#7236 = CARTESIAN_POINT('',(-0.,-2.));
#7237 = VECTOR('',#7238,1.);
#7238 = DIRECTION('',(-1.,0.));
#7239 = ( GEOMETRIC_REPRESENTATION_CONTEXT(2) 
PARAMETRIC_REPRESENTATION_CONTEXT() REPRESENTATION_CONTEXT('2D SPACE',''
  ) );
#7240 = PCURVE('',#5094,#7241);
#7241 = DEFINITIONAL_REPRESENTATION('',(#7242),#7246);
#7242 = LINE('',#7243,#7244);
#7243 = CARTESIAN_POINT('',(-0.,0.));
#7244 = VECTOR('',#7245,1.);
#7245 = DIRECTION('',(-1.,0.));
#7246 = ( GEOMETRIC_REPRESENTATION_CONTEXT(2) 
PARAMETRIC_REPRESENTATION_CONTEXT() REPRESENTATION_CONTEXT('2D SPACE',''
  ) );
#7247 = ORIENTED_EDGE('',*,*,#5350,.F.);
#7248 = ORIENTED_EDGE('',*,*,#6362,.T.);
#7249 = ORIENTED_EDGE('',*,*,#5708,.T.);
#7250 = ORIENTED_EDGE('',*,*,#7251,.F.);
#7251 = EDGE_CURVE('',#5854,#5624,#7252,.T.);
#7252 = SURFACE_CURVE('',#7253,(#7258,#7265),.PCURVE_S1.);
#7253 = CIRCLE('',#7254,39.);
#7254 = AXIS2_PLACEMENT_3D('',#7255,#7256,#7257);
#7255 = CARTESIAN_POINT('',(0.,0.,2.));
#7256 = DIRECTION('',(0.,0.,1.));
#7257 = DIRECTION('',(1.,0.,-0.));
#7258 = PCURVE('',#4777,#7259);
#7259 = DEFINITIONAL_REPRESENTATION('',(#7260),#7264);
#7260 = LINE('',#7261,#7262);
#7261 = CARTESIAN_POINT('',(-0.,-2.));
#7262 = VECTOR('',#7263,1.);
#7263 = DIRECTION('',(-1.,0.));
#7264 = ( GEOMETRIC_REPRESENTATION_CONTEXT(2) 
PARAMETRIC_REPRESENTATION_CONTEXT() REPRESENTATION_CONTEXT('2D SPACE',''
  ) );
#7265 = PCURVE('',#5677,#7266);
#7266 = DEFINITIONAL_REPRESENTATION('',(#7267),#7271);
#7267 = LINE('',#7268,#7269);
#7268 = CARTESIAN_POINT('',(-0.,0.));
#7269 = VECTOR('',#7270,1.);
#7270 = DIRECTION('',(-1.,0.));
#7271 = ( GEOMETRIC_REPRESENTATION_CONTEXT(2) 
PARAMETRIC_REPRESENTATION_CONTEXT() REPRESENTATION_CONTEXT('2D SPACE',''
  ) );
#7272 = ORIENTED_EDGE('',*,*,#5933,.F.);
#7273 = ORIENTED_EDGE('',*,*,#6394,.T.);
#7274 = ORIENTED_EDGE('',*,*,#6281,.T.);
#7275 = ADVANCED_FACE('',(#7276),#4736,.T.);
#7276 = FACE_BOUND('',#7277,.F.);
#7277 = EDGE_LOOP('',(#7278,#7279,#7280,#7281,#7282,#7348,#7349));
#7278 = ORIENTED_EDGE('',*,*,#4682,.F.);
#7279 = ORIENTED_EDGE('',*,*,#7202,.T.);
#7280 = ORIENTED_EDGE('',*,*,#7128,.T.);
#7281 = ORIENTED_EDGE('',*,*,#6206,.T.);
#7282 = ORIENTED_EDGE('',*,*,#7283,.T.);
#7283 = EDGE_CURVE('',#6179,#6910,#7284,.T.);
#7284 = SURFACE_CURVE('',#7285,(#7304,#7326),.PCURVE_S1.);
#7285 = B_SPLINE_CURVE_WITH_KNOTS('',5,(#7286,#7287,#7288,#7289,#7290,
    #7291,#7292,#7293,#7294,#7295,#7296,#7297,#7298,#7299,#7300,#7301,
    #7302,#7303),.UNSPECIFIED.,.F.,.F.,(6,4,4,4,6),(0.,0.336146063479,
    0.49266877004,0.792092106931,1.),.UNSPECIFIED.);
#7286 = CARTESIAN_POINT('',(37.042939940024,9.839745962156,
    0.504122760035));
#7287 = CARTESIAN_POINT('',(36.981295275718,9.804155398625,
    0.443140155131));
#7288 = CARTESIAN_POINT('',(36.914753483581,9.769394864189,
    0.385210150828));
#7289 = CARTESIAN_POINT('',(36.843134753195,9.736141888671,0.33073855903
    ));
#7290 = CARTESIAN_POINT('',(36.766359613507,9.705219825497,
    0.280296822307));
#7291 = CARTESIAN_POINT('',(36.646579599316,9.664643525964,
    0.213147352769));
#7292 = CARTESIAN_POINT('',(36.607453914687,9.652454727224,
    0.192817805262));
#7293 = CARTESIAN_POINT('',(36.567281242583,9.641060136829,
    0.173553521743));
#7294 = CARTESIAN_POINT('',(36.526101927888,9.630555018149,
    0.155416781548));
#7295 = CARTESIAN_POINT('',(36.403398780908,9.602813663246,
    0.106033067373));
#7296 = CARTESIAN_POINT('',(36.31934398525,9.588183871616,
    7.792566706753E-02));
#7297 = CARTESIAN_POINT('',(36.232301602413,9.577799803657,
    5.455790638006E-02));
#7298 = CARTESIAN_POINT('',(36.14297001751,9.572243213482,
    3.619976752854E-02));
#7299 = CARTESIAN_POINT('',(35.989349670959,9.571523922459,
    1.354400854162E-02));
#7300 = CARTESIAN_POINT('',(35.925739504229,9.573703221642,
    6.662018182837E-03));
#7301 = CARTESIAN_POINT('',(35.861784305417,9.578459393278,
    2.175067622177E-03));
#7302 = CARTESIAN_POINT('',(35.797785574201,9.58583003364,
    3.61223219152E-18));
#7303 = CARTESIAN_POINT('',(35.734026753983,9.595797619044,0.));
#7304 = PCURVE('',#4736,#7305);
#7305 = DEFINITIONAL_REPRESENTATION('',(#7306),#7325);
#7306 = B_SPLINE_CURVE_WITH_KNOTS('',5,(#7307,#7308,#7309,#7310,#7311,
    #7312,#7313,#7314,#7315,#7316,#7317,#7318,#7319,#7320,#7321,#7322,
    #7323,#7324),.UNSPECIFIED.,.F.,.F.,(6,4,4,4,6),(0.,0.336146063479,
    0.49266877004,0.792092106931,1.),.UNSPECIFIED.);
#7307 = CARTESIAN_POINT('',(-6.542820359152,0.844951047514));
#7308 = CARTESIAN_POINT('',(-6.542335804169,0.890887741051));
#7309 = CARTESIAN_POINT('',(-6.541902810715,0.93749771185));
#7310 = CARTESIAN_POINT('',(-6.541539840595,0.984848193646));
#7311 = CARTESIAN_POINT('',(-6.541268830038,1.032945261671));
#7312 = CARTESIAN_POINT('',(-6.541040021126,1.104407455513));
#7313 = CARTESIAN_POINT('',(-6.540992239457,1.1272533328));
#7314 = CARTESIAN_POINT('',(-6.540971669041,1.150230773783));
#7315 = CARTESIAN_POINT('',(-6.540980627421,1.173323615319));
#7316 = CARTESIAN_POINT('',(-6.541098926474,1.240859666508));
#7317 = CARTESIAN_POINT('',(-6.541292479146,1.285558643667));
#7318 = CARTESIAN_POINT('',(-6.541616728907,1.330411716509));
#7319 = CARTESIAN_POINT('',(-6.542083687212,1.37518535111));
#7320 = CARTESIAN_POINT('',(-6.543121854588,1.450374088827));
#7321 = CARTESIAN_POINT('',(-6.543617654777,1.481001121763));
#7322 = CARTESIAN_POINT('',(-6.544184909951,1.511339906779));
#7323 = CARTESIAN_POINT('',(-6.544823071626,1.541300212535));
#7324 = CARTESIAN_POINT('',(-6.545530156139,1.570796326795));
#7325 = ( GEOMETRIC_REPRESENTATION_CONTEXT(2) 
PARAMETRIC_REPRESENTATION_CONTEXT() REPRESENTATION_CONTEXT('2D SPACE',''
  ) );
#7326 = PCURVE('',#6194,#7327);
#7327 = DEFINITIONAL_REPRESENTATION('',(#7328),#7347);
#7328 = B_SPLINE_CURVE_WITH_KNOTS('',5,(#7329,#7330,#7331,#7332,#7333,
    #7334,#7335,#7336,#7337,#7338,#7339,#7340,#7341,#7342,#7343,#7344,
    #7345,#7346),.UNSPECIFIED.,.F.,.F.,(6,4,4,4,6),(0.,0.336146063479,
    0.49266877004,0.792092106931,1.),.UNSPECIFIED.);
#7329 = CARTESIAN_POINT('',(1.570796326795,0.504122760035));
#7330 = CARTESIAN_POINT('',(1.535205763264,0.443140155131));
#7331 = CARTESIAN_POINT('',(1.49770206265,0.385210150828));
#7332 = CARTESIAN_POINT('',(1.458283582821,0.33073855903));
#7333 = CARTESIAN_POINT('',(1.41696498944,0.280296822307));
#7334 = CARTESIAN_POINT('',(1.353731912883,0.213147352769));
#7335 = CARTESIAN_POINT('',(1.33324796311,0.192817805262));
#7336 = CARTESIAN_POINT('',(1.312378740763,0.173553521743));
#7337 = CARTESIAN_POINT('',(1.291137660732,0.155416781548));
#7338 = CARTESIAN_POINT('',(1.228237650695,0.106033067373));
#7339 = CARTESIAN_POINT('',(1.185631490576,7.792566706753E-02));
#7340 = CARTESIAN_POINT('',(1.141891145328,5.455790638006E-02));
#7341 = CARTESIAN_POINT('',(1.097213103974,3.619976752854E-02));
#7342 = CARTESIAN_POINT('',(1.020402088726,1.354400854162E-02));
#7343 = CARTESIAN_POINT('',(0.988602462783,6.662018182837E-03));
#7344 = CARTESIAN_POINT('',(0.956571340737,2.175067622177E-03));
#7345 = CARTESIAN_POINT('',(0.92438675212,2.006421481737E-16));
#7346 = CARTESIAN_POINT('',(0.892120128829,0.));
#7347 = ( GEOMETRIC_REPRESENTATION_CONTEXT(2) 
PARAMETRIC_REPRESENTATION_CONTEXT() REPRESENTATION_CONTEXT('2D SPACE',''
  ) );
#7348 = ORIENTED_EDGE('',*,*,#6909,.T.);
#7349 = ORIENTED_EDGE('',*,*,#7350,.F.);
#7350 = EDGE_CURVE('',#4655,#6882,#7351,.T.);
#7351 = SURFACE_CURVE('',#7352,(#7371,#7393),.PCURVE_S1.);
#7352 = B_SPLINE_CURVE_WITH_KNOTS('',5,(#7353,#7354,#7355,#7356,#7357,
    #7358,#7359,#7360,#7361,#7362,#7363,#7364,#7365,#7366,#7367,#7368,
    #7369,#7370),.UNSPECIFIED.,.F.,.F.,(6,4,4,4,6),(0.,0.336146063534,
    0.492668768734,0.792092105627,1.),.UNSPECIFIED.);
#7353 = CARTESIAN_POINT('',(10.,-37.,0.504122760035));
#7354 = CARTESIAN_POINT('',(10.,-36.92881887292,0.443140155121));
#7355 = CARTESIAN_POINT('',(9.996832609801,-36.85381172329,
    0.385210150809));
#7356 = CARTESIAN_POINT('',(9.989821166155,-36.77516159561,
    0.330738559003));
#7357 = CARTESIAN_POINT('',(9.978212888553,-36.69321134266,
    0.280296822274));
#7358 = CARTESIAN_POINT('',(9.953462987705,-36.56919065807,
    0.213147352919));
#7359 = CARTESIAN_POINT('',(9.944455954828,-36.52921242222,
    0.192817805581));
#7360 = CARTESIAN_POINT('',(9.934237623632,-36.4887245728,0.173553522212
    ));
#7361 = CARTESIAN_POINT('',(9.922745666062,-36.44780968119,
    0.155416782147));
#7362 = CARTESIAN_POINT('',(9.885418810894,-36.32767496172,
    0.106033068004));
#7363 = CARTESIAN_POINT('',(9.856061184356,-36.24756647757,
    7.792566761807E-02));
#7364 = CARTESIAN_POINT('',(9.821532859677,-36.16699352885,
    5.45579068455E-02));
#7365 = CARTESIAN_POINT('',(9.781679215566,-36.08685181186,
    3.61997679067E-02));
#7366 = CARTESIAN_POINT('',(9.705491966545,-35.95345304331,
    1.354400871433E-02));
#7367 = CARTESIAN_POINT('',(9.671799554559,-35.89945467222,
    6.662018267302E-03));
#7368 = CARTESIAN_POINT('',(9.635702989493,-35.84644593081,
    2.175067649465E-03));
#7369 = CARTESIAN_POINT('',(9.597320461862,-35.79470672362,
    3.612232214185E-18));
#7370 = CARTESIAN_POINT('',(9.556808869325,-35.74447375798,0.));
#7371 = PCURVE('',#4736,#7372);
#7372 = DEFINITIONAL_REPRESENTATION('',(#7373),#7392);
#7373 = B_SPLINE_CURVE_WITH_KNOTS('',5,(#7374,#7375,#7376,#7377,#7378,
    #7379,#7380,#7381,#7382,#7383,#7384,#7385,#7386,#7387,#7388,#7389,
    #7390,#7391),.UNSPECIFIED.,.F.,.F.,(6,4,4,4,6),(0.,0.336146063534,
    0.492668768734,0.792092105627,1.),.UNSPECIFIED.);
#7374 = CARTESIAN_POINT('',(-4.97635270401,0.844951047514));
#7375 = CARTESIAN_POINT('',(-4.976837258994,0.890887741058));
#7376 = CARTESIAN_POINT('',(-4.977270252448,0.937497711865));
#7377 = CARTESIAN_POINT('',(-4.977633222568,0.984848193669));
#7378 = CARTESIAN_POINT('',(-4.977904233124,1.032945261702));
#7379 = CARTESIAN_POINT('',(-4.978133042036,1.104407455356));
#7380 = CARTESIAN_POINT('',(-4.978180823704,1.127253332444));
#7381 = CARTESIAN_POINT('',(-4.978201394121,1.150230773225));
#7382 = CARTESIAN_POINT('',(-4.978192435742,1.173323614557));
#7383 = CARTESIAN_POINT('',(-4.978074136693,1.240859665536));
#7384 = CARTESIAN_POINT('',(-4.977880584023,1.285558642691));
#7385 = CARTESIAN_POINT('',(-4.977556334264,1.330411715532));
#7386 = CARTESIAN_POINT('',(-4.977089375961,1.375185350137));
#7387 = CARTESIAN_POINT('',(-4.976051208587,1.450374088058));
#7388 = CARTESIAN_POINT('',(-4.975555408396,1.481001121192));
#7389 = CARTESIAN_POINT('',(-4.97498815322,1.511339906403));
#7390 = CARTESIAN_POINT('',(-4.974349991541,1.54130021235));
#7391 = CARTESIAN_POINT('',(-4.973642907023,1.570796326795));
#7392 = ( GEOMETRIC_REPRESENTATION_CONTEXT(2) 
PARAMETRIC_REPRESENTATION_CONTEXT() REPRESENTATION_CONTEXT('2D SPACE',''
  ) );
#7393 = PCURVE('',#4670,#7394);
#7394 = DEFINITIONAL_REPRESENTATION('',(#7395),#7414);
#7395 = B_SPLINE_CURVE_WITH_KNOTS('',5,(#7396,#7397,#7398,#7399,#7400,
    #7401,#7402,#7403,#7404,#7405,#7406,#7407,#7408,#7409,#7410,#7411,
    #7412,#7413),.UNSPECIFIED.,.F.,.F.,(6,4,4,4,6),(0.,0.336146063534,
    0.492668768734,0.792092105627,1.),.UNSPECIFIED.);
#7396 = CARTESIAN_POINT('',(-1.570796326795,0.504122760035));
#7397 = CARTESIAN_POINT('',(-1.535205763258,0.443140155121));
#7398 = CARTESIAN_POINT('',(-1.497702062638,0.385210150809));
#7399 = CARTESIAN_POINT('',(-1.458283582802,0.330738559003));
#7400 = CARTESIAN_POINT('',(-1.416964989413,0.280296822274));
#7401 = CARTESIAN_POINT('',(-1.353731913021,0.213147352919));
#7402 = CARTESIAN_POINT('',(-1.33324796343,0.192817805581));
#7403 = CARTESIAN_POINT('',(-1.31237874127,0.173553522212));
#7404 = CARTESIAN_POINT('',(-1.291137661433,0.155416782147));
#7405 = CARTESIAN_POINT('',(-1.228237651617,0.106033068004));
#7406 = CARTESIAN_POINT('',(-1.185631491519,7.792566761807E-02));
#7407 = CARTESIAN_POINT('',(-1.141891146289,5.45579068455E-02));
#7408 = CARTESIAN_POINT('',(-1.09721310495,3.61997679067E-02));
#7409 = CARTESIAN_POINT('',(-1.020402089524,1.354400871433E-02));
#7410 = CARTESIAN_POINT('',(-0.988602463386,6.662018267302E-03));
#7411 = CARTESIAN_POINT('',(-0.956571341141,2.175067649465E-03));
#7412 = CARTESIAN_POINT('',(-0.924386752322,1.111104926681E-16));
#7413 = CARTESIAN_POINT('',(-0.892120128828,0.));
#7414 = ( GEOMETRIC_REPRESENTATION_CONTEXT(2) 
PARAMETRIC_REPRESENTATION_CONTEXT() REPRESENTATION_CONTEXT('2D SPACE',''
  ) );
#7415 = ADVANCED_FACE('',(#7416),#4670,.T.);
#7416 = FACE_BOUND('',#7417,.F.);
#7417 = EDGE_LOOP('',(#7418,#7419,#7420));
#7418 = ORIENTED_EDGE('',*,*,#7350,.T.);
#7419 = ORIENTED_EDGE('',*,*,#6881,.T.);
#7420 = ORIENTED_EDGE('',*,*,#4654,.T.);
#7421 = ADVANCED_FACE('',(#7422),#5094,.T.);
#7422 = FACE_BOUND('',#7423,.F.);
#7423 = EDGE_LOOP('',(#7424,#7425,#7426,#7427,#7493,#7494));
#7424 = ORIENTED_EDGE('',*,*,#5270,.F.);
#7425 = ORIENTED_EDGE('',*,*,#7226,.T.);
#7426 = ORIENTED_EDGE('',*,*,#5040,.T.);
#7427 = ORIENTED_EDGE('',*,*,#7428,.T.);
#7428 = EDGE_CURVE('',#5013,#7072,#7429,.T.);
#7429 = SURFACE_CURVE('',#7430,(#7449,#7471),.PCURVE_S1.);
#7430 = B_SPLINE_CURVE_WITH_KNOTS('',5,(#7431,#7432,#7433,#7434,#7435,
    #7436,#7437,#7438,#7439,#7440,#7441,#7442,#7443,#7444,#7445,#7446,
    #7447,#7448),.UNSPECIFIED.,.F.,.F.,(6,4,4,4,6),(0.,0.336146063603,
    0.492668767181,0.792092104074,1.),.UNSPECIFIED.);
#7431 = CARTESIAN_POINT('',(-10.,-37.,0.504122760035));
#7432 = CARTESIAN_POINT('',(-10.,-36.92881887291,0.443140155109));
#7433 = CARTESIAN_POINT('',(-9.9968326098,-36.85381172326,0.385210150786
    ));
#7434 = CARTESIAN_POINT('',(-9.989821166151,-36.77516159556,
    0.33073855897));
#7435 = CARTESIAN_POINT('',(-9.978212888543,-36.69321134259,
    0.280296822233));
#7436 = CARTESIAN_POINT('',(-9.953462987768,-36.56919065839,
    0.213147353094));
#7437 = CARTESIAN_POINT('',(-9.944455954993,-36.52921242296,
    0.192817805959));
#7438 = CARTESIAN_POINT('',(-9.934237623926,-36.48872457397,
    0.17355352277));
#7439 = CARTESIAN_POINT('',(-9.922745666512,-36.4478096828,0.15541678286
    ));
#7440 = CARTESIAN_POINT('',(-9.88541881163,-36.32767496379,
    0.106033068756));
#7441 = CARTESIAN_POINT('',(-9.856061185198,-36.24756647965,
    7.792566827326E-02));
#7442 = CARTESIAN_POINT('',(-9.821532860628,-36.16699353093,
    5.455790739946E-02));
#7443 = CARTESIAN_POINT('',(-9.781679216626,-36.08685181393,
    3.619976835676E-02));
#7444 = CARTESIAN_POINT('',(-9.705491967552,-35.95345304492,
    1.354400891987E-02));
#7445 = CARTESIAN_POINT('',(-9.671799555367,-35.89945467341,
    6.662018367827E-03));
#7446 = CARTESIAN_POINT('',(-9.635702990067,-35.84644593159,
    2.175067681946E-03));
#7447 = CARTESIAN_POINT('',(-9.597320462165,-35.79470672399,
    3.612232241156E-18));
#7448 = CARTESIAN_POINT('',(-9.556808869325,-35.74447375798,0.));
#7449 = PCURVE('',#5094,#7450);
#7450 = DEFINITIONAL_REPRESENTATION('',(#7451),#7470);
#7451 = B_SPLINE_CURVE_WITH_KNOTS('',5,(#7452,#7453,#7454,#7455,#7456,
    #7457,#7458,#7459,#7460,#7461,#7462,#7463,#7464,#7465,#7466,#7467,
    #7468,#7469),.UNSPECIFIED.,.F.,.F.,(6,4,4,4,6),(0.,0.336146063603,
    0.492668767181,0.792092104074,1.),.UNSPECIFIED.);
#7452 = CARTESIAN_POINT('',(-4.448425256759,0.844951047514));
#7453 = CARTESIAN_POINT('',(-4.447940701775,0.890887741068));
#7454 = CARTESIAN_POINT('',(-4.447507708322,0.937497711884));
#7455 = CARTESIAN_POINT('',(-4.447144738201,0.984848193698));
#7456 = CARTESIAN_POINT('',(-4.446873727645,1.032945261742));
#7457 = CARTESIAN_POINT('',(-4.446644918734,1.104407455171));
#7458 = CARTESIAN_POINT('',(-4.446597137066,1.12725333202));
#7459 = CARTESIAN_POINT('',(-4.446576566649,1.150230772561));
#7460 = CARTESIAN_POINT('',(-4.446585525027,1.173323613651));
#7461 = CARTESIAN_POINT('',(-4.446703824072,1.240859664379));
#7462 = CARTESIAN_POINT('',(-4.44689737674,1.28555864153));
#7463 = CARTESIAN_POINT('',(-4.447221626496,1.33041171437));
#7464 = CARTESIAN_POINT('',(-4.447688584796,1.375185348978));
#7465 = CARTESIAN_POINT('',(-4.448726752168,1.450374087144));
#7466 = CARTESIAN_POINT('',(-4.449222552361,1.481001120512));
#7467 = CARTESIAN_POINT('',(-4.44978980754,1.511339905955));
#7468 = CARTESIAN_POINT('',(-4.450427969223,1.54130021213));
#7469 = CARTESIAN_POINT('',(-4.451135053746,1.570796326795));
#7470 = ( GEOMETRIC_REPRESENTATION_CONTEXT(2) 
PARAMETRIC_REPRESENTATION_CONTEXT() REPRESENTATION_CONTEXT('2D SPACE',''
  ) );
#7471 = PCURVE('',#5028,#7472);
#7472 = DEFINITIONAL_REPRESENTATION('',(#7473),#7492);
#7473 = B_SPLINE_CURVE_WITH_KNOTS('',5,(#7474,#7475,#7476,#7477,#7478,
    #7479,#7480,#7481,#7482,#7483,#7484,#7485,#7486,#7487,#7488,#7489,
    #7490,#7491),.UNSPECIFIED.,.F.,.F.,(6,4,4,4,6),(0.,0.336146063603,
    0.492668767181,0.792092104074,1.),.UNSPECIFIED.);
#7474 = CARTESIAN_POINT('',(1.570796326795,0.504122760035));
#7475 = CARTESIAN_POINT('',(1.535205763251,0.443140155109));
#7476 = CARTESIAN_POINT('',(1.497702062623,0.385210150786));
#7477 = CARTESIAN_POINT('',(1.458283582777,0.33073855897));
#7478 = CARTESIAN_POINT('',(1.416964989379,0.280296822233));
#7479 = CARTESIAN_POINT('',(1.353731913185,0.213147353094));
#7480 = CARTESIAN_POINT('',(1.333247963809,0.192817805959));
#7481 = CARTESIAN_POINT('',(1.312378741873,0.17355352277));
#7482 = CARTESIAN_POINT('',(1.291137662266,0.15541678286));
#7483 = CARTESIAN_POINT('',(1.228237652715,0.106033068756));
#7484 = CARTESIAN_POINT('',(1.185631492642,7.792566827326E-02));
#7485 = CARTESIAN_POINT('',(1.141891147433,5.455790739946E-02));
#7486 = CARTESIAN_POINT('',(1.097213106112,3.619976835676E-02));
#7487 = CARTESIAN_POINT('',(1.020402090474,1.354400891987E-02));
#7488 = CARTESIAN_POINT('',(0.988602464103,6.662018367827E-03));
#7489 = CARTESIAN_POINT('',(0.956571341621,2.175067681946E-03));
#7490 = CARTESIAN_POINT('',(0.924386752563,1.182715653646E-16));
#7491 = CARTESIAN_POINT('',(0.892120128829,0.));
#7492 = ( GEOMETRIC_REPRESENTATION_CONTEXT(2) 
PARAMETRIC_REPRESENTATION_CONTEXT() REPRESENTATION_CONTEXT('2D SPACE',''
  ) );
#7493 = ORIENTED_EDGE('',*,*,#7071,.F.);
#7494 = ORIENTED_EDGE('',*,*,#7495,.F.);
#7495 = EDGE_CURVE('',#5243,#7044,#7496,.T.);
#7496 = SURFACE_CURVE('',#7497,(#7516,#7538),.PCURVE_S1.);
#7497 = B_SPLINE_CURVE_WITH_KNOTS('',5,(#7498,#7499,#7500,#7501,#7502,
    #7503,#7504,#7505,#7506,#7507,#7508,#7509,#7510,#7511,#7512,#7513,
    #7514,#7515),.UNSPECIFIED.,.F.,.F.,(6,4,4,4,6),(0.,0.336146063559,
    0.492668768314,0.792092105206,1.),.UNSPECIFIED.);
#7498 = CARTESIAN_POINT('',(-37.04293994002,9.839745962156,
    0.504122760035));
#7499 = CARTESIAN_POINT('',(-36.9812952757,9.804155398616,0.443140155117
    ));
#7500 = CARTESIAN_POINT('',(-36.91475348354,9.769394864172,
    0.385210150801));
#7501 = CARTESIAN_POINT('',(-36.84313475314,9.736141888647,
    0.330738558991));
#7502 = CARTESIAN_POINT('',(-36.76635961343,9.705219825467,
    0.280296822259));
#7503 = CARTESIAN_POINT('',(-36.64657959965,9.664643526081,
    0.213147352963));
#7504 = CARTESIAN_POINT('',(-36.60745391548,9.652454727475,
    0.192817805681));
#7505 = CARTESIAN_POINT('',(-36.56728124386,9.641060137195,
    0.173553522362));
#7506 = CARTESIAN_POINT('',(-36.52610192968,9.630555018608,
    0.155416782339));
#7507 = CARTESIAN_POINT('',(-36.40339878331,9.602813663688,
    0.106033068208));
#7508 = CARTESIAN_POINT('',(-36.31934398772,9.588183871965,
    7.792566779551E-02));
#7509 = CARTESIAN_POINT('',(-36.23230160494,9.5777998039,
    5.455790699555E-02));
#7510 = CARTESIAN_POINT('',(-36.14297002009,9.572243213613,
    3.61997680286E-02));
#7511 = CARTESIAN_POINT('',(-35.98934967307,9.571523922386,
    1.354400877E-02));
#7512 = CARTESIAN_POINT('',(-35.92573950582,9.573703221524,
    6.662018294526E-03));
#7513 = CARTESIAN_POINT('',(-35.86178430647,9.578459393156,
    2.175067658265E-03));
#7514 = CARTESIAN_POINT('',(-35.79778557473,9.585830033558,
    3.612232221488E-18));
#7515 = CARTESIAN_POINT('',(-35.73402675398,9.595797619044,0.));
#7516 = PCURVE('',#5094,#7517);
#7517 = DEFINITIONAL_REPRESENTATION('',(#7518),#7537);
#7518 = B_SPLINE_CURVE_WITH_KNOTS('',5,(#7519,#7520,#7521,#7522,#7523,
    #7524,#7525,#7526,#7527,#7528,#7529,#7530,#7531,#7532,#7533,#7534,
    #7535,#7536),.UNSPECIFIED.,.F.,.F.,(6,4,4,4,6),(0.,0.336146063559,
    0.492668768314,0.792092105206,1.),.UNSPECIFIED.);
#7519 = CARTESIAN_POINT('',(-2.881957601617,0.844951047514));
#7520 = CARTESIAN_POINT('',(-2.882442156601,0.890887741062));
#7521 = CARTESIAN_POINT('',(-2.882875150054,0.937497711872));
#7522 = CARTESIAN_POINT('',(-2.883238120175,0.98484819368));
#7523 = CARTESIAN_POINT('',(-2.883509130731,1.032945261717));
#7524 = CARTESIAN_POINT('',(-2.883737939642,1.10440745531));
#7525 = CARTESIAN_POINT('',(-2.883785721311,1.127253332332));
#7526 = CARTESIAN_POINT('',(-2.883806291727,1.150230773047));
#7527 = CARTESIAN_POINT('',(-2.883797333349,1.173323614313));
#7528 = CARTESIAN_POINT('',(-2.883679034301,1.240859665222));
#7529 = CARTESIAN_POINT('',(-2.883485481631,1.285558642377));
#7530 = CARTESIAN_POINT('',(-2.883161231873,1.330411715218));
#7531 = CARTESIAN_POINT('',(-2.882694273571,1.375185349823));
#7532 = CARTESIAN_POINT('',(-2.881656106198,1.450374087811));
#7533 = CARTESIAN_POINT('',(-2.881160306006,1.481001121008));
#7534 = CARTESIAN_POINT('',(-2.880593050829,1.511339906282));
#7535 = CARTESIAN_POINT('',(-2.879954889149,1.541300212291));
#7536 = CARTESIAN_POINT('',(-2.87924780463,1.570796326795));
#7537 = ( GEOMETRIC_REPRESENTATION_CONTEXT(2) 
PARAMETRIC_REPRESENTATION_CONTEXT() REPRESENTATION_CONTEXT('2D SPACE',''
  ) );
#7538 = PCURVE('',#5258,#7539);
#7539 = DEFINITIONAL_REPRESENTATION('',(#7540),#7559);
#7540 = B_SPLINE_CURVE_WITH_KNOTS('',5,(#7541,#7542,#7543,#7544,#7545,
    #7546,#7547,#7548,#7549,#7550,#7551,#7552,#7553,#7554,#7555,#7556,
    #7557,#7558),.UNSPECIFIED.,.F.,.F.,(6,4,4,4,6),(0.,0.336146063559,
    0.492668768314,0.792092105206,1.),.UNSPECIFIED.);
#7541 = CARTESIAN_POINT('',(-1.570796326795,0.504122760035));
#7542 = CARTESIAN_POINT('',(-1.535205763255,0.443140155117));
#7543 = CARTESIAN_POINT('',(-1.497702062632,0.385210150801));
#7544 = CARTESIAN_POINT('',(-1.458283582793,0.330738558991));
#7545 = CARTESIAN_POINT('',(-1.4169649894,0.280296822259));
#7546 = CARTESIAN_POINT('',(-1.353731913062,0.213147352963));
#7547 = CARTESIAN_POINT('',(-1.33324796353,0.192817805681));
#7548 = CARTESIAN_POINT('',(-1.312378741431,0.173553522362));
#7549 = CARTESIAN_POINT('',(-1.291137661658,0.155416782339));
#7550 = CARTESIAN_POINT('',(-1.228237651915,0.106033068208));
#7551 = CARTESIAN_POINT('',(-1.185631491824,7.792566779551E-02));
#7552 = CARTESIAN_POINT('',(-1.141891146599,5.455790699555E-02));
#7553 = CARTESIAN_POINT('',(-1.097213105265,3.61997680286E-02));
#7554 = CARTESIAN_POINT('',(-1.020402089781,1.354400877E-02));
#7555 = CARTESIAN_POINT('',(-0.98860246358,6.662018294526E-03));
#7556 = CARTESIAN_POINT('',(-0.956571341271,2.175067658265E-03));
#7557 = CARTESIAN_POINT('',(-0.924386752387,3.06631863763E-17));
#7558 = CARTESIAN_POINT('',(-0.892120128829,0.));
#7559 = ( GEOMETRIC_REPRESENTATION_CONTEXT(2) 
PARAMETRIC_REPRESENTATION_CONTEXT() REPRESENTATION_CONTEXT('2D SPACE',''
  ) );
#7560 = ADVANCED_FACE('',(#7561),#5028,.T.);
#7561 = FACE_BOUND('',#7562,.T.);
#7562 = EDGE_LOOP('',(#7563,#7564,#7565));
#7563 = ORIENTED_EDGE('',*,*,#7428,.T.);
#7564 = ORIENTED_EDGE('',*,*,#7095,.T.);
#7565 = ORIENTED_EDGE('',*,*,#5012,.T.);
#7566 = ADVANCED_FACE('',(#7567),#5258,.T.);
#7567 = FACE_BOUND('',#7568,.F.);
#7568 = EDGE_LOOP('',(#7569,#7570,#7571));
#7569 = ORIENTED_EDGE('',*,*,#7495,.T.);
#7570 = ORIENTED_EDGE('',*,*,#7043,.T.);
#7571 = ORIENTED_EDGE('',*,*,#5242,.T.);
#7572 = ADVANCED_FACE('',(#7573),#5677,.T.);
#7573 = FACE_BOUND('',#7574,.F.);
#7574 = EDGE_LOOP('',(#7575,#7576,#7577,#7578,#7644,#7645));
#7575 = ORIENTED_EDGE('',*,*,#5853,.F.);
#7576 = ORIENTED_EDGE('',*,*,#7251,.T.);
#7577 = ORIENTED_EDGE('',*,*,#5623,.T.);
#7578 = ORIENTED_EDGE('',*,*,#7579,.T.);
#7579 = EDGE_CURVE('',#5596,#6993,#7580,.T.);
#7580 = SURFACE_CURVE('',#7581,(#7600,#7622),.PCURVE_S1.);
#7581 = B_SPLINE_CURVE_WITH_KNOTS('',5,(#7582,#7583,#7584,#7585,#7586,
    #7587,#7588,#7589,#7590,#7591,#7592,#7593,#7594,#7595,#7596,#7597,
    #7598,#7599),.UNSPECIFIED.,.F.,.F.,(6,4,4,4,6),(0.,0.336146063688,
    0.492668765427,0.792092102321,1.),.UNSPECIFIED.);
#7582 = CARTESIAN_POINT('',(-27.04293994002,27.160254037844,
    0.504122760035));
#7583 = CARTESIAN_POINT('',(-26.98129527568,27.124663474291,
    0.443140155093));
#7584 = CARTESIAN_POINT('',(-26.9179208737,27.084416859077,
    0.385210150756));
#7585 = CARTESIAN_POINT('',(-26.85331358691,27.0390197069,0.330738558928
    ));
#7586 = CARTESIAN_POINT('',(-26.78814672478,26.987991517095,
    0.280296822181));
#7587 = CARTESIAN_POINT('',(-26.69311661239,26.904547132466,
    0.213147353289));
#7588 = CARTESIAN_POINT('',(-26.66299796165,26.876757695896,
    0.192817806383));
#7589 = CARTESIAN_POINT('',(-26.63304362176,26.847664437483,
    0.173553523398));
#7590 = CARTESIAN_POINT('',(-26.60335626566,26.817254665238,
    0.155416783663));
#7591 = CARTESIAN_POINT('',(-26.51797997486,26.724861301707,
    0.106033069604));
#7592 = CARTESIAN_POINT('',(-26.46328280571,26.659382609464,
    7.792566901304E-02));
#7593 = CARTESIAN_POINT('',(-26.41076874748,26.589193728981,
    5.455790802493E-02));
#7594 = CARTESIAN_POINT('',(-26.36129080658,26.51460860244,
    3.619976886492E-02));
#7595 = CARTESIAN_POINT('',(-26.28385770791,26.381929124484,
    1.354400915196E-02));
#7596 = CARTESIAN_POINT('',(-26.2539399522,26.325751453425,
    6.662018481322E-03));
#7597 = CARTESIAN_POINT('',(-26.22608131754,26.267986539511,
    2.175067718618E-03));
#7598 = CARTESIAN_POINT('',(-26.2004651131,26.208876691001,
    3.612232271609E-18));
#7599 = CARTESIAN_POINT('',(-26.17721788465,26.14867613894,0.));
#7600 = PCURVE('',#5677,#7601);
#7601 = DEFINITIONAL_REPRESENTATION('',(#7602),#7621);
#7602 = B_SPLINE_CURVE_WITH_KNOTS('',5,(#7603,#7604,#7605,#7606,#7607,
    #7608,#7609,#7610,#7611,#7612,#7613,#7614,#7615,#7616,#7617,#7618,
    #7619,#7620),.UNSPECIFIED.,.F.,.F.,(6,4,4,4,6),(0.,0.336146063688,
    0.492668765427,0.792092102321,1.),.UNSPECIFIED.);
#7603 = CARTESIAN_POINT('',(-2.354030154366,0.844951047514));
#7604 = CARTESIAN_POINT('',(-2.353545599382,0.890887741079));
#7605 = CARTESIAN_POINT('',(-2.353112605928,0.937497711908));
#7606 = CARTESIAN_POINT('',(-2.352749635808,0.984848193734));
#7607 = CARTESIAN_POINT('',(-2.352478625251,1.032945261791));
#7608 = CARTESIAN_POINT('',(-2.352249816342,1.104407454967));
#7609 = CARTESIAN_POINT('',(-2.352202034674,1.127253331546));
#7610 = CARTESIAN_POINT('',(-2.352181464257,1.150230771814));
#7611 = CARTESIAN_POINT('',(-2.352190422633,1.173323612628));
#7612 = CARTESIAN_POINT('',(-2.352308721674,1.240859663072));
#7613 = CARTESIAN_POINT('',(-2.352502274338,1.285558640218));
#7614 = CARTESIAN_POINT('',(-2.352826524091,1.330411713058));
#7615 = CARTESIAN_POINT('',(-2.353293482388,1.37518534767));
#7616 = CARTESIAN_POINT('',(-2.354331649758,1.450374086111));
#7617 = CARTESIAN_POINT('',(-2.354827449953,1.481001119745));
#7618 = CARTESIAN_POINT('',(-2.355394705136,1.51133990545));
#7619 = CARTESIAN_POINT('',(-2.356032866824,1.541300211881));
#7620 = CARTESIAN_POINT('',(-2.356739951353,1.570796326795));
#7621 = ( GEOMETRIC_REPRESENTATION_CONTEXT(2) 
PARAMETRIC_REPRESENTATION_CONTEXT() REPRESENTATION_CONTEXT('2D SPACE',''
  ) );
#7622 = PCURVE('',#5611,#7623);
#7623 = DEFINITIONAL_REPRESENTATION('',(#7624),#7643);
#7624 = B_SPLINE_CURVE_WITH_KNOTS('',5,(#7625,#7626,#7627,#7628,#7629,
    #7630,#7631,#7632,#7633,#7634,#7635,#7636,#7637,#7638,#7639,#7640,
    #7641,#7642),.UNSPECIFIED.,.F.,.F.,(6,4,4,4,6),(0.,0.336146063688,
    0.492668765427,0.792092102321,1.),.UNSPECIFIED.);
#7625 = CARTESIAN_POINT('',(1.570796326795,0.504122760035));
#7626 = CARTESIAN_POINT('',(1.535205763242,0.443140155093));
#7627 = CARTESIAN_POINT('',(1.497702062604,0.385210150756));
#7628 = CARTESIAN_POINT('',(1.458283582747,0.330738558928));
#7629 = CARTESIAN_POINT('',(1.416964989337,0.280296822181));
#7630 = CARTESIAN_POINT('',(1.353731913365,0.213147353289));
#7631 = CARTESIAN_POINT('',(1.333247964234,0.192817806383));
#7632 = CARTESIAN_POINT('',(1.312378742551,0.173553523398));
#7633 = CARTESIAN_POINT('',(1.291137663207,0.155416783663));
#7634 = CARTESIAN_POINT('',(1.228237653955,0.106033069604));
#7635 = CARTESIAN_POINT('',(1.18563149391,7.792566901304E-02));
#7636 = CARTESIAN_POINT('',(1.141891148725,5.455790802493E-02));
#7637 = CARTESIAN_POINT('',(1.097213107423,3.619976886492E-02));
#7638 = CARTESIAN_POINT('',(1.020402091546,1.354400915196E-02));
#7639 = CARTESIAN_POINT('',(0.988602464914,6.662018481322E-03));
#7640 = CARTESIAN_POINT('',(0.956571342164,2.175067718618E-03));
#7641 = CARTESIAN_POINT('',(0.924386752835,4.313927836335E-17));
#7642 = CARTESIAN_POINT('',(0.892120128828,0.));
#7643 = ( GEOMETRIC_REPRESENTATION_CONTEXT(2) 
PARAMETRIC_REPRESENTATION_CONTEXT() REPRESENTATION_CONTEXT('2D SPACE',''
  ) );
#7644 = ORIENTED_EDGE('',*,*,#6992,.F.);
#7645 = ORIENTED_EDGE('',*,*,#7646,.F.);
#7646 = EDGE_CURVE('',#5826,#6965,#7647,.T.);
#7647 = SURFACE_CURVE('',#7648,(#7667,#7689),.PCURVE_S1.);
#7648 = B_SPLINE_CURVE_WITH_KNOTS('',5,(#7649,#7650,#7651,#7652,#7653,
    #7654,#7655,#7656,#7657,#7658,#7659,#7660,#7661,#7662,#7663,#7664,
    #7665,#7666),.UNSPECIFIED.,.F.,.F.,(6,4,4,4,6),(0.,0.336146063568,
    0.492668768085,0.792092104978,1.),.UNSPECIFIED.);
#7649 = CARTESIAN_POINT('',(27.042939940024,27.160254037844,
    0.504122760035));
#7650 = CARTESIAN_POINT('',(26.981295275702,27.124663474304,
    0.443140155115));
#7651 = CARTESIAN_POINT('',(26.917920873746,27.084416859106,
    0.385210150798));
#7652 = CARTESIAN_POINT('',(26.853313586985,27.039019706948,
    0.330738558987));
#7653 = CARTESIAN_POINT('',(26.788146724877,26.987991517168,
    0.280296822254));
#7654 = CARTESIAN_POINT('',(26.693116611971,26.904547132102,
    0.213147352989));
#7655 = CARTESIAN_POINT('',(26.6629979607,26.876757695019,0.192817805737
    ));
#7656 = CARTESIAN_POINT('',(26.633043620287,26.847664436048,
    0.173553522444));
#7657 = CARTESIAN_POINT('',(26.603356263671,26.817254663197,
    0.155416782444));
#7658 = CARTESIAN_POINT('',(26.517979972426,26.724861298844,
    0.106033068318));
#7659 = CARTESIAN_POINT('',(26.463282803343,26.659382606433,
    7.792566789187E-02));
#7660 = CARTESIAN_POINT('',(26.410768745209,26.589193725788,
    5.4557907077E-02));
#7661 = CARTESIAN_POINT('',(26.361290804423,26.514608599098,
    3.619976809478E-02));
#7662 = CARTESIAN_POINT('',(26.283857706383,26.381929121613,
    1.354400880023E-02));
#7663 = CARTESIAN_POINT('',(26.253939951134,26.325751451211,
    6.662018309308E-03));
#7664 = CARTESIAN_POINT('',(26.226081316886,26.267986538,
    2.175067663041E-03));
#7665 = CARTESIAN_POINT('',(26.200465112811,26.208876690232,
    3.612232225454E-18));
#7666 = CARTESIAN_POINT('',(26.177217884658,26.14867613894,0.));
#7667 = PCURVE('',#5677,#7668);
#7668 = DEFINITIONAL_REPRESENTATION('',(#7669),#7688);
#7669 = B_SPLINE_CURVE_WITH_KNOTS('',5,(#7670,#7671,#7672,#7673,#7674,
    #7675,#7676,#7677,#7678,#7679,#7680,#7681,#7682,#7683,#7684,#7685,
    #7686,#7687),.UNSPECIFIED.,.F.,.F.,(6,4,4,4,6),(0.,0.336146063568,
    0.492668768085,0.792092104978,1.),.UNSPECIFIED.);
#7670 = CARTESIAN_POINT('',(-0.787562499224,0.844951047514));
#7671 = CARTESIAN_POINT('',(-0.788047054208,0.890887741063));
#7672 = CARTESIAN_POINT('',(-0.788480047661,0.937497711875));
#7673 = CARTESIAN_POINT('',(-0.788843017782,0.984848193683));
#7674 = CARTESIAN_POINT('',(-0.789114028338,1.032945261722));
#7675 = CARTESIAN_POINT('',(-0.789342837249,1.104407455282));
#7676 = CARTESIAN_POINT('',(-0.789390618918,1.127253332269));
#7677 = CARTESIAN_POINT('',(-0.789411189334,1.150230772949));
#7678 = CARTESIAN_POINT('',(-0.789402230956,1.173323614179));
#7679 = CARTESIAN_POINT('',(-0.789283931908,1.240859665052));
#7680 = CARTESIAN_POINT('',(-0.789090379239,1.285558642206));
#7681 = CARTESIAN_POINT('',(-0.788766129482,1.330411715047));
#7682 = CARTESIAN_POINT('',(-0.78829917118,1.375185349653));
#7683 = CARTESIAN_POINT('',(-0.787261003807,1.450374087676));
#7684 = CARTESIAN_POINT('',(-0.786765203615,1.481001120908));
#7685 = CARTESIAN_POINT('',(-0.786197948437,1.511339906216));
#7686 = CARTESIAN_POINT('',(-0.785559786757,1.541300212258));
#7687 = CARTESIAN_POINT('',(-0.784852702237,1.570796326795));
#7688 = ( GEOMETRIC_REPRESENTATION_CONTEXT(2) 
PARAMETRIC_REPRESENTATION_CONTEXT() REPRESENTATION_CONTEXT('2D SPACE',''
  ) );
#7689 = PCURVE('',#5841,#7690);
#7690 = DEFINITIONAL_REPRESENTATION('',(#7691),#7710);
#7691 = B_SPLINE_CURVE_WITH_KNOTS('',5,(#7692,#7693,#7694,#7695,#7696,
    #7697,#7698,#7699,#7700,#7701,#7702,#7703,#7704,#7705,#7706,#7707,
    #7708,#7709),.UNSPECIFIED.,.F.,.F.,(6,4,4,4,6),(0.,0.336146063568,
    0.492668768085,0.792092104978,1.),.UNSPECIFIED.);
#7692 = CARTESIAN_POINT('',(-1.570796326795,0.504122760035));
#7693 = CARTESIAN_POINT('',(-1.535205763254,0.443140155115));
#7694 = CARTESIAN_POINT('',(-1.49770206263,0.385210150798));
#7695 = CARTESIAN_POINT('',(-1.45828358279,0.330738558987));
#7696 = CARTESIAN_POINT('',(-1.416964989396,0.280296822254));
#7697 = CARTESIAN_POINT('',(-1.353731913087,0.213147352989));
#7698 = CARTESIAN_POINT('',(-1.333247963586,0.192817805737));
#7699 = CARTESIAN_POINT('',(-1.312378741521,0.173553522444));
#7700 = CARTESIAN_POINT('',(-1.29113766178,0.155416782444));
#7701 = CARTESIAN_POINT('',(-1.228237652076,0.106033068318));
#7702 = CARTESIAN_POINT('',(-1.185631491989,7.792566789187E-02));
#7703 = CARTESIAN_POINT('',(-1.141891146767,5.4557907077E-02));
#7704 = CARTESIAN_POINT('',(-1.097213105436,3.619976809478E-02));
#7705 = CARTESIAN_POINT('',(-1.020402089921,1.354400880023E-02));
#7706 = CARTESIAN_POINT('',(-0.988602463686,6.662018309308E-03));
#7707 = CARTESIAN_POINT('',(-0.956571341342,2.175067663041E-03));
#7708 = CARTESIAN_POINT('',(-0.924386752423,1.477754702001E-17));
#7709 = CARTESIAN_POINT('',(-0.892120128829,0.));
#7710 = ( GEOMETRIC_REPRESENTATION_CONTEXT(2) 
PARAMETRIC_REPRESENTATION_CONTEXT() REPRESENTATION_CONTEXT('2D SPACE',''
  ) );
#7711 = ADVANCED_FACE('',(#7712),#5611,.T.);
#7712 = FACE_BOUND('',#7713,.T.);
#7713 = EDGE_LOOP('',(#7714,#7715,#7716));
#7714 = ORIENTED_EDGE('',*,*,#7579,.T.);
#7715 = ORIENTED_EDGE('',*,*,#7016,.T.);
#7716 = ORIENTED_EDGE('',*,*,#5595,.T.);
#7717 = ADVANCED_FACE('',(#7718),#5841,.T.);
#7718 = FACE_BOUND('',#7719,.F.);
#7719 = EDGE_LOOP('',(#7720,#7721,#7722));
#7720 = ORIENTED_EDGE('',*,*,#7646,.T.);
#7721 = ORIENTED_EDGE('',*,*,#6964,.T.);
#7722 = ORIENTED_EDGE('',*,*,#5825,.T.);
#7723 = ADVANCED_FACE('',(#7724),#6194,.T.);
#7724 = FACE_BOUND('',#7725,.T.);
#7725 = EDGE_LOOP('',(#7726,#7727,#7728));
#7726 = ORIENTED_EDGE('',*,*,#7283,.T.);
#7727 = ORIENTED_EDGE('',*,*,#6937,.T.);
#7728 = ORIENTED_EDGE('',*,*,#6178,.T.);
#7729 = ADVANCED_FACE('',(#7730),#6574,.F.);
#7730 = FACE_BOUND('',#7731,.F.);
#7731 = EDGE_LOOP('',(#7732,#7733,#7752,#7753,#7754,#7755,#7774,#7775));
#7732 = ORIENTED_EDGE('',*,*,#6717,.F.);
#7733 = ORIENTED_EDGE('',*,*,#7734,.F.);
#7734 = EDGE_CURVE('',#6741,#6718,#7735,.T.);
#7735 = SURFACE_CURVE('',#7736,(#7740,#7746),.PCURVE_S1.);
#7736 = LINE('',#7737,#7738);
#7737 = CARTESIAN_POINT('',(46.8,-25.,28.));
#7738 = VECTOR('',#7739,1.);
#7739 = DIRECTION('',(1.,1.224646799147E-16,-0.));
#7740 = PCURVE('',#6574,#7741);
#7741 = DEFINITIONAL_REPRESENTATION('',(#7742),#7745);
#7742 = B_SPLINE_CURVE_WITH_KNOTS('',1,(#7743,#7744),.UNSPECIFIED.,.F.,
  .F.,(2,2),(-65.46654761866,-28.13345238133),.PIECEWISE_BEZIER_KNOTS.);
#7743 = CARTESIAN_POINT('',(26.,112.26654761866));
#7744 = CARTESIAN_POINT('',(26.,74.933452381332));
#7745 = ( GEOMETRIC_REPRESENTATION_CONTEXT(2) 
PARAMETRIC_REPRESENTATION_CONTEXT() REPRESENTATION_CONTEXT('2D SPACE',''
  ) );
#7746 = PCURVE('',#6757,#7747);
#7747 = DEFINITIONAL_REPRESENTATION('',(#7748),#7751);
#7748 = B_SPLINE_CURVE_WITH_KNOTS('',1,(#7749,#7750),.UNSPECIFIED.,.F.,
  .F.,(2,2),(-65.46654761866,-28.13345238133),.PIECEWISE_BEZIER_KNOTS.);
#7749 = CARTESIAN_POINT('',(-18.66654761866,-25.));
#7750 = CARTESIAN_POINT('',(18.666547618668,-25.));
#7751 = ( GEOMETRIC_REPRESENTATION_CONTEXT(2) 
PARAMETRIC_REPRESENTATION_CONTEXT() REPRESENTATION_CONTEXT('2D SPACE',''
  ) );
#7752 = ORIENTED_EDGE('',*,*,#6773,.T.);
#7753 = ORIENTED_EDGE('',*,*,#6855,.T.);
#7754 = ORIENTED_EDGE('',*,*,#6559,.F.);
#7755 = ORIENTED_EDGE('',*,*,#7756,.F.);
#7756 = EDGE_CURVE('',#6586,#6560,#7757,.T.);
#7757 = SURFACE_CURVE('',#7758,(#7762,#7768),.PCURVE_S1.);
#7758 = LINE('',#7759,#7760);
#7759 = CARTESIAN_POINT('',(46.8,-25.,3.1));
#7760 = VECTOR('',#7761,1.);
#7761 = DIRECTION('',(-1.,-1.224646799147E-16,0.));
#7762 = PCURVE('',#6574,#7763);
#7763 = DEFINITIONAL_REPRESENTATION('',(#7764),#7767);
#7764 = B_SPLINE_CURVE_WITH_KNOTS('',1,(#7765,#7766),.UNSPECIFIED.,.F.,
  .F.,(2,2),(28.133452381332,65.466547618668),.PIECEWISE_BEZIER_KNOTS.);
#7765 = CARTESIAN_POINT('',(1.1,74.933452381332));
#7766 = CARTESIAN_POINT('',(1.1,112.26654761866));
#7767 = ( GEOMETRIC_REPRESENTATION_CONTEXT(2) 
PARAMETRIC_REPRESENTATION_CONTEXT() REPRESENTATION_CONTEXT('2D SPACE',''
  ) );
#7768 = PCURVE('',#6602,#7769);
#7769 = DEFINITIONAL_REPRESENTATION('',(#7770),#7773);
#7770 = B_SPLINE_CURVE_WITH_KNOTS('',1,(#7771,#7772),.UNSPECIFIED.,.F.,
  .F.,(2,2),(28.133452381332,65.466547618668),.PIECEWISE_BEZIER_KNOTS.);
#7771 = CARTESIAN_POINT('',(18.666547618668,-25.));
#7772 = CARTESIAN_POINT('',(-18.66654761866,-25.));
#7773 = ( GEOMETRIC_REPRESENTATION_CONTEXT(2) 
PARAMETRIC_REPRESENTATION_CONTEXT() REPRESENTATION_CONTEXT('2D SPACE',''
  ) );
#7774 = ORIENTED_EDGE('',*,*,#6614,.T.);
#7775 = ORIENTED_EDGE('',*,*,#6827,.T.);
#7776 = ADVANCED_FACE('',(#7777),#6602,.F.);
#7777 = FACE_BOUND('',#7778,.F.);
#7778 = EDGE_LOOP('',(#7779,#7780));
#7779 = ORIENTED_EDGE('',*,*,#7756,.T.);
#7780 = ORIENTED_EDGE('',*,*,#6585,.T.);
#7781 = ADVANCED_FACE('',(#7782,#7808),#6757,.T.);
#7782 = FACE_BOUND('',#7783,.T.);
#7783 = EDGE_LOOP('',(#7784));
#7784 = ORIENTED_EDGE('',*,*,#7785,.T.);
#7785 = EDGE_CURVE('',#7786,#7786,#7788,.T.);
#7786 = VERTEX_POINT('',#7787);
#7787 = CARTESIAN_POINT('',(37.,0.,28.));
#7788 = SURFACE_CURVE('',#7789,(#7794,#7801),.PCURVE_S1.);
#7789 = CIRCLE('',#7790,37.);
#7790 = AXIS2_PLACEMENT_3D('',#7791,#7792,#7793);
#7791 = CARTESIAN_POINT('',(0.,0.,28.));
#7792 = DIRECTION('',(0.,0.,1.));
#7793 = DIRECTION('',(1.,0.,-0.));
#7794 = PCURVE('',#6757,#7795);
#7795 = DEFINITIONAL_REPRESENTATION('',(#7796),#7800);
#7796 = CIRCLE('',#7797,37.);
#7797 = AXIS2_PLACEMENT_2D('',#7798,#7799);
#7798 = CARTESIAN_POINT('',(5.610010800162E-15,-6.519634811731E-16));
#7799 = DIRECTION('',(1.,0.));
#7800 = ( GEOMETRIC_REPRESENTATION_CONTEXT(2) 
PARAMETRIC_REPRESENTATION_CONTEXT() REPRESENTATION_CONTEXT('2D SPACE',''
  ) );
#7801 = PCURVE('',#7189,#7802);
#7802 = DEFINITIONAL_REPRESENTATION('',(#7803),#7807);
#7803 = LINE('',#7804,#7805);
#7804 = CARTESIAN_POINT('',(0.,1.570796326795));
#7805 = VECTOR('',#7806,1.);
#7806 = DIRECTION('',(1.,0.));
#7807 = ( GEOMETRIC_REPRESENTATION_CONTEXT(2) 
PARAMETRIC_REPRESENTATION_CONTEXT() REPRESENTATION_CONTEXT('2D SPACE',''
  ) );
#7808 = FACE_BOUND('',#7809,.T.);
#7809 = EDGE_LOOP('',(#7810,#7811));
#7810 = ORIENTED_EDGE('',*,*,#7734,.F.);
#7811 = ORIENTED_EDGE('',*,*,#6740,.T.);
#7812 = ADVANCED_FACE('',(#7813),#7189,.T.);
#7813 = FACE_BOUND('',#7814,.T.);
#7814 = EDGE_LOOP('',(#7815,#7835,#7836,#7837));
#7815 = ORIENTED_EDGE('',*,*,#7816,.F.);
#7816 = EDGE_CURVE('',#7152,#7786,#7817,.T.);
#7817 = SEAM_CURVE('',#7818,(#7823,#7829),.PCURVE_S1.);
#7818 = CIRCLE('',#7819,2.);
#7819 = AXIS2_PLACEMENT_3D('',#7820,#7821,#7822);
#7820 = CARTESIAN_POINT('',(37.,0.,26.));
#7821 = DIRECTION('',(0.,-1.,0.));
#7822 = DIRECTION('',(1.,0.,0.));
#7823 = PCURVE('',#7189,#7824);
#7824 = DEFINITIONAL_REPRESENTATION('',(#7825),#7828);
#7825 = B_SPLINE_CURVE_WITH_KNOTS('',1,(#7826,#7827),.UNSPECIFIED.,.F.,
  .F.,(2,2),(0.,1.570796326795),.PIECEWISE_BEZIER_KNOTS.);
#7826 = CARTESIAN_POINT('',(0.,0.));
#7827 = CARTESIAN_POINT('',(0.,1.570796326795));
#7828 = ( GEOMETRIC_REPRESENTATION_CONTEXT(2) 
PARAMETRIC_REPRESENTATION_CONTEXT() REPRESENTATION_CONTEXT('2D SPACE',''
  ) );
#7829 = PCURVE('',#7189,#7830);
#7830 = DEFINITIONAL_REPRESENTATION('',(#7831),#7834);
#7831 = B_SPLINE_CURVE_WITH_KNOTS('',1,(#7832,#7833),.UNSPECIFIED.,.F.,
  .F.,(2,2),(0.,1.570796326795),.PIECEWISE_BEZIER_KNOTS.);
#7832 = CARTESIAN_POINT('',(6.28318530718,0.));
#7833 = CARTESIAN_POINT('',(6.28318530718,1.570796326795));
#7834 = ( GEOMETRIC_REPRESENTATION_CONTEXT(2) 
PARAMETRIC_REPRESENTATION_CONTEXT() REPRESENTATION_CONTEXT('2D SPACE',''
  ) );
#7835 = ORIENTED_EDGE('',*,*,#7174,.T.);
#7836 = ORIENTED_EDGE('',*,*,#7816,.T.);
#7837 = ORIENTED_EDGE('',*,*,#7785,.F.);
#7838 = ( GEOMETRIC_REPRESENTATION_CONTEXT(3) 
GLOBAL_UNCERTAINTY_ASSIGNED_CONTEXT((#7842)) 
GLOBAL_UNIT_ASSIGNED_CONTEXT((#7839,#7840,#7841)) REPRESENTATION_CONTEXT
('Context #1','3D Context with UNIT and UNCERTAINTY') );
#7839 = ( LENGTH_UNIT() NAMED_UNIT(*) SI_UNIT(.MILLI.,.METRE.) );
#7840 = ( NAMED_UNIT(*) PLANE_ANGLE_UNIT() SI_UNIT($,.RADIAN.) );
#7841 = ( NAMED_UNIT(*) SI_UNIT($,.STERADIAN.) SOLID_ANGLE_UNIT() );
#7842 = UNCERTAINTY_MEASURE_WITH_UNIT(LENGTH_MEASURE(5.E-07),#7839,
  'distance_accuracy_value','confusion accuracy');
#7843 = PRODUCT_RELATED_PRODUCT_CATEGORY('part',$,(#7));
ENDSEC;
END-ISO-10303-21;
